Transcript_change_NM_000546_5,Protein_change_NP_000537_3,Protein_change_abbreviated_NP_000537_3,Protein_change_abbreviated_P04637,Codon,Align_GVGD_LR,BayesDel_LR,Giacomelli_LOF_LR,SGR_LR,Personal_and_Family_History_LR_Combined,Breast_Tumor_Pathology_LR,Population_Allele_Frequency_LR,BS2_LR,Combined_LR,Splicing_prediction,Posterior_probability_of_pathogenicity,Classification_by_multifactorial_model,Comments,Previous_classification_by_quantitative_model_(PMID:_30840781),ClinVar__March_2021
c.4G>C,p.Glu2Gln,p.E2Q,E2Q,2,0.31,0.22,0.25,1,1,1,1.87,1,0.032,None,0.031,Model_not_applied,,Unclassified,NA
c.4G>A,p.Glu2Lys,p.E2K,E2K,2,0.77,0.45,0.11,1,1,1,1.87,0.66,0.045,None,0.043,Model_not_applied,,Unclassified,Uncertain_significance_Last_reviewed_Jul_28_2019
c.5A>T,p.Glu2Val,p.E2V,E2V,2,0.75,0.32,0.14,1,1,1,1.87,1,0.061,None,0.057,Model_not_applied,,Unclassified,NA
c.5A>G,p.Glu2Gly,p.E2G,E2G,2,0.64,0.25,26.63,1,1,1,1.87,1,8.054,None,0.890,VUS,,Unclassified,Uncertain_significance_Last_reviewed_Nov_15_2019
c.5A>C,p.Glu2Ala,p.E2A,E2A,2,0.29,0.25,1.57,1,1,1,1.87,1,0.218,None,0.179,Model_not_applied,,Unclassified,NA
c.6G>T,p.Glu2Asp,p.E2D,E2D,2,0.72,0.20,0.20,1,1,1,1.87,1,0.054,None,0.051,Model_not_applied,,Unclassified,NA
c.6G>C,p.Glu2Asp,p.E2D,E2D,2,0.72,0.20,0.20,1,1,1,1.87,1,0.054,None,0.051,Model_not_applied,,Unclassified,NA
c.7G>C,p.Glu3Gln,p.E3Q,E3Q,3,1.15,0.27,0.19,1,1,1,1.87,1,0.109,None,0.098,Model_not_applied,,Unclassified,Uncertain_significance_Last_reviewed_Mar_28_2019
c.7G>A,p.Glu3Lys,p.E3K,E3K,3,2.81,0.75,0.13,1,1,1,1.87,1,0.498,None,0.332,Model_not_applied,,Unclassified,Uncertain_significance_Last_reviewed_Dec_28_2019
c.8A>T,p.Glu3Val,p.E3V,E3V,3,2.67,0.28,1.17,1,1,1,1.87,1,1.649,None,0.622,Model_not_applied,,Unclassified,NA
c.8A>G,p.Glu3Gly,p.E3G,E3G,3,1.07,0.22,37.90,1,1,1,1.87,1,16.595,None,0.943,VUS,,Unclassified,Uncertain_significance_Last_reviewed_Jun_21_2017
c.8A>C,p.Glu3Ala,p.E3A,E3A,3,1.07,0.23,0.75,1,1,1,1.87,1,0.339,None,0.253,Model_not_applied,,Unclassified,NA
c.9G>T,p.Glu3Asp,p.E3D,E3D,3,1.07,0.10,0.17,1,1,1,1.87,1,0.033,None,0.032,Model_not_applied,,Unclassified,NA
c.9G>C,p.Glu3Asp,p.E3D,E3D,3,1.07,0.10,0.17,1,1,1,1.87,1,0.033,None,0.032,Model_not_applied,,Unclassified,NA
c.10C>T,p.Pro4Ser,p.P4S,P4S,4,0.65,0.07,0.15,1,1,1,1.87,1,0.012,None,0.012,Model_not_applied,,Unclassified,NA
c.10C>G,p.Pro4Ala,p.P4A,P4A,4,0.65,0.07,30.87,1,1,1,1.87,1,2.522,None,0.716,VUS,,Unclassified,NA
c.10C>A,p.Pro4Thr,p.P4T,P4T,4,1.44,0.08,0.11,1,1,1,1.87,1,0.024,None,0.023,Model_not_applied,,Unclassified,NA
c.11C>T,p.Pro4Leu,p.P4L,P4L,4,3.14,0.17,0.10,1,2.43,1,1.87,1,0.249,None,0.200,Model_not_applied,,Unclassified,Uncertain_significance_Last_reviewed_Apr_27_2020
c.11C>G,p.Pro4Arg,p.P4R,P4R,4,3.15,0.17,0.08,1,1,1,1.87,1,0.084,None,0.078,Model_not_applied,,Unclassified,Uncertain_significance_Last_reviewed_Sep_8_2019
c.11C>A,p.Pro4Gln,p.P4Q,P4Q,4,2.41,0.17,0.05,1,1,1,1.87,1,0.040,None,0.039,Model_not_applied,,Unclassified,NA
c.13C>G,p.Gln5Glu,p.Q5E,Q5E,5,3.32,0.18,0.22,1,1,1,1.87,1,0.243,None,0.195,Model_not_applied,,Unclassified,NA
c.13C>A,p.Gln5Lys,p.Q5K,Q5K,5,2.35,0.20,0.04,1,1,1,1.87,1,0.033,None,0.032,Model_not_applied,,Unclassified,NA
c.14A>T,p.Gln5Leu,p.Q5L,Q5L,5,1.49,0.14,0.05,1,1,1,1.87,1,0.018,None,0.018,Model_not_applied,,Unclassified,NA
c.14A>G,p.Gln5Arg,p.Q5R,Q5R,5,2.21,0.14,0.49,1,1,1,1.00,1,0.150,None,0.130,Model_not_applied,,Unclassified,Uncertain_significance_Last_reviewed_Mar_10_2019
c.14A>C,p.Gln5Pro,p.Q5P,Q5P,5,1.49,0.14,0.29,1,1,1,1.87,1,0.113,None,0.101,Model_not_applied,,Unclassified,NA
c.15G>T,p.Gln5His,p.Q5H,Q5H,5,1.49,0.13,0.07,1,1,1,1.87,1,0.024,None,0.023,Model_not_applied,,Unclassified,NA
c.15G>C,p.Gln5His,p.Q5H,Q5H,5,1.49,0.13,0.07,1,1,1,1.87,1,0.024,None,0.023,Model_not_applied,,Unclassified,NA
c.16T>G,p.Ser6Ala,p.S6A,S6A,6,0.29,0.10,5.95,1,1,1,1.87,1,0.319,None,0.242,Model_not_applied,,Unclassified,NA
c.16T>C,p.Ser6Pro,p.S6P,S6P,6,0.31,0.28,0.09,1,1,1,1.00,1,0.008,None,0.008,Model_not_applied,,Unclassified,NA
c.16T>A,p.Ser6Thr,p.S6T,S6T,6,0.34,0.13,0.12,1,1,1,1.87,1,0.010,None,0.010,Model_not_applied,,Unclassified,NA
c.17C>T,p.Ser6Leu,p.S6L,S6L,6,1.32,0.18,0.28,1,1,1,1.87,1,0.126,None,0.112,Model_not_applied,,Unclassified,NA
c.19G>T,p.Asp7Tyr,p.D7Y,D7Y,7,1.84,0.61,0.16,1,1,1,1.87,1,0.330,None,0.248,Model_not_applied,,Unclassified,NA
c.19G>C,p.Asp7His,p.D7H,D7H,7,1.20,0.26,0.06,1,7.26,1,1.00,1,0.131,None,0.115,Model_not_applied,,Unclassified,Uncertain_significance_Last_reviewed_Sep_23_2018
c.19G>A,p.Asp7Asn,p.D7N,D7N,7,0.60,0.10,0.21,1,1,1,1.87,1,0.025,None,0.024,Model_not_applied,,Unclassified,NA
c.20A>T,p.Asp7Val,p.D7V,D7V,7,1.86,0.56,0.15,1,1,1,1.87,1,0.298,None,0.230,Model_not_applied,,Unclassified,NA
c.20A>G,p.Asp7Gly,p.D7G,D7G,7,1.89,0.27,0.33,1,1,1,1.87,1,0.311,None,0.237,Model_not_applied,,Unclassified,NA
c.20A>C,p.Asp7Ala,p.D7A,D7A,7,2.05,0.21,0.05,1,1,1,1.87,1,0.036,None,0.034,Model_not_applied,,Unclassified,NA
c.21T>G,p.Asp7Glu,p.D7E,D7E,7,0.42,0.07,0.08,1,1,1,1.87,1,0.004,None,0.004,Model_not_applied,,Unclassified,Likely_benign_Last_reviewed_Aug_14_2017
c.21T>A,p.Asp7Glu,p.D7E,D7E,7,0.42,0.07,0.08,1,1,1,1.87,1,0.004,None,0.004,Model_not_applied,,Unclassified,Likely_benign_Last_reviewed_Aug_28_2019
c.22C>T,p.Pro8Ser,p.P8S,P8S,8,1.27,0.07,52.83,1,1,1,1.87,1,8.856,None,0.899,VUS,,Unclassified,NA
c.22C>G,p.Pro8Ala,p.P8A,P8A,8,1.27,0.06,0.31,1,1,1,1.87,1,0.044,None,0.043,Model_not_applied,,Unclassified,NA
c.22C>A,p.Pro8Thr,p.P8T,P8T,8,1.27,0.07,0.12,1,1,1,1.87,1,0.020,None,0.020,Model_not_applied,,Unclassified,Uncertain_significance_Last_reviewed_Oct_29_2019
c.23C>T,p.Pro8Leu,p.P8L,P8L,8,1.27,0.05,0.40,1,1,1,1.87,1,0.051,None,0.049,Model_not_applied,,Unclassified,Likely_benign_Last_reviewed_May_15_2015
c.23C>G,p.Pro8Arg,p.P8R,P8R,8,2.57,0.07,0.06,1,1,1,1.87,1,0.020,None,0.019,Model_not_applied,,Unclassified,NA
c.23C>A,p.Pro8His,p.P8H,P8H,8,2.25,0.07,0.09,1,1,1,1.87,1,0.029,None,0.028,Model_not_applied,,Unclassified,NA
c.25A>T,p.Ser9Cys,p.S9C,S9C,9,1.00,0.08,0.31,1,1,1,1.87,1,0.045,None,0.043,Model_not_applied,,Unclassified,NA
c.25A>G,p.Ser9Gly,p.S9G,S9G,9,1.00,0.06,0.22,1,1,1,1.87,1,0.023,None,0.023,Model_not_applied,,Unclassified,NA
c.25A>C,p.Ser9Arg,p.S9R,S9R,9,1.00,0.10,0.09,1,1,1,1.87,1,0.018,None,0.017,Model_not_applied,,Unclassified,Uncertain_significance_Last_reviewed_Oct_31_2017
c.26G>T,p.Ser9Ile,p.S9I,S9I,9,1.00,0.08,0.12,1,1,1,1.87,1,0.019,None,0.019,Model_not_applied,,Unclassified,NA
c.26G>C,p.Ser9Thr,p.S9T,S9T,9,1.00,0.04,0.59,1,1,1,1.87,1,0.049,None,0.046,Model_not_applied,,Unclassified,NA
c.26G>A,p.Ser9Asn,p.S9N,S9N,9,1.00,0.04,0.07,1,1,1,1.87,1,0.005,None,0.004,Model_not_applied,,Unclassified,Uncertain_significance_Last_reviewed_Oct_24_2019
c.27C>G,p.Ser9Arg,p.S9R,S9R,9,1.00,0.10,0.09,1,1,1,1.00,1,0.009,None,0.009,Model_not_applied,,Unclassified,Uncertain_significance_Last_reviewed_Oct_29_2019
c.27C>A,p.Ser9Arg,p.S9R,S9R,9,1.00,0.10,0.09,1,1,1,1.87,1,0.018,None,0.017,Model_not_applied,,Unclassified,Uncertain_significance_Last_reviewed_Apr_8_2019
c.28G>T,p.Val10Phe,p.V10F,V10F,10,1.00,0.06,0.04,1,1,1,1.87,1,0.004,None,0.004,Model_not_applied,,Unclassified,Uncertain_significance_Last_reviewed_Nov_7_2019
c.28G>C,p.Val10Leu,p.V10L,V10L,10,1.00,0.04,0.21,1,1,1,1.87,1,0.017,None,0.017,Model_not_applied,,Unclassified,Conflicting_interpretations_of_pathogenicity_Last_reviewed_Mar_23_2020
c.28G>A,p.Val10Ile,p.V10I,V10I,10,1.00,0.03,0.06,0.01,1,1,1.00,1,0.000,None,0.000,Benign,,Benign,Likely_benign_Last_reviewed_Aug_28_2019
c.29T>G,p.Val10Gly,p.V10G,V10G,10,1.00,0.19,0.07,1,1,1,1.00,1,0.013,None,0.012,Model_not_applied,,Unclassified,Uncertain_significance_Last_reviewed_Nov_5_2019
c.29T>C,p.Val10Ala,p.V10A,V10A,10,1.00,0.11,0.06,1,1,1,1.87,1,0.012,None,0.012,Model_not_applied,,Unclassified,NA
c.29T>A,p.Val10Asp,p.V10D,V10D,10,1.00,0.21,0.01,1,1,1,1.87,1,0.004,None,0.004,Model_not_applied,,Unclassified,NA
c.31G>C,p.Glu11Gln,p.E11Q,E11Q,11,1.83,0.23,0.22,0.50,1,1,0.07,1,0.003,None,0.003,Likely_Benign,,VUS,Conflicting_interpretations_of_pathogenicity_Last_reviewed_Nov_21_2020
c.31G>A,p.Glu11Lys,p.E11K,E11K,11,2.29,0.23,0.04,0.18,1,1,1.00,1,0.004,None,0.004,Likely_Benign,,VUS,Conflicting_interpretations_of_pathogenicity_Last_reviewed_Dec_23_2019
c.32A>T,p.Glu11Val,p.E11V,E11V,11,3.94,0.25,0.02,1,1,1,1.87,1,0.042,None,0.041,Model_not_applied,,Unclassified,NA
c.32A>G,p.Glu11Gly,p.E11G,E11G,11,2.87,0.19,0.18,1,1,1,1.87,1,0.176,None,0.150,Model_not_applied,,Unclassified,NA
c.32A>C,p.Glu11Ala,p.E11A,E11A,11,3.43,0.19,0.13,1,1,1,1.87,1,0.155,None,0.134,Model_not_applied,,Unclassified,NA
c.33G>T,p.Glu11Asp,p.E11D,E11D,11,0.82,0.10,0.10,1,1,1,1.87,1,0.015,None,0.015,Model_not_applied,,Unclassified,NA
c.33G>C,p.Glu11Asp,p.E11D,E11D,11,0.82,0.10,0.10,1,1,1,1.87,1,0.015,None,0.015,Model_not_applied,,Unclassified,NA
c.34C>T,p.Pro12Ser,p.P12S,P12S,12,1.00,0.11,0.11,1,1,1,1.87,1,0.024,None,0.024,Model_not_applied,,Unclassified,NA
c.34C>G,p.Pro12Ala,p.P12A,P12A,12,1.00,0.11,2.98,1,1,1,1.87,1,0.604,None,0.376,Model_not_applied,,Unclassified,NA
c.34C>A,p.Pro12Thr,p.P12T,P12T,12,1.00,0.14,0.04,1,1,1,1.87,1,0.011,None,0.011,Model_not_applied,,Unclassified,NA
c.35C>T,p.Pro12Leu,p.P12L,P12L,12,1.00,0.08,0.11,1,1,1,1.87,1,0.016,None,0.016,Model_not_applied,,Unclassified,Uncertain_significance_Last_reviewed_Oct_19_2018
c.35C>G,p.Pro12Arg,p.P12R,P12R,12,1.00,0.11,0.06,1,1,1,1.00,1,0.007,None,0.007,Model_not_applied,,Unclassified,Uncertain_significance_Last_reviewed_Nov_11_2019
c.35C>A,p.Pro12His,p.P12H,P12H,12,1.00,0.11,0.02,1,1,1,1.87,1,0.004,None,0.004,Model_not_applied,,Unclassified,Uncertain_significance_Last_reviewed_Feb_13_2018
c.37C>T,p.Pro13Ser,p.P13S,P13S,13,1.13,0.33,0.24,1,6.79,2.09,1.00,1,1.301,None,0.565,Model_not_applied,,Unclassified,Uncertain_significance_Last_reviewed_Sep_2_2020
c.37C>G,p.Pro13Ala,p.P13A,P13A,13,0.67,0.30,0.15,1,1,1,1.87,1,0.057,None,0.054,Model_not_applied,,Unclassified,NA
c.37C>A,p.Pro13Thr,p.P13T,P13T,13,1.47,0.38,0.07,1,1,1,1.87,1,0.078,None,0.072,Model_not_applied,,Unclassified,NA
c.38C>T,p.Pro13Leu,p.P13L,P13L,13,3.10,0.43,2.32,1,1,1,1.87,1,5.851,None,0.854,VUS,,Unclassified,Uncertain_significance_Last_reviewed_Nov_25_2019
c.38C>G,p.Pro13Arg,p.P13R,P13R,13,3.10,0.63,0.04,1,1,1,1.87,1,0.134,None,0.118,Model_not_applied,,Unclassified,Uncertain_significance_Last_reviewed_Dec_5_2019
c.38C>A,p.Pro13His,p.P13H,P13H,13,2.86,0.38,0.06,1,1,1,1.87,1,0.116,None,0.104,Model_not_applied,,Unclassified,NA
c.40C>G,p.Leu14Val,p.L14V,L14V,14,1.67,0.50,0.06,1,1,1,1.87,1,0.092,None,0.084,Model_not_applied,,Unclassified,Uncertain_significance_Last_reviewed_Dec_23_2019
c.40C>A,p.Leu14Met,p.L14M,L14M,14,1.52,0.22,0.04,1,1,1,1.87,1,0.025,None,0.025,Model_not_applied,,Unclassified,NA
c.41T>G,p.Leu14Arg,p.L14R,L14R,14,4.96,1.55,0.04,1,1,1,1.87,1,0.526,None,0.345,Model_not_applied,,Unclassified,NA
c.41T>C,p.Leu14Pro,p.L14P,L14P,14,3.44,1.04,0.11,1,1,1,1.87,1,0.763,None,0.433,Model_not_applied,,Unclassified,NA
c.41T>A,p.Leu14Gln,p.L14Q,L14Q,14,4.95,0.72,0.07,1,1,1,1.87,1,0.458,None,0.314,Model_not_applied,,Unclassified,NA
c.43A>T,p.Ser15Cys,p.S15C,S15C,15,3.82,0.75,0.04,1,1,1,1.87,1,0.192,None,0.161,Model_not_applied,,Unclassified,NA
c.43A>G,p.Ser15Gly,p.S15G,S15G,15,2.94,0.44,0.17,1,1,1,1.87,1,0.400,None,0.285,Model_not_applied,,Unclassified,NA
c.43A>C,p.Ser15Arg,p.S15R,S15R,15,3.86,0.65,0.03,1,1,1,1.87,0.66,0.100,None,0.091,Model_not_applied,,Unclassified,NA
c.44G>T,p.Ser15Ile,p.S15I,S15I,15,2.85,2.45,0.03,1,1,1,1.87,1,0.411,None,0.291,Model_not_applied,,Unclassified,NA
c.44G>C,p.Ser15Thr,p.S15T,S15T,15,3.04,0.35,0.02,1,1,1,1.87,1,0.033,None,0.032,Model_not_applied,,Unclassified,NA
c.44G>A,p.Ser15Asn,p.S15N,S15N,15,2.56,0.24,0.07,1,1,1,1.87,1,0.081,None,0.075,Model_not_applied,,Unclassified,NA
c.45T>G,p.Ser15Arg,p.S15R,S15R,15,3.86,0.65,0.03,1,1,1,1.87,0.66,0.100,None,0.091,Model_not_applied,,Unclassified,NA
c.45T>A,p.Ser15Arg,p.S15R,S15R,15,3.86,0.65,0.03,1,1,1,1.87,0.66,0.100,None,0.091,Model_not_applied,,Unclassified,NA
c.46C>A,p.Gln16Lys,p.Q16K,Q16K,16,3.00,0.42,0.02,1,1,1,1.87,1,0.042,None,0.040,Model_not_applied,,Unclassified,NA
c.46C>G,p.Gln16Glu,p.Q16E,Q16E,16,1.83,0.34,0.77,1,1,1,1.87,1,0.897,None,0.473,Model_not_applied,,Unclassified,NA
c.47A>T,p.Gln16Leu,p.Q16L,Q16L,16,3.81,0.34,0.05,1,1,1,1.87,1,0.122,None,0.108,Model_not_applied,,Unclassified,NA
c.47A>G,p.Gln16Arg,p.Q16R,Q16R,16,2.41,0.35,0.13,1,1,1,1.87,1,0.206,None,0.171,Model_not_applied,,Unclassified,Uncertain_significance_Last_reviewed_Sep_18_2019
c.47A>C,p.Gln16Pro,p.Q16P,Q16P,16,3.64,0.88,5.01,1,1,1,1.87,1,29.878,None,0.968,Likely_Pathogenic,,Unclassified,NA
c.48G>T,p.Gln16His,p.Q16H,Q16H,16,1.62,0.21,0.01,1,1,1,1.87,1,0.008,None,0.008,Model_not_applied,,Unclassified,NA
c.48G>C,p.Gln16His,p.Q16H,Q16H,16,1.62,0.21,0.01,1,1,1,1.87,1,0.008,None,0.008,Model_not_applied,,Unclassified,Uncertain_significance_Last_reviewed_Sep_13_2018
c.50A>C,p.Glu17Ala,p.E17A,E17A,17,2.08,0.21,0.09,1,1,1,1.87,1,0.073,None,0.068,Model_not_applied,,Unclassified,NA
c.50A>G,p.Glu17Gly,p.E17G,E17G,17,1.92,0.22,12.57,1,1,1,1.87,1,10.133,None,0.910,VUS,,Unclassified,NA
c.49G>C,p.Glu17Gln,p.E17Q,E17Q,17,0.95,0.21,0.04,1,1,1,1.87,1,0.016,None,0.016,Model_not_applied,,Unclassified,NA
c.49G>A,p.Glu17Lys,p.E17K,E17K,17,1.56,0.46,0.31,1,1,1,1.87,1,0.412,None,0.292,Model_not_applied,,Unclassified,NA
c.50A>T,p.Glu17Val,p.E17V,E17V,17,1.86,0.33,0.07,1,1,1,1.87,1,0.083,None,0.076,Model_not_applied,,Unclassified,NA
c.51A>T,p.Glu17Asp,p.E17D,E17D,17,0.42,0.16,0.19,1,1,1,1.87,1,0.025,None,0.024,Model_not_applied,,Unclassified,NA
c.51A>C,p.Glu17Asp,p.E17D,E17D,17,0.42,0.16,0.19,1,1,1,1.87,1,0.025,None,0.024,Model_not_applied,,Unclassified,NA
c.53C>A,p.Thr18Lys,p.T18K,T18K,18,3.12,0.84,0.04,1,1,1,1.87,1,0.204,None,0.170,Model_not_applied,,Unclassified,NA
c.52A>C,p.Thr18Pro,p.T18P,T18P,18,1.00,0.92,18.15,1,1,1,1.87,1,31.475,None,0.969,Likely_Pathogenic,,Unclassified,NA
c.53C>G,p.Thr18Arg,p.T18R,T18R,18,3.10,1.04,0.05,1,1,1,1.87,1,0.271,None,0.213,Model_not_applied,,Unclassified,NA
c.52A>T,p.Thr18Ser,p.T18S,T18S,18,0.71,0.22,0.15,1,1,1,1.87,1,0.042,None,0.041,Model_not_applied,,Unclassified,NA
c.52A>G,p.Thr18Ala,p.T18A,T18A,18,0.92,0.36,1.24,1,1,1,1.87,1,0.772,None,0.436,Model_not_applied,,Unclassified,NA
c.53C>T,p.Thr18Ile,p.T18I,T18I,18,3.19,0.96,1.33,1,1,1,1.87,1,7.609,None,0.884,VUS,,Unclassified,NA
c.55T>C,p.Phe19Leu,p.F19L,F19L,19,1.61,0.36,49.66,1,1,1,1.87,1,53.835,None,0.982,Likely_Pathogenic,,Unclassified,NA
c.57T>G,p.Phe19Leu,p.F19L,F19L,19,1.61,0.36,49.66,1,1,1,1.87,1,53.835,None,0.982,Likely_Pathogenic,,Unclassified,NA
c.57T>A,p.Phe19Leu,p.F19L,F19L,19,1.61,0.36,49.66,1,1,1,1.87,1,53.835,None,0.982,Likely_Pathogenic,,Unclassified,NA
c.55T>G,p.Phe19Val,p.F19V,F19V,19,2.72,1.73,94.38,1,1,1,1.87,1,831.737,None,0.999,Pathogenic,,Unclassified,NA
c.55T>A,p.Phe19Ile,p.F19I,F19I,19,1.51,0.48,120.54,1,1,1,1.87,1,163.224,None,0.994,Pathogenic,,Unclassified,NA
c.56T>G,p.Phe19Cys,p.F19C,F19C,19,0.59,10.49,30.15,1,1,1,1.87,1,346.792,None,0.997,Pathogenic,,Unclassified,NA
c.56T>C,p.Phe19Ser,p.F19S,F19S,19,2.28,2.92,18.25,1,1,1,1.87,1,227.077,None,0.996,Pathogenic,,Unclassified,NA
c.56T>A,p.Phe19Tyr,p.F19Y,F19Y,19,1.52,0.61,34.05,1,1,1,1.87,1,58.972,None,0.983,Likely_Pathogenic,,Unclassified,NA
c.58T>G,p.Ser20Ala,p.S20A,S20A,20,0.30,0.17,0.03,1,1,1,1.87,1,0.002,None,0.002,Model_not_applied,,Unclassified,NA
c.58T>C,p.Ser20Pro,p.S20P,S20P,20,0.32,0.84,0.11,1,1,1,1.87,1,0.056,None,0.053,Model_not_applied,,Unclassified,Uncertain_significance_Last_reviewed_Jul_1_2015
c.58T>A,p.Ser20Thr,p.S20T,S20T,20,0.30,0.22,0.31,1,1,1,1.87,1,0.038,None,0.036,Model_not_applied,,Unclassified,NA
c.59C>T,p.Ser20Leu,p.S20L,S20L,20,1.13,0.58,0.11,1,1,1,1.87,1,0.137,None,0.120,Model_not_applied,,Unclassified,Uncertain_significance_Last_reviewed_Sep_17_2018
c.61G>T,p.Asp21Tyr,p.D21Y,D21Y,21,1.31,1.00,0.05,1,1,1,1.87,1,0.115,None,0.103,Model_not_applied,,Unclassified,NA
c.61G>C,p.Asp21His,p.D21H,D21H,21,0.47,0.48,0.18,1,1,1,1.87,1,0.077,None,0.071,Model_not_applied,,Unclassified,NA
c.61G>A,p.Asp21Asn,p.D21N,D21N,21,0.29,0.09,0.07,1,1,1,1.87,1,0.003,None,0.003,Model_not_applied,,Unclassified,NA
c.62A>T,p.Asp21Val,p.D21V,D21V,21,1.20,1.39,0.13,1,1,1,1.87,1,0.413,None,0.292,Model_not_applied,,Unclassified,NA
c.62A>G,p.Asp21Gly,p.D21G,D21G,21,0.29,0.58,0.69,1,1,1,1.87,1,0.219,None,0.180,Model_not_applied,,Unclassified,NA
c.62A>C,p.Asp21Ala,p.D21A,D21A,21,0.97,0.55,0.18,1,1,1,1.87,1,0.178,None,0.151,Model_not_applied,,Unclassified,NA
c.63C>G,p.Asp21Glu,p.D21E,D21E,21,0.29,0.10,0.04,1,1,1,1.87,1,0.002,None,0.002,Model_not_applied,,Unclassified,NA
c.63C>A,p.Asp21Glu,p.D21E,D21E,21,0.29,0.10,0.04,1,1,1,1.87,1,0.002,None,0.002,Model_not_applied,,Unclassified,NA
c.64C>G,p.Leu22Val,p.L22V,L22V,22,1.93,0.28,2.09,1,1,1,1.87,1,2.121,None,0.680,VUS,,Unclassified,NA
c.64C>A,p.Leu22Ile,p.L22I,L22I,22,0.95,0.15,0.26,1,1,1,1.87,1,0.067,None,0.063,Model_not_applied,,Unclassified,NA
c.65T>G,p.Leu22Arg,p.L22R,L22R,22,3.94,1.24,65.62,1,1,1,1.87,1,599.347,None,0.998,Pathogenic,,Unclassified,NA
c.65T>C,p.Leu22Pro,p.L22P,L22P,22,3.95,2.48,154.25,1,1,1,1.87,1,2823.304,None,1.000,Pathogenic,,Unclassified,NA
c.65T>A,p.Leu22Gln,p.L22Q,L22Q,22,3.81,1.06,9.36,1,1,1,1.87,1,70.616,None,0.986,Likely_Pathogenic,,Unclassified,NA
c.68G>T,p.Trp23Leu,p.W23L,W23L,23,3.33,2.00,23.63,1,1,1,1.87,1,294.131,None,0.997,Pathogenic,,Unclassified,NA
c.67T>G,p.Trp23Gly,p.W23G,W23G,23,1.14,19.09,238.47,1,1,1,1.87,1,9695.220,None,1.000,Pathogenic,,Unclassified,NA
c.67T>C,p.Trp23Arg,p.W23R,W23R,23,3.94,15.04,17.64,1,1,1,1.87,1,1957.380,None,0.999,Pathogenic,,Unclassified,NA
c.67T>A,p.Trp23Arg,p.W23R,W23R,23,3.94,15.04,17.64,1,1,1,1.87,1,1957.380,None,0.999,Pathogenic,,Unclassified,NA
c.68G>C,p.Trp23Ser,p.W23S,W23S,23,1.39,20.92,197.74,1,1,1,1.87,1,10752.272,None,1.000,Pathogenic,,Unclassified,NA
c.69G>T,p.Trp23Cys,p.W23C,W23C,23,0.40,5.60,5.78,1,1,1,1.87,1,24.485,None,0.961,Likely_Pathogenic,,Unclassified,NA
c.69G>C,p.Trp23Cys,p.W23C,W23C,23,0.40,5.60,5.78,1,1,1,1.87,1,24.485,None,0.961,Likely_Pathogenic,,Unclassified,NA
c.70A>C,p.Lys24Gln,p.K24Q,K24Q,24,0.30,0.18,3.13,1,1,1,1.87,1,0.322,None,0.244,Model_not_applied,,Unclassified,NA
c.70A>G,p.Lys24Glu,p.K24E,K24E,24,0.30,0.47,83.69,1,1,1,1.87,1,21.876,None,0.956,Likely_Pathogenic,,Unclassified,NA
c.71A>T,p.Lys24Ile,p.K24I,K24I,24,1.26,0.21,2.88,1,1,1,1.87,1,1.424,None,0.588,Model_not_applied,,Unclassified,NA
c.71A>G,p.Lys24Arg,p.K24R,K24R,24,0.35,0.11,0.24,1,1,1,1.87,1,0.018,None,0.017,Model_not_applied,,Unclassified,NA
c.71A>C,p.Lys24Thr,p.K24T,K24T,24,0.40,0.22,9.24,1,1,1,1.87,1,1.561,None,0.610,Model_not_applied,,Unclassified,NA
c.72A>T,p.Lys24Asn,p.K24N,K24N,24,0.30,0.05,12.81,1,1,1,1.87,1,0.330,None,0.248,Model_not_applied,,Unclassified,NA
c.72A>C,p.Lys24Asn,p.K24N,K24N,24,0.30,0.05,12.81,1,1,1,1.87,1,0.330,None,0.248,Model_not_applied,,Unclassified,NA
c.73C>A,p.Leu25Ile,p.L25I,L25I,25,0.38,0.23,5.80,1,1,1,1.87,1,0.941,None,0.485,Model_not_applied,,Unclassified,NA
c.73C>G,p.Leu25Val,p.L25V,L25V,25,0.38,0.49,2.26,1,1,1,1.87,1,0.779,None,0.438,Model_not_applied,,Unclassified,NA
c.74T>G,p.Leu25Arg,p.L25R,L25R,25,0.45,3.69,0.02,1,1,1,1.87,1,0.053,None,0.050,Model_not_applied,,Unclassified,NA
c.74T>C,p.Leu25Pro,p.L25P,L25P,25,0.38,12.05,48.26,1,1,1,1.87,1,412.309,None,0.998,Pathogenic,,Unclassified,NA
c.74T>A,p.Leu25Gln,p.L25Q,L25Q,25,0.38,1.63,0.01,1,1,1,1.87,1,0.007,None,0.007,Model_not_applied,,Unclassified,NA
c.76C>T,p.Leu26Phe,p.L26F,L26F,26,0.54,0.19,33.24,1,1,1,1.87,1,6.532,None,0.867,VUS,,Unclassified,NA
c.76C>G,p.Leu26Val,p.L26V,L26V,26,0.30,0.21,0.15,1,1,1,1.87,1,0.017,None,0.017,Model_not_applied,,Unclassified,NA
c.76C>A,p.Leu26Ile,p.L26I,L26I,26,0.29,0.17,0.27,1,1,1,1.87,1,0.025,None,0.025,Model_not_applied,,Unclassified,Uncertain_significance_Last_reviewed_Dec_5_2018
c.77T>G,p.Leu26Arg,p.L26R,L26R,26,0.44,2.82,111.88,1,1,1,1.87,1,257.342,None,0.996,Pathogenic,,Unclassified,NA
c.77T>C,p.Leu26Pro,p.L26P,L26P,26,1.03,2.59,23.60,1,1,1,1.87,1,117.087,None,0.992,Pathogenic,,Unclassified,NA
c.77T>A,p.Leu26His,p.L26H,L26H,26,0.29,1.43,20.82,1,1,1,1.87,1,16.321,None,0.942,VUS,,Unclassified,NA
c.79C>T,p.Pro27Ser,p.P27S,P27S,27,1.46,0.21,58.73,1,1,1,1.00,0.66,11.833,None,0.922,Model_not_applied,,Unclassified,Uncertain_significance_Last_reviewed_Sep_19_2019
c.79C>G,p.Pro27Ala,p.P27A,P27A,27,0.36,0.17,1.00,1,1,1,1.87,1,0.115,None,0.103,Model_not_applied,,Unclassified,NA
c.79C>A,p.Pro27Thr,p.P27T,P27T,27,0.66,0.24,0.12,1,1,1,1.87,1,0.034,None,0.032,Model_not_applied,,Unclassified,Uncertain_significance_Last_reviewed_Jun_10_2019
c.80C>T,p.Pro27Leu,p.P27L,P27L,27,0.33,0.26,7.16,1,1,1,1.87,1,1.168,None,0.539,Model_not_applied,,Unclassified,Uncertain_significance_Last_reviewed_Jul_26_2017
c.80C>G,p.Pro27Arg,p.P27R,P27R,27,1.01,0.31,0.14,1,1,1,1.87,1,0.084,None,0.077,Model_not_applied,,Unclassified,Uncertain_significance_Last_reviewed_Oct_3_2018
c.80C>A,p.Pro27His,p.P27H,P27H,27,0.95,0.26,0.08,1,1,1,1.87,1,0.037,None,0.036,Model_not_applied,,Unclassified,NA
c.83A>G,p.Glu28Gly,p.E28G,E28G,28,0.67,0.05,0.13,1,1,1,1.87,1,0.009,None,0.009,Model_not_applied,,Unclassified,NA
c.82G>C,p.Glu28Gln,p.E28Q,E28Q,28,0.30,0.04,0.09,1,1,1,1.87,1,0.002,None,0.002,Model_not_applied,,Unclassified,NA
c.82G>A,p.Glu28Lys,p.E28K,E28K,28,0.74,0.15,0.42,1,1,1,1.87,1,0.084,None,0.078,Model_not_applied,,Unclassified,NA
c.83A>T,p.Glu28Val,p.E28V,E28V,28,0.88,0.08,0.04,1,1.37,1,1.87,1,0.007,None,0.007,Model_not_applied,,Unclassified,Uncertain_significance_Last_reviewed_Jul_1_2014
c.83A>C,p.Glu28Ala,p.E28A,E28A,28,0.62,0.06,0.02,1,1,1,1.87,1,0.002,None,0.002,Model_not_applied,,Unclassified,NA
c.84A>T,p.Glu28Asp,p.E28D,E28D,28,0.29,0.05,0.07,1,1,1,1.87,1,0.002,None,0.002,Model_not_applied,,Unclassified,NA
c.84A>C,p.Glu28Asp,p.E28D,E28D,28,0.29,0.05,0.07,1,1,1,1.87,1,0.002,None,0.002,Model_not_applied,,Unclassified,NA
c.85A>T,p.Asn29Tyr,p.N29Y,N29Y,29,1.20,0.09,1.00,1,1,1,1.87,1,0.201,None,0.167,Model_not_applied,,Unclassified,NA
c.85A>G,p.Asn29Asp,p.N29D,N29D,29,1.41,0.02,0.21,1,1,1,1.87,1,0.010,None,0.010,Model_not_applied,,Unclassified,Likely_benign_Last_reviewed_Nov_25_2019
c.85A>C,p.Asn29His,p.N29H,N29H,29,1.48,0.04,0.17,1,1,1,1.87,1,0.018,None,0.017,Model_not_applied,,Unclassified,NA
c.86A>T,p.Asn29Ile,p.N29I,N29I,29,3.51,0.16,1.00,1,1,1,1.87,1,1.041,None,0.510,Model_not_applied,,Unclassified,NA
c.86A>G,p.Asn29Ser,p.N29S,N29S,29,1.00,0.03,0.07,1,1,1,1.87,1,0.004,None,0.004,Model_not_applied,,Unclassified,NA
c.86A>C,p.Asn29Thr,p.N29T,N29T,29,1.00,0.06,1.55,1,1,1,1.87,1,0.179,None,0.152,Model_not_applied,,Unclassified,Uncertain_significance_Last_reviewed_Sep_5_2019
c.87C>G,p.Asn29Lys,p.N29K,N29K,29,2.61,0.02,11.69,1,1,1,1.87,1,1.381,None,0.580,Model_not_applied,,Unclassified,Uncertain_significance_Last_reviewed_Oct_30_2018
c.87C>A,p.Asn29Lys,p.N29K,N29K,29,2.61,0.02,11.69,1,1,1,1.87,1,1.381,None,0.580,Model_not_applied,,Unclassified,NA
c.88A>T,p.Asn30Tyr,p.N30Y,N30Y,30,0.75,0.07,0.01,1,1,1,1.87,1,0.001,None,0.001,Model_not_applied,,Unclassified,NA
c.88A>G,p.Asn30Asp,p.N30D,N30D,30,0.45,0.02,0.35,1,1,1,1.87,1,0.005,None,0.005,Model_not_applied,,Unclassified,NA
c.88A>C,p.Asn30His,p.N30H,N30H,30,0.45,0.04,14.95,1,1,1,1.87,1,0.563,None,0.360,Model_not_applied,,Unclassified,NA
c.89A>T,p.Asn30Ile,p.N30I,N30I,30,0.45,0.12,0.01,1,1,1,1.87,1,0.001,None,0.001,Model_not_applied,,Unclassified,NA
c.89A>G,p.Asn30Ser,p.N30S,N30S,30,0.49,0.03,0.16,1,1,1,1.87,1,0.005,None,0.005,Model_not_applied,,Unclassified,NA
c.89A>C,p.Asn30Thr,p.N30T,N30T,30,0.45,0.07,3.80,1,1,1,1.87,1,0.223,None,0.182,Model_not_applied,,Unclassified,NA
c.90C>G,p.Asn30Lys,p.N30K,N30K,30,0.45,0.03,0.10,1,1,1,1.87,1,0.003,None,0.003,Model_not_applied,,Unclassified,NA
c.90C>A,p.Asn30Lys,p.N30K,N30K,30,0.45,0.03,0.10,1,1,1,1.87,1,0.003,None,0.003,Model_not_applied,,Unclassified,NA
c.91G>T,p.Val31Phe,p.V31F,V31F,31,2.36,0.12,0.99,1,1,1,1.87,1,0.510,None,0.338,Model_not_applied,,Unclassified,Uncertain_significance_Last_reviewed_Sep_20_2015
c.91G>C,p.Val31Leu,p.V31L,V31L,31,1.27,0.03,2.07,1,1,1,1.87,1,0.172,None,0.147,Model_not_applied,,Unclassified,NA
c.91G>A,p.Val31Ile,p.V31I,V31I,31,1.27,0.07,0.12,0.01,1,0.46,0.00,1,0.000,None,0.000,Benign,,Benign,Conflicting_interpretations_of_pathogenicity_Last_reviewed_Sep_22_2020
c.92T>G,p.Val31Gly,p.V31G,V31G,31,1.27,0.52,0.65,1,1,1,1.87,1,0.809,None,0.447,Model_not_applied,,Unclassified,NA
c.92T>C,p.Val31Ala,p.V31A,V31A,31,1.27,0.13,0.08,1,1,1,1.87,1,0.025,None,0.024,Model_not_applied,,Unclassified,NA
c.92T>A,p.Val31Asp,p.V31D,V31D,31,4.99,0.90,0.12,1,1,1,1.87,1,0.999,None,0.500,Model_not_applied,,Unclassified,NA
c.94C>G,p.Leu32Val,p.L32V,L32V,32,1.67,0.18,0.30,1,1,1,1.87,1,0.166,Moderate,0.143,Model_not_applied,Predicted_effects_on_splicing,Unclassified,NA
c.94C>A,p.Leu32Met,p.L32M,L32M,32,1.52,0.17,0.06,1,1,1,1.87,1,0.028,None,0.027,Model_not_applied,,Unclassified,NA
c.95T>G,p.Leu32Arg,p.L32R,L32R,32,4.96,2.15,0.36,1,1,1,1.87,1,7.078,None,0.876,VUS,,Unclassified,NA
c.95T>C,p.Leu32Pro,p.L32P,L32P,32,3.44,5.67,0.03,1,1,1,1.87,1,1.217,None,0.549,Model_not_applied,,Unclassified,NA
c.95T>A,p.Leu32Gln,p.L32Q,L32Q,32,4.95,1.67,0.16,1,1,1,1.87,1,2.396,None,0.706,VUS,,Unclassified,NA
c.97T>G,p.Ser33Ala,p.S33A,S33A,33,0.88,0.06,3.54,1,1,1,1.87,1,0.375,None,0.273,Model_not_applied,,Unclassified,NA
c.97T>C,p.Ser33Pro,p.S33P,S33P,33,0.88,0.08,2.66,1,1,1,1.87,1,0.340,None,0.254,Model_not_applied,,Unclassified,NA
c.97T>A,p.Ser33Thr,p.S33T,S33T,33,0.88,0.06,0.02,0.18,1,1,1.87,1,0.000,None,0.000,Benign,,Likely_benign,NA
c.98C>T,p.Ser33Phe,p.S33F,S33F,33,3.62,0.16,0.03,1,1,1,1.87,1,0.028,None,0.027,Model_not_applied,,Unclassified,Uncertain_significance_Last_reviewed_Sep_28_2018
c.98C>G,p.Ser33Cys,p.S33C,S33C,33,2.50,0.12,0.05,1,1,1,1.87,1,0.031,None,0.030,Model_not_applied,,Unclassified,NA
c.98C>A,p.Ser33Tyr,p.S33Y,S33Y,33,3.36,0.16,0.05,1,1,1,1.87,1,0.047,None,0.045,Model_not_applied,,Unclassified,Uncertain_significance_Last_reviewed_Jul_10_2018
c.100C>T,p.Pro34Ser,p.P34S,P34S,34,1.07,0.02,0.02,1,1,1,1.87,1,0.001,None,0.001,Model_not_applied,,Unclassified,Uncertain_significance_Last_reviewed_Jul_4_2019
c.100C>G,p.Pro34Ala,p.P34A,P34A,34,1.07,0.03,0.05,1,1,1,1.87,1,0.003,None,0.003,Model_not_applied,,Unclassified,Uncertain_significance_Last_reviewed_Mar_17_2020
c.100C>A,p.Pro34Thr,p.P34T,P34T,34,1.07,0.03,0.03,1,1,1,1.87,1,0.002,None,0.002,Model_not_applied,,Unclassified,Conflicting_interpretations_of_pathogenicity_Last_reviewed_Nov_18_2019
c.101C>T,p.Pro34Leu,p.P34L,P34L,34,4.00,0.08,0.13,0.18,1,1,1.87,1,0.014,None,0.014,Likely_Benign,,VUS,Uncertain_significance_Last_reviewed_Feb_8_2019
c.101C>G,p.Pro34Arg,p.P34R,P34R,34,3.10,0.08,0.01,1,1,1,1.87,1,0.004,None,0.004,Model_not_applied,,Unclassified,Uncertain_significance_Last_reviewed_Jan_6_2019
c.101C>A,p.Pro34His,p.P34H,P34H,34,1.60,0.09,0.03,1,1,1,1.87,1,0.007,None,0.007,Model_not_applied,,Unclassified,NA
c.103T>G,p.Leu35Val,p.L35V,L35V,35,2.27,0.04,0.01,1,1,1,1.87,1,0.001,None,0.001,Model_not_applied,,Unclassified,NA
c.103T>A,p.Leu35Met,p.L35M,L35M,35,2.27,0.04,0.02,1,1.37,1,1.87,1,0.004,None,0.004,Model_not_applied,,Unclassified,Uncertain_significance_Last_reviewed_Oct_19_2017
c.104T>G,p.Leu35Trp,p.L35W,L35W,35,8.71,0.06,0.21,1,1,1,1.87,1,0.191,None,0.161,Model_not_applied,,Unclassified,NA
c.104T>C,p.Leu35Ser,p.L35S,L35S,35,2.27,0.04,0.08,1,1,1,1.87,1,0.014,None,0.013,Model_not_applied,,Unclassified,NA
c.105G>T,p.Leu35Phe,p.L35F,L35F,35,4.20,0.04,0.05,0.18,1,1,1.87,1,0.003,None,0.003,Likely_Benign,"No_stars_on_ClinVar,_last_evaluated_in_1999",Likely_benign,NA
c.105G>C,p.Leu35Phe,p.L35F,L35F,35,4.20,0.04,0.05,0.08,1,1,1.00,1,0.001,None,0.001,Benign,,Likely_benign,Conflicting_interpretations_of_pathogenicity_Last_reviewed_Dec_4_2019
c.106C>T,p.Pro36Ser,p.P36S,P36S,36,1.00,0.03,0.05,1,1,1,1.87,1,0.003,None,0.003,Model_not_applied,,Unclassified,Uncertain_significance_Last_reviewed_Mar_31_2017
c.106C>G,p.Pro36Ala,p.P36A,P36A,36,1.00,0.02,5.60,1,1,1,1.87,1,0.254,None,0.203,Model_not_applied,,Unclassified,NA
c.106C>A,p.Pro36Thr,p.P36T,P36T,36,1.00,0.03,0.06,1,1,1,1.87,1,0.003,None,0.003,Model_not_applied,,Unclassified,NA
c.107C>T,p.Pro36Leu,p.P36L,P36L,36,1.00,0.03,0.03,0.04,1,1,1.00,1,0.000,None,0.000,Benign,,Likely_benign,Uncertain_significance_Last_reviewed_Jul_22_2019
c.107C>G,p.Pro36Arg,p.P36R,P36R,36,1.00,0.05,3.11,1,1,1,1.87,1,0.299,None,0.230,Model_not_applied,,Unclassified,NA
c.107C>A,p.Pro36Gln,p.P36Q,P36Q,36,1.00,0.04,0.03,1,1,1,1.87,1,0.002,None,0.002,Model_not_applied,,Unclassified,Conflicting_interpretations_of_pathogenicity_Last_reviewed_Oct_18_2019
c.109T>G,p.Ser37Ala,p.S37A,S37A,37,1.00,0.04,0.28,1,1,1,1.87,1,0.022,None,0.021,Model_not_applied,,Unclassified,NA
c.109T>C,p.Ser37Pro,p.S37P,S37P,37,1.00,0.06,0.44,1,1,1,1.87,1,0.050,None,0.048,Model_not_applied,,Unclassified,NA
c.109T>A,p.Ser37Thr,p.S37T,S37T,37,1.00,0.03,0.02,1,1,1,1.87,1,0.002,None,0.002,Model_not_applied,,Unclassified,NA
c.110C>T,p.Ser37Phe,p.S37F,S37F,37,1.00,0.12,0.08,1,1,1,1.87,1,0.017,None,0.017,Model_not_applied,,Unclassified,Uncertain_significance_Last_reviewed_Dec_18_2019
c.110C>G,p.Ser37Cys,p.S37C,S37C,37,1.00,0.08,0.01,1,1,1,1.87,1,0.002,None,0.002,Model_not_applied,,Unclassified,NA
c.110C>A,p.Ser37Tyr,p.S37Y,S37Y,37,1.00,0.11,0.02,1,1,1,1.87,1,0.005,None,0.005,Model_not_applied,,Unclassified,NA
c.112C>G,p.Gln38Glu,p.Q38E,Q38E,38,3.69,0.03,0.06,1,1,1,1.87,1,0.011,None,0.011,Model_not_applied,,Unclassified,NA
c.112C>A,p.Gln38Lys,p.Q38K,Q38K,38,2.45,0.04,0.15,1,1,1,1.87,1,0.025,None,0.025,Model_not_applied,,Unclassified,NA
c.113A>T,p.Gln38Leu,p.Q38L,Q38L,38,1.93,0.05,0.16,1,1,1,1.87,1,0.026,None,0.026,Model_not_applied,,Unclassified,NA
c.113A>G,p.Gln38Arg,p.Q38R,Q38R,38,1.65,0.03,0.31,1,1,1,1.87,1,0.031,None,0.030,Model_not_applied,,Unclassified,NA
c.113A>C,p.Gln38Pro,p.Q38P,Q38P,38,1.65,0.04,5.00,1,1,1,1.87,1,0.574,None,0.365,Model_not_applied,,Unclassified,Uncertain_significance_Last_reviewed_Jun_10_2019
c.114A>T,p.Gln38His,p.Q38H,Q38H,38,1.65,0.03,0.02,1,1,1,1.87,1,0.002,None,0.002,Model_not_applied,,Unclassified,NA
c.114A>C,p.Gln38His,p.Q38H,Q38H,38,1.65,0.03,0.02,1,1,1,1.87,1,0.002,None,0.002,Model_not_applied,,Unclassified,NA
c.115G>T,p.Ala39Ser,p.A39S,A39S,39,1.88,0.03,0.50,1,1,1,1.87,1,0.048,None,0.045,Model_not_applied,,Unclassified,NA
c.115G>C,p.Ala39Pro,p.A39P,A39P,39,1.88,0.03,0.06,1,1,1,1.87,1,0.006,None,0.006,Model_not_applied,,Unclassified,NA
c.115G>A,p.Ala39Thr,p.A39T,A39T,39,1.88,0.03,0.12,1,1,1,1.87,1,0.011,None,0.011,Model_not_applied,,Unclassified,NA
c.116C>T,p.Ala39Val,p.A39V,A39V,39,1.88,0.07,0.06,1,1,1,1.87,1,0.014,None,0.014,Model_not_applied,,Unclassified,Uncertain_significance_Last_reviewed_Nov_21_2019
c.116C>G,p.Ala39Gly,p.A39G,A39G,39,1.88,0.04,0.03,1,1,1,1.87,1,0.005,None,0.005,Model_not_applied,,Unclassified,NA
c.116C>A,p.Ala39Glu,p.A39E,A39E,39,1.88,0.07,0.07,1,1,1,1.87,1,0.018,None,0.018,Model_not_applied,,Unclassified,NA
c.118A>T,p.Met40Leu,p.M40L,M40L,40,0.36,0.03,0.04,1,1,1,1.87,1,0.001,None,0.001,Model_not_applied,,Unclassified,NA
c.118A>G,p.Met40Val,p.M40V,M40V,40,0.36,0.02,0.51,1,1,1,1.87,1,0.007,None,0.007,Model_not_applied,,Unclassified,Uncertain_significance_Last_reviewed_Sep_9_2018
c.118A>C,p.Met40Leu,p.M40L,M40L,40,0.36,0.03,0.04,1,1,1,1.87,1,0.001,None,0.001,Model_not_applied,,Unclassified,NA
c.119T>G,p.Met40Arg,p.M40R,M40R,40,0.53,0.17,0.01,1,1,1,1.87,1,0.002,None,0.002,Model_not_applied,,Unclassified,NA
c.119T>C,p.Met40Thr,p.M40T,M40T,40,0.36,0.07,0.02,1,12.88,1,1.87,1,0.013,None,0.013,Model_not_applied,,Unclassified,Uncertain_significance_Last_reviewed_Mar_24_2016
c.119T>A,p.Met40Lys,p.M40K,M40K,40,0.46,0.30,0.02,1,1,1,1.87,1,0.006,None,0.006,Model_not_applied,,Unclassified,NA
c.120G>T,p.Met40Ile,p.M40I,M40I,40,0.36,0.05,0.11,1,1,1,1.87,1,0.004,None,0.004,Model_not_applied,,Unclassified,NA
c.120G>C,p.Met40Ile,p.M40I,M40I,40,0.36,0.05,0.11,1,1,1,1.87,1,0.004,None,0.004,Model_not_applied,,Unclassified,NA
c.120G>A,p.Met40Ile,p.M40I,M40I,40,0.36,0.05,0.11,1,1,1,1.87,1,0.004,None,0.004,Model_not_applied,,Unclassified,NA
c.121G>T,p.Asp41Tyr,p.D41Y,D41Y,41,2.06,0.30,0.09,1,1,1,1.87,1,0.108,None,0.098,Model_not_applied,,Unclassified,NA
c.121G>C,p.Asp41His,p.D41H,D41H,41,3.79,0.13,0.04,1,1,1,1.87,1,0.032,None,0.031,Model_not_applied,,Unclassified,NA
c.121G>A,p.Asp41Asn,p.D41N,D41N,41,1.57,0.02,0.10,0.18,1.37,1,1.87,1,0.002,None,0.002,Likely_Benign,,Likely_benign,Uncertain_significance_Last_reviewed_Dec_27_2018
c.122A>T,p.Asp41Val,p.D41V,D41V,41,2.40,0.59,0.20,1,1,1,1.87,1,0.541,None,0.351,Model_not_applied,,Unclassified,NA
c.122A>G,p.Asp41Gly,p.D41G,D41G,41,3.95,0.16,0.27,1,1,1,1.87,1,0.311,None,0.237,Model_not_applied,,Unclassified,Uncertain_significance_Last_reviewed_Apr_10_2019
c.122A>C,p.Asp41Ala,p.D41A,D41A,41,3.46,0.17,0.00,1,1,1,1.87,1,0.003,None,0.003,Model_not_applied,,Unclassified,NA
c.123T>G,p.Asp41Glu,p.D41E,D41E,41,2.49,0.03,0.02,1,1,1,1.87,1,0.002,None,0.002,Model_not_applied,,Unclassified,NA
c.123T>A,p.Asp41Glu,p.D41E,D41E,41,2.49,0.03,0.02,1,1,1,1.87,1,0.002,None,0.002,Model_not_applied,,Unclassified,NA
c.124G>T,p.Asp42Tyr,p.D42Y,D42Y,42,1.75,0.08,0.02,1,1,1,1.87,1,0.004,None,0.004,Model_not_applied,,Unclassified,NA
c.124G>C,p.Asp42His,p.D42H,D42H,42,0.71,0.04,0.01,1,1,1,1.87,1,0.001,None,0.001,Model_not_applied,,Unclassified,NA
c.124G>A,p.Asp42Asn,p.D42N,D42N,42,0.36,0.01,0.10,1,1,1,1.00,1,0.000,None,0.000,Model_not_applied,,Unclassified,NA
c.125A>T,p.Asp42Val,p.D42V,D42V,42,1.75,0.11,0.07,1,1,1,1.87,1,0.024,None,0.023,Model_not_applied,,Unclassified,NA
c.125A>G,p.Asp42Gly,p.D42G,D42G,42,1.35,0.04,0.11,1,1.37,1,1.87,1,0.014,None,0.014,Model_not_applied,,Unclassified,Uncertain_significance_Last_reviewed_Sep_13_2018
c.125A>C,p.Asp42Ala,p.D42A,D42A,42,1.62,0.04,0.09,1,1,1,1.87,1,0.011,None,0.011,Model_not_applied,,Unclassified,NA
c.126T>G,p.Asp42Glu,p.D42E,D42E,42,0.36,0.01,0.05,1,1,1,1.87,1,0.000,None,0.000,Model_not_applied,,Unclassified,NA
c.126T>A,p.Asp42Glu,p.D42E,D42E,42,0.36,0.01,0.05,1,1,1,1.87,1,0.000,None,0.000,Model_not_applied,,Unclassified,NA
c.127T>G,p.Leu43Val,p.L43V,L43V,43,0.40,0.06,0.03,1,1,1,1.87,1,0.001,None,0.001,Model_not_applied,,Unclassified,NA
c.127T>A,p.Leu43Met,p.L43M,L43M,43,0.40,0.05,0.12,1,1,1,1.87,1,0.004,None,0.004,Model_not_applied,,Unclassified,Uncertain_significance_Last_reviewed_Dec_21_2018
c.128T>G,p.Leu43Trp,p.L43W,L43W,43,1.55,0.27,0.05,1,1,1,1.87,1,0.038,None,0.037,Model_not_applied,,Unclassified,NA
c.128T>C,p.Leu43Ser,p.L43S,L43S,43,0.40,0.58,0.02,1,1,1,1.87,1,0.009,None,0.009,Model_not_applied,,Unclassified,NA
c.129G>T,p.Leu43Phe,p.L43F,L43F,43,0.75,0.07,0.33,1,1,1,1.87,1,0.030,None,0.030,Model_not_applied,,Unclassified,Uncertain_significance_Last_reviewed_Feb_13_2019
c.129G>C,p.Leu43Phe,p.L43F,L43F,43,0.75,0.07,0.33,1,1,1,1.00,1,0.016,None,0.016,Model_not_applied,,Unclassified,NA
c.130A>T,p.Met44Leu,p.M44L,M44L,44,0.39,0.01,0.01,1,1,1,1.87,1,0.000,None,0.000,Model_not_applied,,Unclassified,NA
c.130A>G,p.Met44Val,p.M44V,M44V,44,0.39,0.01,0.09,1,1,1,1.87,1,0.001,None,0.001,Model_not_applied,,Unclassified,NA
c.130A>C,p.Met44Leu,p.M44L,M44L,44,0.39,0.01,0.01,1,1,1,1.87,1,0.000,None,0.000,Model_not_applied,,Unclassified,NA
c.131T>G,p.Met44Arg,p.M44R,M44R,44,0.39,0.08,0.00,1,1,1,1.87,1,0.000,None,0.000,Model_not_applied,,Unclassified,Uncertain_significance_Last_reviewed_Jan_4_2019
c.131T>C,p.Met44Thr,p.M44T,M44T,44,0.39,0.03,0.03,1,1,1,1.87,1,0.001,None,0.001,Model_not_applied,,Unclassified,NA
c.131T>A,p.Met44Lys,p.M44K,M44K,44,0.57,0.09,0.02,1,1,1,1.87,1,0.002,None,0.002,Model_not_applied,,Unclassified,NA
c.132G>T,p.Met44Ile,p.M44I,M44I,44,0.39,0.01,0.07,1,1,1,1.87,1,0.001,None,0.001,Model_not_applied,,Unclassified,NA
c.132G>C,p.Met44Ile,p.M44I,M44I,44,0.39,0.01,0.07,1,1,1,1.87,1,0.001,None,0.001,Model_not_applied,,Unclassified,NA
c.132G>A,p.Met44Ile,p.M44I,M44I,44,0.39,0.01,0.07,1,1,1,1.87,1,0.001,None,0.001,Model_not_applied,,Unclassified,Uncertain_significance_Last_reviewed_Nov_16_2019
c.133C>G,p.Leu45Val,p.L45V,L45V,45,0.38,0.02,0.03,1,1,1,1.87,1,0.000,None,0.000,Model_not_applied,,Unclassified,Uncertain_significance_Last_reviewed_Mar_15_2019
c.133C>A,p.Leu45Met,p.L45M,L45M,45,0.38,0.03,0.02,1,1,1,1.87,1,0.000,None,0.000,Model_not_applied,,Unclassified,NA
c.134T>G,p.Leu45Arg,p.L45R,L45R,45,0.38,0.09,0.01,1,1,1,1.87,1,0.001,None,0.001,Model_not_applied,,Unclassified,NA
c.134T>C,p.Leu45Pro,p.L45P,L45P,45,0.38,0.07,0.01,1,1,1,1.87,1,0.000,None,0.000,Model_not_applied,,Unclassified,Uncertain_significance_Last_reviewed_Jul_11_2019
c.134T>A,p.Leu45Gln,p.L45Q,L45Q,45,0.38,0.08,0.01,1,1,1,1.87,1,0.001,None,0.001,Model_not_applied,,Unclassified,NA
c.136T>G,p.Ser46Ala,p.S46A,S46A,46,2.14,0.02,0.04,1,1,1,1.87,1,0.003,None,0.003,Model_not_applied,,Unclassified,NA
c.136T>C,p.Ser46Pro,p.S46P,S46P,46,2.14,0.03,0.19,0.18,1,1,1.87,1,0.004,None,0.004,Likely_Benign,,Likely_benign,Uncertain_significance_Last_reviewed_Jun_5_2015
c.136T>A,p.Ser46Thr,p.S46T,S46T,46,2.14,0.02,0.01,1,1,1,1.87,1,0.001,None,0.001,Model_not_applied,,Unclassified,NA
c.137C>T,p.Ser46Phe,p.S46F,S46F,46,2.14,0.06,0.05,0.50,1,1,1.87,1,0.006,None,0.006,Likely_Benign,,VUS,NA
c.137C>G,p.Ser46Cys,p.S46C,S46C,46,2.14,0.04,0.01,1,1,1,1.87,1,0.002,None,0.002,Model_not_applied,,Unclassified,NA
c.137C>A,p.Ser46Tyr,p.S46Y,S46Y,46,2.44,0.05,0.05,1,1,1,1.87,1,0.011,None,0.011,Model_not_applied,,Unclassified,Uncertain_significance_Last_reviewed_Nov_8_2018
c.139C>T,p.Pro47Ser,p.P47S,P47S,47,1.30,0.01,0.02,1,1,1,0.00,0.00,0.000,None,0.000,Benign,,Unclassified,Benign_Last_reviewed_Aug_28_2019
c.139C>G,p.Pro47Ala,p.P47A,P47A,47,0.48,0.01,0.00,1,1,1,1.87,1,0.000,None,0.000,Model_not_applied,,Unclassified,NA
c.139C>A,p.Pro47Thr,p.P47T,P47T,47,0.32,0.01,0.03,1,1,1,1.00,0.66,0.000,None,0.000,Benign,,Unclassified,Uncertain_significance_Last_reviewed_Dec_9_2019
c.140C>T,p.Pro47Leu,p.P47L,P47L,47,0.65,0.04,0.10,0.50,1,1,1.87,1,0.002,None,0.002,Likely_Benign,,Likely_benign,NA
c.140C>G,p.Pro47Arg,p.P47R,P47R,47,0.58,0.05,0.33,1,1,1,1.87,1,0.019,None,0.018,Model_not_applied,,Unclassified,Conflicting_interpretations_of_pathogenicity_Last_reviewed_Oct_4_2019
c.140C>A,p.Pro47Gln,p.P47Q,P47Q,47,0.58,0.04,0.03,1,1,1,1.87,1,0.001,None,0.001,Model_not_applied,,Unclassified,NA
c.144C>G,p.Asp48Glu,p.D48E,D48E,48,0.30,0.01,0.02,1,1,1,1.87,1,0.000,None,0.000,Model_not_applied,,Unclassified,NA
c.144C>A,p.Asp48Glu,p.D48E,D48E,48,0.30,0.01,0.02,1,1,1,1.87,1,0.000,None,0.000,Model_not_applied,,Unclassified,Likely_benign_Last_reviewed_Sep_4_2020
c.142G>T,p.Asp48Tyr,p.D48Y,D48Y,48,1.19,0.06,0.05,1,1,1,1.87,1,0.007,None,0.007,Model_not_applied,,Unclassified,NA
c.142G>C,p.Asp48His,p.D48H,D48H,48,0.43,0.05,0.00,1,1,1,1.87,1,0.000,None,0.000,Model_not_applied,,Unclassified,NA
c.142G>A,p.Asp48Asn,p.D48N,D48N,48,0.31,0.01,0.03,1,1,1,1.87,1,0.000,None,0.000,Model_not_applied,,Unclassified,NA
c.143A>T,p.Asp48Val,p.D48V,D48V,48,0.91,0.06,0.01,1,1,1,1.87,1,0.001,None,0.001,Model_not_applied,,Unclassified,NA
c.143A>G,p.Asp48Gly,p.D48G,D48G,48,0.31,0.03,0.15,1,1,1,1.87,1,0.003,None,0.003,Model_not_applied,,Unclassified,NA
c.143A>C,p.Asp48Ala,p.D48A,D48A,48,0.65,0.03,0.04,1,1,1,1.87,1,0.002,None,0.002,Model_not_applied,,Unclassified,NA
c.145G>T,p.Asp49Tyr,p.D49Y,D49Y,49,2.41,0.09,0.03,0.32,1,1,1.87,1,0.004,None,0.004,Likely_Benign,,VUS,NA
c.145G>C,p.Asp49His,p.D49H,D49H,49,2.41,0.06,0.04,1.77,0.39,1,1.00,1,0.004,None,0.004,Likely_Benign,,VUS,Uncertain_significance_Last_reviewed_Dec_17_2019
c.145G>A,p.Asp49Asn,p.D49N,D49N,49,2.41,0.01,0.08,1,1,1,1.00,1,0.001,None,0.001,Model_not_applied,,Unclassified,Likely_benign_Last_reviewed_Aug_28_2019
c.146A>T,p.Asp49Val,p.D49V,D49V,49,2.82,0.08,0.09,1,1,1,1.87,1,0.035,None,0.034,Model_not_applied,,Unclassified,NA
c.146A>G,p.Asp49Gly,p.D49G,D49G,49,2.41,0.04,0.02,1,1,1,1.00,1,0.002,None,0.002,Model_not_applied,,Unclassified,Conflicting_interpretations_of_pathogenicity_Last_reviewed_Sep_30_2020
c.146A>C,p.Asp49Ala,p.D49A,D49A,49,2.41,0.05,0.03,1,1,1,1.87,1,0.006,None,0.006,Model_not_applied,,Unclassified,NA
c.147T>G,p.Asp49Glu,p.D49E,D49E,49,2.41,0.01,0.05,1,1,1,1.87,1,0.002,None,0.002,Model_not_applied,,Unclassified,NA
c.147T>A,p.Asp49Glu,p.D49E,D49E,49,2.41,0.01,0.05,1,1,1,1.87,1,0.002,None,0.002,Model_not_applied,,Unclassified,NA
c.148A>T,p.Ile50Phe,p.I50F,I50F,50,1.45,0.03,0.12,1,1,1,1.87,1,0.009,None,0.009,Model_not_applied,,Unclassified,NA
c.148A>G,p.Ile50Val,p.I50V,I50V,50,1.62,0.00,0.29,1,1,1,1.87,1,0.003,None,0.003,Model_not_applied,,Unclassified,NA
c.148A>C,p.Ile50Leu,p.I50L,I50L,50,1.62,0.01,0.26,1,1,1,1.87,1,0.009,None,0.009,Model_not_applied,,Unclassified,NA
c.149T>G,p.Ile50Ser,p.I50S,I50S,50,1.62,0.10,0.01,1,1,1,1.87,1,0.002,None,0.002,Model_not_applied,,Unclassified,NA
c.149T>C,p.Ile50Thr,p.I50T,I50T,50,1.62,0.04,0.02,1,1.37,1,1.87,1,0.004,None,0.004,Model_not_applied,,Unclassified,Uncertain_significance_Last_reviewed_Sep_9_2019
c.149T>A,p.Ile50Asn,p.I50N,I50N,50,4.44,0.06,0.00,1,1,1,1.87,1,0.002,None,0.002,Model_not_applied,,Unclassified,Uncertain_significance_Last_reviewed_Sep_28_2019
c.150T>G,p.Ile50Met,p.I50M,I50M,50,1.62,0.01,0.22,1,1,1,1.87,1,0.009,None,0.009,Model_not_applied,,Unclassified,NA
c.151G>C,p.Glu51Gln,p.E51Q,E51Q,51,2.14,0.01,0.01,1,1,1,1.87,1,0.001,None,0.001,Model_not_applied,,Unclassified,NA
c.151G>A,p.Glu51Lys,p.E51K,E51K,51,2.75,0.05,0.08,1,1,1,1.87,1,0.018,None,0.018,Model_not_applied,,Unclassified,Uncertain_significance_Last_reviewed_Feb_27_2019
c.152A>T,p.Glu51Val,p.E51V,E51V,51,2.14,0.02,0.12,1,1,1,1.87,1,0.009,None,0.009,Model_not_applied,,Unclassified,NA
c.152A>G,p.Glu51Gly,p.E51G,E51G,51,2.14,0.01,0.05,1,1,1,1.87,1,0.003,None,0.003,Model_not_applied,,Unclassified,Uncertain_significance_Last_reviewed_Apr_4_2018
c.152A>C,p.Glu51Ala,p.E51A,E51A,51,2.14,0.01,0.01,1,1,1,1.87,1,0.000,None,0.000,Model_not_applied,,Unclassified,NA
c.153A>T,p.Glu51Asp,p.E51D,E51D,51,2.14,0.01,0.26,1,1,1,1.87,1,0.007,None,0.007,Model_not_applied,,Unclassified,NA
c.153A>C,p.Glu51Asp,p.E51D,E51D,51,2.14,0.01,0.26,1,1,1,1.87,1,0.007,None,0.007,Model_not_applied,,Unclassified,NA
c.156A>T,p.Gln52His,p.Q52H,Q52H,52,2.55,0.02,0.04,1,1,1,1.87,1,0.003,None,0.003,Model_not_applied,,Unclassified,NA
c.156A>C,p.Gln52His,p.Q52H,Q52H,52,2.55,0.02,0.04,1,1,1,1.87,1,0.003,None,0.003,Model_not_applied,,Unclassified,NA
c.154C>G,p.Gln52Glu,p.Q52E,Q52E,52,2.15,0.01,0.00,1,1,1,1.87,1,0.000,None,0.000,Model_not_applied,,Unclassified,NA
c.154C>A,p.Gln52Lys,p.Q52K,Q52K,52,2.15,0.01,0.04,1,1,1,1.87,1,0.001,None,0.001,Model_not_applied,,Unclassified,NA
c.155A>T,p.Gln52Leu,p.Q52L,Q52L,52,3.96,0.03,0.04,1,1,1,1.87,1,0.010,None,0.010,Model_not_applied,,Unclassified,NA
c.155A>G,p.Gln52Arg,p.Q52R,Q52R,52,2.15,0.01,1.77,1,6.43,1,1.87,1,0.461,None,0.315,Model_not_applied,,Unclassified,Uncertain_significance_Last_reviewed_Apr_2_2020
c.155A>C,p.Gln52Pro,p.Q52P,Q52P,52,2.15,0.05,0.02,1,1,1,1.87,1,0.003,None,0.003,Model_not_applied,,Unclassified,NA
c.158G>T,p.Trp53Leu,p.W53L,W53L,53,1.00,0.05,0.05,1,1,1,1.87,1,0.004,None,0.004,Model_not_applied,,Unclassified,NA
c.157T>G,p.Trp53Gly,p.W53G,W53G,53,1.00,0.11,0.52,1,1,1,1.87,1,0.105,None,0.095,Model_not_applied,,Unclassified,NA
c.157T>C,p.Trp53Arg,p.W53R,W53R,53,1.00,0.11,0.05,1,1,1,1.87,1,0.010,None,0.010,Model_not_applied,,Unclassified,NA
c.157T>A,p.Trp53Arg,p.W53R,W53R,53,1.00,0.11,0.05,1,1,1,1.87,1,0.010,None,0.010,Model_not_applied,,Unclassified,NA
c.158G>C,p.Trp53Ser,p.W53S,W53S,53,1.00,0.08,0.02,1,1,1,1.87,1,0.004,None,0.004,Model_not_applied,,Unclassified,NA
c.159G>T,p.Trp53Cys,p.W53C,W53C,53,1.00,0.08,0.07,0.08,1,1,1.87,1,0.001,None,0.001,Benign,,Likely_benign,NA
c.159G>C,p.Trp53Cys,p.W53C,W53C,53,1.00,0.08,0.07,0.18,1,1,1.87,1,0.002,None,0.002,Likely_Benign,,Likely_benign,NA
c.162C>A,p.Phe54Leu,p.F54L,F54L,54,1.00,0.01,0.03,1,1,1,1.87,1,0.001,None,0.001,Model_not_applied,,Unclassified,NA
c.160T>A,p.Phe54Ile,p.F54I,F54I,54,1.00,0.02,0.21,1,1,1,1.87,1,0.007,None,0.007,Model_not_applied,,Unclassified,NA
c.160T>C,p.Phe54Leu,p.F54L,F54L,54,1.00,0.01,0.03,1,1,1,1.87,1,0.001,None,0.001,Model_not_applied,,Unclassified,Likely_benign_Last_reviewed_Oct_10_2016
c.162C>G,p.Phe54Leu,p.F54L,F54L,54,1.00,0.01,0.03,1,1,1,1.87,1,0.001,None,0.001,Model_not_applied,,Unclassified,NA
c.160T>G,p.Phe54Val,p.F54V,F54V,54,1.00,0.02,0.88,1,1,1,1.87,1,0.026,None,0.026,Model_not_applied,,Unclassified,NA
c.161T>G,p.Phe54Cys,p.F54C,F54C,54,1.00,0.07,0.02,1,1,1,1.87,1,0.003,None,0.003,Model_not_applied,,Unclassified,NA
c.161T>C,p.Phe54Ser,p.F54S,F54S,54,1.00,0.06,0.49,1,1,1,1.87,1,0.059,None,0.056,Model_not_applied,,Unclassified,NA
c.161T>A,p.Phe54Tyr,p.F54Y,F54Y,54,1.00,0.04,0.01,1,1,1,1.87,1,0.001,None,0.001,Model_not_applied,,Unclassified,NA
c.164C>A,p.Thr55Asn,p.T55N,T55N,55,1.00,0.01,0.03,1,1,1,1.87,1,0.000,None,0.000,Model_not_applied,,Unclassified,NA
c.163A>T,p.Thr55Ser,p.T55S,T55S,55,1.00,0.00,0.05,1,1,1,1.87,1,0.000,None,0.000,Model_not_applied,,Unclassified,NA
c.163A>G,p.Thr55Ala,p.T55A,T55A,55,1.00,0.01,0.13,1,1,1,1.87,1,0.002,None,0.002,Model_not_applied,,Unclassified,NA
c.163A>C,p.Thr55Pro,p.T55P,T55P,55,1.00,0.03,0.20,1,1,1,1.87,1,0.013,None,0.013,Model_not_applied,,Unclassified,NA
c.164C>T,p.Thr55Ile,p.T55I,T55I,55,1.00,0.01,0.07,1,1,1,1.87,1,0.001,None,0.001,Model_not_applied,,Unclassified,NA
c.164C>G,p.Thr55Ser,p.T55S,T55S,55,1.00,0.00,0.05,1,1,1,1.87,1,0.000,None,0.000,Model_not_applied,,Unclassified,NA
c.166G>C,p.Glu56Gln,p.E56Q,E56Q,56,1.00,0.01,0.01,1,1,1,1.87,1,0.000,None,0.000,Model_not_applied,,Unclassified,NA
c.166G>A,p.Glu56Lys,p.E56K,E56K,56,1.00,0.08,0.04,0.50,1,1,1.87,1,0.003,None,0.003,Likely_Benign,,Likely_benign,NA
c.167A>T,p.Glu56Val,p.E56V,E56V,56,1.00,0.08,0.01,1,1,1,1.87,1,0.001,None,0.001,Model_not_applied,,Unclassified,NA
c.167A>G,p.Glu56Gly,p.E56G,E56G,56,1.00,0.03,0.09,1,1,1,1.87,1,0.005,None,0.005,Model_not_applied,,Unclassified,NA
c.167A>C,p.Glu56Ala,p.E56A,E56A,56,1.00,0.06,0.01,1,1,1,1.87,1,0.001,None,0.001,Model_not_applied,,Unclassified,NA
c.168A>T,p.Glu56Asp,p.E56D,E56D,56,1.00,0.02,0.02,1,1,1,1.87,1,0.001,None,0.001,Model_not_applied,,Unclassified,NA
c.168A>C,p.Glu56Asp,p.E56D,E56D,56,1.00,0.02,0.02,1,1,1,1.87,1,0.001,None,0.001,Model_not_applied,,Unclassified,NA
c.169G>T,p.Asp57Tyr,p.D57Y,D57Y,57,1.00,0.10,0.03,1,1,1,1.87,1,0.006,None,0.006,Model_not_applied,,Unclassified,NA
c.169G>C,p.Asp57His,p.D57H,D57H,57,1.00,0.06,0.04,1,1,1,1.87,1,0.005,None,0.005,Model_not_applied,,Unclassified,NA
c.169G>A,p.Asp57Asn,p.D57N,D57N,57,1.00,0.01,0.10,1,1,1,1.87,1,0.003,None,0.002,Model_not_applied,,Unclassified,NA
c.170A>T,p.Asp57Val,p.D57V,D57V,57,1.00,0.10,0.00,1,1,1,1.87,1,0.001,None,0.001,Model_not_applied,,Unclassified,NA
c.170A>G,p.Asp57Gly,p.D57G,D57G,57,1.00,0.05,0.07,1,1,1,1.00,1,0.003,None,0.003,Model_not_applied,,Unclassified,NA
c.170A>C,p.Asp57Ala,p.D57A,D57A,57,1.00,0.05,0.01,1,1,1,1.87,1,0.001,None,0.001,Model_not_applied,,Unclassified,NA
c.171C>G,p.Asp57Glu,p.D57E,D57E,57,1.00,0.03,0.03,1,1,1,1.87,1,0.001,None,0.001,Model_not_applied,,Unclassified,NA
c.171C>A,p.Asp57Glu,p.D57E,D57E,57,1.00,0.03,0.03,1,1,1,1.87,1,0.001,None,0.001,Model_not_applied,,Unclassified,Uncertain_significance_Last_reviewed_Aug_5_2016
c.173C>G,p.Pro58Arg,p.P58R,P58R,58,1.00,0.04,0.42,1,1,1,0.05,0.13,0.000,None,0.000,Benign,,Unclassified,Conflicting_interpretations_of_pathogenicity_Last_reviewed_Dec_31_2019
c.172C>T,p.Pro58Ser,p.P58S,P58S,58,1.00,0.02,0.02,1,1,1,1.87,1,0.001,None,0.001,Model_not_applied,,Unclassified,NA
c.172C>G,p.Pro58Ala,p.P58A,P58A,58,1.00,0.03,0.01,1,1,1,1.87,1,0.001,None,0.001,Model_not_applied,,Unclassified,NA
c.172C>A,p.Pro58Thr,p.P58T,P58T,58,1.00,0.03,0.03,1,1,1,1.87,1,0.002,None,0.002,Model_not_applied,,Unclassified,Uncertain_significance_Last_reviewed_May_4_2019
c.173C>T,p.Pro58Leu,p.P58L,P58L,58,1.00,0.05,0.08,1,1,1,1.87,1,0.007,None,0.007,Model_not_applied,,Unclassified,NA
c.173C>A,p.Pro58Gln,p.P58Q,P58Q,58,1.00,0.03,0.07,1,1,1,1.87,1,0.004,None,0.004,Model_not_applied,,Unclassified,NA
c.175G>T,p.Gly59Cys,p.G59C,G59C,59,1.00,0.07,0.04,0.18,1,1,1.00,1,0.000,None,0.000,Benign,,Likely_benign,NA
c.176G>C,p.Gly59Ala,p.G59A,G59A,59,1.00,0.02,0.04,1,1,1,1.87,1,0.001,None,0.001,Model_not_applied,,Unclassified,NA
c.175G>C,p.Gly59Arg,p.G59R,G59R,59,1.00,0.07,0.95,1,1,1,1.87,1,0.121,None,0.108,Model_not_applied,,Unclassified,NA
c.175G>A,p.Gly59Ser,p.G59S,G59S,59,1.00,0.05,0.05,1,1,1,1.87,1,0.004,None,0.004,Model_not_applied,,Unclassified,NA
c.176G>T,p.Gly59Val,p.G59V,G59V,59,1.00,0.03,0.09,1,1,1,1.87,1,0.006,None,0.006,Model_not_applied,,Unclassified,NA
c.176G>A,p.Gly59Asp,p.G59D,G59D,59,1.00,0.04,0.03,0.18,1,1,1.87,1,0.000,None,0.000,Benign,,Likely_benign,Uncertain_significance_Last_reviewed_May_19_2019
c.179C>G,p.Pro60Arg,p.P60R,P60R,60,1.00,0.07,0.12,1,1,1,1.87,1,0.017,None,0.017,Model_not_applied,,Unclassified,NA
c.178C>T,p.Pro60Ser,p.P60S,P60S,60,1.00,0.01,0.89,1,1,1,1.87,1,0.022,None,0.022,Model_not_applied,,Unclassified,NA
c.178C>G,p.Pro60Ala,p.P60A,P60A,60,1.00,0.02,0.37,1,1,1,1.87,1,0.016,None,0.015,Model_not_applied,,Unclassified,NA
c.178C>A,p.Pro60Thr,p.P60T,P60T,60,1.00,0.03,0.05,1,1,1,1.87,1,0.003,None,0.003,Model_not_applied,,Unclassified,NA
c.179C>T,p.Pro60Leu,p.P60L,P60L,60,1.00,0.04,0.14,0.32,1,1,1.87,1,0.003,None,0.003,Likely_Benign,,Likely_benign,Conflicting_interpretations_of_pathogenicity_Last_reviewed_Jul_8_2019
c.179C>A,p.Pro60Gln,p.P60Q,P60Q,60,1.00,0.04,0.06,1,1,1,1.87,1,0.004,None,0.004,Model_not_applied,,Unclassified,NA
c.181G>T,p.Asp61Tyr,p.D61Y,D61Y,61,1.00,0.05,0.06,1,1,1,1.87,1,0.006,None,0.006,Model_not_applied,,Unclassified,NA
c.181G>C,p.Asp61His,p.D61H,D61H,61,1.00,0.02,0.18,1,1,1,1.87,1,0.008,None,0.008,Model_not_applied,,Unclassified,NA
c.181G>A,p.Asp61Asn,p.D61N,D61N,61,1.00,0.01,0.04,0.50,1,1,1.87,1,0.000,None,0.000,Benign,,Likely_benign,NA
c.182A>T,p.Asp61Val,p.D61V,D61V,61,1.00,0.06,0.24,1,1,1,1.87,1,0.029,None,0.029,Model_not_applied,,Unclassified,NA
c.182A>G,p.Asp61Gly,p.D61G,D61G,61,1.00,0.03,0.05,0.18,10.47,1,1.00,1,0.003,None,0.003,Model_not_applied,,Likely_benign,Uncertain_significance_Last_reviewed_Nov_8_2019
c.182A>C,p.Asp61Ala,p.D61A,D61A,61,1.00,0.03,0.01,1,1,1,1.87,1,0.001,None,0.001,Model_not_applied,,Unclassified,NA
c.183T>G,p.Asp61Glu,p.D61E,D61E,61,1.00,0.01,0.06,1,1,1,1.87,1,0.001,None,0.001,Model_not_applied,,Unclassified,NA
c.183T>A,p.Asp61Glu,p.D61E,D61E,61,1.00,0.01,0.06,1,1,1,1.87,1,0.001,None,0.001,Model_not_applied,,Unclassified,Uncertain_significance_Last_reviewed_Jun_5_2019
c.184G>C,p.Glu62Gln,p.E62Q,E62Q,62,1.00,0.03,0.36,1,1,1,1.87,1,0.021,None,0.020,Model_not_applied,,Unclassified,NA
c.184G>A,p.Glu62Lys,p.E62K,E62K,62,1.00,0.08,0.10,1,1,1,1.87,1,0.015,None,0.014,Model_not_applied,,Unclassified,Uncertain_significance_Last_reviewed_Apr_18_2019
c.185A>T,p.Glu62Val,p.E62V,E62V,62,1.00,0.08,0.04,1,1,1,1.87,1,0.006,None,0.006,Model_not_applied,,Unclassified,NA
c.185A>G,p.Glu62Gly,p.E62G,E62G,62,1.00,0.02,0.27,1,1,1,1.87,1,0.012,None,0.012,Model_not_applied,,Unclassified,NA
c.185A>C,p.Glu62Ala,p.E62A,E62A,62,1.00,0.06,0.09,1,1,1,1.87,1,0.010,None,0.010,Model_not_applied,,Unclassified,NA
c.186A>T,p.Glu62Asp,p.E62D,E62D,62,1.00,0.01,0.06,1,1,1,1.87,1,0.001,None,0.001,Model_not_applied,,Unclassified,NA
c.186A>C,p.Glu62Asp,p.E62D,E62D,62,1.00,0.01,0.06,0.18,1,1,1.87,1,0.000,None,0.000,Benign,,Likely_benign,NA
c.187G>T,p.Ala63Ser,p.A63S,A63S,63,2.14,0.02,0.15,1,1,1,1.87,1,0.014,None,0.014,Model_not_applied,,Unclassified,NA
c.187G>C,p.Ala63Pro,p.A63P,A63P,63,2.14,0.04,0.09,1,1,1,1.87,1,0.014,None,0.014,Model_not_applied,,Unclassified,NA
c.187G>A,p.Ala63Thr,p.A63T,A63T,63,2.14,0.02,0.07,1,1,1,1.87,1,0.005,None,0.005,Model_not_applied,,Unclassified,Uncertain_significance_Last_reviewed_Mar_25_2015
c.188C>T,p.Ala63Val,p.A63V,A63V,63,2.14,0.03,0.08,0.08,1.37,1,1.00,1,0.001,None,0.001,Benign,,Likely_benign,Uncertain_significance_Last_reviewed_Oct_22_2020
c.188C>G,p.Ala63Gly,p.A63G,A63G,63,2.14,0.01,0.07,1,1,1,1.00,1,0.002,None,0.002,Model_not_applied,,Unclassified,Uncertain_significance_Last_reviewed_Jul_9_2019
c.188C>A,p.Ala63Asp,p.A63D,A63D,63,4.10,0.03,0.03,1,1,1,1.87,1,0.007,None,0.007,Model_not_applied,,Unclassified,NA
c.191C>A,p.Pro64His,p.P64H,P64H,64,0.60,0.02,0.05,1,1,1,1.87,1,0.001,None,0.001,Model_not_applied,,Unclassified,NA
c.190C>T,p.Pro64Ser,p.P64S,P64S,64,0.98,0.01,0.17,1,1,1,1.87,1,0.003,None,0.003,Model_not_applied,,Unclassified,NA
c.190C>G,p.Pro64Ala,p.P64A,P64A,64,0.31,0.02,0.16,1,1,1,1.87,1,0.001,None,0.001,Model_not_applied,,Unclassified,NA
c.190C>A,p.Pro64Thr,p.P64T,P64T,64,0.31,0.01,0.06,1,1,1,1.87,1,0.000,None,0.000,Model_not_applied,,Unclassified,NA
c.191C>T,p.Pro64Leu,p.P64L,P64L,64,0.31,0.01,0.05,1,1,1,1.87,1,0.000,None,0.000,Model_not_applied,,Unclassified,NA
c.191C>G,p.Pro64Arg,p.P64R,P64R,64,0.67,0.02,0.04,1,1,1,1.87,1,0.001,None,0.001,Model_not_applied,,Unclassified,NA
c.193A>G,p.Arg65Gly,p.R65G,R65G,65,0.47,0.02,0.07,1,1,1,1.87,1,0.001,None,0.001,Model_not_applied,,Unclassified,Likely_benign_Last_reviewed_Nov_6_2019
c.194G>T,p.Arg65Ile,p.R65I,R65I,65,0.47,0.02,0.07,1,1,1,1.87,1,0.001,None,0.001,Model_not_applied,,Unclassified,NA
c.194G>C,p.Arg65Thr,p.R65T,R65T,65,0.47,0.01,0.14,1,1,1,1.87,1,0.001,None,0.001,Model_not_applied,,Unclassified,Uncertain_significance_Last_reviewed_Dec_9_2016
c.194G>A,p.Arg65Lys,p.R65K,R65K,65,0.47,0.01,0.10,1,1,1,1.87,1,0.001,None,0.001,Model_not_applied,,Unclassified,NA
c.195A>T,p.Arg65Ser,p.R65S,R65S,65,0.57,0.02,0.03,1,1,1,1.87,1,0.000,None,0.000,Model_not_applied,,Unclassified,NA
c.195A>C,p.Arg65Ser,p.R65S,R65S,65,0.57,0.02,0.03,1,1,1,1.87,1,0.000,None,0.000,Model_not_applied,,Unclassified,NA
c.196A>T,p.Met66Leu,p.M66L,M66L,66,1.67,0.01,0.03,1,1,1,1.87,1,0.001,None,0.001,Model_not_applied,,Unclassified,NA
c.196A>G,p.Met66Val,p.M66V,M66V,66,1.43,0.00,0.69,1,1,1,1.87,1,0.008,None,0.008,Model_not_applied,,Unclassified,NA
c.196A>C,p.Met66Leu,p.M66L,M66L,66,1.67,0.01,0.03,1,1,1,1.87,1,0.001,None,0.001,Model_not_applied,,Unclassified,NA
c.197T>G,p.Met66Arg,p.M66R,M66R,66,3.93,0.03,0.21,1,1,1,1.87,1,0.046,None,0.044,Model_not_applied,,Unclassified,NA
c.197T>C,p.Met66Thr,p.M66T,M66T,66,1.84,0.02,0.12,1,1,1,1.87,1,0.008,None,0.008,Model_not_applied,,Unclassified,NA
c.197T>A,p.Met66Lys,p.M66K,M66K,66,4.92,0.04,0.06,1,1,1,1.87,1,0.021,None,0.020,Model_not_applied,,Unclassified,NA
c.198G>T,p.Met66Ile,p.M66I,M66I,66,1.43,0.02,0.07,1,1,1,1.87,1,0.003,None,0.003,Model_not_applied,,Unclassified,NA
c.198G>C,p.Met66Ile,p.M66I,M66I,66,1.43,0.02,0.07,1,1,1,1.87,1,0.003,None,0.003,Model_not_applied,,Unclassified,NA
c.198G>A,p.Met66Ile,p.M66I,M66I,66,1.43,0.02,0.07,1,1,1,1.87,1,0.003,None,0.003,Model_not_applied,,Unclassified,Uncertain_significance_Last_reviewed_Jul_8_2016
c.199C>T,p.Pro67Ser,p.P67S,P67S,67,1.00,0.00,0.04,0.32,1,1,1.87,1,0.000,None,0.000,Benign,,Benign,Uncertain_significance_Last_reviewed_Apr_5_2019
c.199C>G,p.Pro67Ala,p.P67A,P67A,67,1.00,0.00,2.38,1,1,1,1.87,1,0.018,None,0.018,Model_not_applied,,Unclassified,NA
c.199C>A,p.Pro67Thr,p.P67T,P67T,67,1.00,0.01,0.02,1,1,1,1.87,1,0.000,None,0.000,Model_not_applied,,Unclassified,NA
c.200C>T,p.Pro67Leu,p.P67L,P67L,67,1.00,0.01,0.06,0.18,1,1,1.87,1,0.000,None,0.000,Benign,,Likely_benign,NA
c.200C>G,p.Pro67Arg,p.P67R,P67R,67,1.00,0.02,0.14,1,1,1,1.87,1,0.006,None,0.006,Model_not_applied,,Unclassified,NA
c.200C>A,p.Pro67Gln,p.P67Q,P67Q,67,1.00,0.01,0.10,1,1,1,1.87,1,0.003,None,0.003,Model_not_applied,,Unclassified,Uncertain_significance_Last_reviewed_Nov_18_2017
c.202G>C,p.Glu68Gln,p.E68Q,E68Q,68,1.00,0.01,0.04,1,1,1,1.87,1,0.001,None,0.001,Model_not_applied,,Unclassified,Uncertain_significance_Last_reviewed_May_14_2019
c.202G>A,p.Glu68Lys,p.E68K,E68K,68,1.00,0.03,0.06,1,1,1,1.87,1,0.004,None,0.004,Model_not_applied,,Unclassified,NA
c.203A>T,p.Glu68Val,p.E68V,E68V,68,1.00,0.01,0.04,1,1,1,1.87,1,0.001,None,0.001,Model_not_applied,,Unclassified,NA
c.203A>G,p.Glu68Gly,p.E68G,E68G,68,1.00,0.00,0.85,0.50,1,1,1.87,1,0.004,None,0.004,Likely_Benign,,Likely_benign,NA
c.203A>C,p.Glu68Ala,p.E68A,E68A,68,1.00,0.01,0.11,1,1,1,1.87,1,0.001,None,0.001,Model_not_applied,,Unclassified,NA
c.204G>T,p.Glu68Asp,p.E68D,E68D,68,1.00,0.01,0.04,1,1,1,1.87,1,0.001,None,0.001,Model_not_applied,,Unclassified,NA
c.204G>C,p.Glu68Asp,p.E68D,E68D,68,1.00,0.01,0.04,1,1,1,1.87,1,0.001,None,0.001,Model_not_applied,,Unclassified,NA
c.205G>T,p.Ala69Ser,p.A69S,A69S,69,1.00,0.01,0.11,1,1,1,1.87,1,0.002,None,0.002,Model_not_applied,,Unclassified,NA
c.205G>C,p.Ala69Pro,p.A69P,A69P,69,1.00,0.01,0.64,1,1,1,1.87,1,0.015,None,0.015,Model_not_applied,,Unclassified,Uncertain_significance_Last_reviewed_Aug_8_2019
c.205G>A,p.Ala69Thr,p.A69T,A69T,69,1.00,0.01,0.03,1,1,1,1.87,1,0.001,None,0.001,Model_not_applied,,Unclassified,Uncertain_significance_Last_reviewed_Jul_30_2019
c.206C>T,p.Ala69Val,p.A69V,A69V,69,1.00,0.02,0.17,1,1,1,1.87,1,0.006,None,0.006,Model_not_applied,,Unclassified,Uncertain_significance_Last_reviewed_Dec_5_2018
c.206C>G,p.Ala69Gly,p.A69G,A69G,69,1.00,0.01,3.83,0.32,1,1,1.87,1,0.032,None,0.031,Likely_Benign,,Likely_benign,Uncertain_significance_Last_reviewed_Aug_28_2019
c.206C>A,p.Ala69Asp,p.A69D,A69D,69,1.00,0.03,0.06,1,1,1,1.87,1,0.003,None,0.003,Model_not_applied,,Unclassified,NA
c.208G>T,p.Ala70Ser,p.A70S,A70S,70,1.00,0.01,0.24,1,1,1,1.87,1,0.003,None,0.003,Model_not_applied,,Unclassified,NA
c.208G>C,p.Ala70Pro,p.A70P,A70P,70,1.00,0.01,0.16,1,1,1,1.87,1,0.004,None,0.004,Model_not_applied,,Unclassified,NA
c.208G>A,p.Ala70Thr,p.A70T,A70T,70,1.00,0.01,0.03,1,1,1,1.87,1,0.001,None,0.001,Model_not_applied,,Unclassified,NA
c.209C>T,p.Ala70Val,p.A70V,A70V,70,1.00,0.03,0.16,1,1,1,1.87,1,0.008,None,0.008,Model_not_applied,,Unclassified,Uncertain_significance_Last_reviewed_Nov_18_2018
c.209C>G,p.Ala70Gly,p.A70G,A70G,70,1.00,0.02,0.13,1,1,1,1.87,1,0.004,None,0.004,Model_not_applied,,Unclassified,NA
c.209C>A,p.Ala70Asp,p.A70D,A70D,70,1.00,0.03,0.03,1,1,1,1.87,1,0.001,None,0.001,Model_not_applied,,Unclassified,NA
c.211C>T,p.Pro71Ser,p.P71S,P71S,71,1.00,0.01,0.46,1,1,1,1.87,1,0.006,None,0.006,Model_not_applied,,Unclassified,Uncertain_significance_Last_reviewed_Oct_29_2019
c.211C>G,p.Pro71Ala,p.P71A,P71A,71,1.00,0.01,0.14,1,1,1,1.87,1,0.002,None,0.002,Model_not_applied,,Unclassified,Uncertain_significance_Last_reviewed_Mar_6_2018
c.211C>A,p.Pro71Thr,p.P71T,P71T,71,1.00,0.01,0.04,1,1,1,1.87,1,0.001,None,0.001,Model_not_applied,,Unclassified,NA
c.212C>T,p.Pro71Leu,p.P71L,P71L,71,1.00,0.02,0.06,1,1,1,1.87,1,0.002,None,0.002,Model_not_applied,,Unclassified,NA
c.212C>G,p.Pro71Arg,p.P71R,P71R,71,1.00,0.02,0.02,1,1,1,1.87,1,0.001,None,0.001,Model_not_applied,,Unclassified,Uncertain_significance_Last_reviewed_Jun_6_2017
c.212C>A,p.Pro71His,p.P71H,P71H,71,1.00,0.01,0.02,1,1,1,1.87,1,0.001,None,0.001,Model_not_applied,,Unclassified,NA
c.215C>G,p.Pro72Arg,p.P72R,P72R,72,1.00,0.03,2.26,1,1,1,0.00,0.00,0.000,None,0.000,Benign,,Unclassified,drug_response_Last_reviewed_Oct_17_2016
c.214C>T,p.Pro72Ser,p.P72S,P72S,72,1.00,0.01,0.06,1,1,1,1.00,1,0.001,None,0.001,Model_not_applied,,Unclassified,Uncertain_significance_Last_reviewed_Sep_29_2016
c.214C>G,p.Pro72Ala,p.P72A,P72A,72,1.00,0.01,10.42,1,6.79,1.00,1.00,1,0.548,None,0.354,Model_not_applied,,Unclassified,Uncertain_significance_Last_reviewed_Feb_5_2020
c.214C>A,p.Pro72Thr,p.P72T,P72T,72,1.00,0.01,0.07,1,1,1,1.87,1,0.002,None,0.002,Model_not_applied,,Unclassified,Conflicting_interpretations_of_pathogenicity_Last_reviewed_Apr_6_2020
c.215C>T,p.Pro72Leu,p.P72L,P72L,72,1.00,0.02,0.09,1,1,1,1.87,1,0.004,None,0.004,Model_not_applied,,Unclassified,Uncertain_significance_Last_reviewed_Feb_13_2019
c.215C>A,p.Pro72His,p.P72H,P72H,72,1.00,0.03,0.12,1,1,1,1.87,1,0.006,None,0.006,Model_not_applied,,Unclassified,Uncertain_significance_Last_reviewed_Oct_15_2019
c.217G>A,p.Val73Met,p.V73M,V73M,73,1.00,0.01,0.03,0.05,1,1,1.75,1,0.000,None,0.000,Benign,,Benign,Benign_Last_reviewed_Aug_28_2019
c.217G>T,p.Val73Leu,p.V73L,V73L,73,1.00,0.01,0.09,0.08,1,1,1.87,1,0.000,None,0.000,Benign,,Benign,NA
c.217G>C,p.Val73Leu,p.V73L,V73L,73,1.00,0.01,0.09,0.18,1,1,1.87,1,0.000,None,0.000,Benign,,Likely_benign,NA
c.218T>G,p.Val73Gly,p.V73G,V73G,73,1.00,0.02,0.16,1,1,1,1.87,1,0.006,None,0.006,Model_not_applied,,Unclassified,NA
c.218T>C,p.Val73Ala,p.V73A,V73A,73,1.00,0.01,0.13,1,1,1,1.87,1,0.002,None,0.002,Model_not_applied,,Unclassified,NA
c.218T>A,p.Val73Glu,p.V73E,V73E,73,1.00,0.02,0.04,1,1,1,1.87,1,0.001,None,0.001,Model_not_applied,,Unclassified,NA
c.220G>T,p.Ala74Ser,p.A74S,A74S,74,1.00,0.01,0.10,1,1,1,1.87,1,0.003,None,0.003,Model_not_applied,,Unclassified,NA
c.220G>C,p.Ala74Pro,p.A74P,A74P,74,1.00,0.02,1.05,1,1,1,1.87,1,0.044,None,0.042,Model_not_applied,,Unclassified,NA
c.220G>A,p.Ala74Thr,p.A74T,A74T,74,1.00,0.01,0.04,1,1,1,1.87,1,0.001,None,0.001,Model_not_applied,,Unclassified,NA
c.221C>T,p.Ala74Val,p.A74V,A74V,74,1.00,0.01,0.03,0.08,1.37,1,1.00,1,0.000,None,0.000,Benign,,Benign,Likely_benign_Last_reviewed_Aug_11_2020
c.221C>G,p.Ala74Gly,p.A74G,A74G,74,1.00,0.01,0.27,1,1,1,1.87,1,0.003,None,0.003,Model_not_applied,,Unclassified,NA
c.221C>A,p.Ala74Asp,p.A74D,A74D,74,1.00,0.01,0.04,1,1,1,1.87,1,0.001,None,0.001,Model_not_applied,,Unclassified,NA
c.224C>T,p.Pro75Leu,p.P75L,P75L,75,1.00,0.03,1.73,0.31,1,1,1.87,1,0.026,None,0.025,Likely_Benign,,Likely_benign,Uncertain_significance_Last_reviewed_May_23_2019
c.223C>T,p.Pro75Ser,p.P75S,P75S,75,1.00,0.02,0.04,1,1,1,1.87,1,0.001,None,0.001,Model_not_applied,,Unclassified,NA
c.223C>G,p.Pro75Ala,p.P75A,P75A,75,1.00,0.02,0.45,1,1,1,1.87,1,0.019,None,0.019,Model_not_applied,,Unclassified,NA
c.223C>A,p.Pro75Thr,p.P75T,P75T,75,1.00,0.02,0.03,1,1,1,1.87,1,0.001,None,0.001,Model_not_applied,,Unclassified,NA
c.224C>G,p.Pro75Arg,p.P75R,P75R,75,1.00,0.03,0.13,0.18,1,1,1.87,1,0.001,None,0.001,Likely_Benign,,Likely_benign,NA
c.224C>A,p.Pro75His,p.P75H,P75H,75,1.00,0.04,0.08,1,1,1,1.87,1,0.005,None,0.005,Model_not_applied,,Unclassified,NA
c.227C>A,p.Ala76Glu,p.A76E,A76E,76,1.00,0.02,0.06,1,1,1,1.00,1,0.001,None,0.001,Model_not_applied,,Unclassified,NA
c.226G>T,p.Ala76Ser,p.A76S,A76S,76,1.00,0.01,0.18,1,1,1,1.87,1,0.003,None,0.003,Model_not_applied,,Unclassified,NA
c.226G>C,p.Ala76Pro,p.A76P,A76P,76,1.00,0.02,0.32,1,1,1,1.87,1,0.015,None,0.014,Model_not_applied,,Unclassified,NA
c.226G>A,p.Ala76Thr,p.A76T,A76T,76,1.00,0.01,0.08,1,1,1,1.87,1,0.002,None,0.002,Model_not_applied,,Unclassified,NA
c.227C>T,p.Ala76Val,p.A76V,A76V,76,1.00,0.02,0.10,0.18,1,1,1.87,1,0.001,None,0.001,Benign,,Likely_benign,NA
c.227C>G,p.Ala76Gly,p.A76G,A76G,76,1.00,0.01,0.13,1,1,1,1.87,1,0.002,None,0.002,Model_not_applied,,Unclassified,NA
c.229C>T,p.Pro77Ser,p.P77S,P77S,77,1.00,0.01,0.10,1,1,1,1.00,1,0.001,None,0.001,Model_not_applied,,Unclassified,Uncertain_significance_Last_reviewed_Dec_11_2019
c.229C>G,p.Pro77Ala,p.P77A,P77A,77,1.00,0.03,0.55,0.50,1,1,1.87,1,0.014,None,0.014,Likely_Benign,,Likely_benign,NA
c.229C>A,p.Pro77Thr,p.P77T,P77T,77,1.00,0.01,0.78,1,1,1,1.87,1,0.018,None,0.018,Model_not_applied,,Unclassified,Uncertain_significance_Last_reviewed_Dec_27_2018
c.230C>T,p.Pro77Leu,p.P77L,P77L,77,1.00,0.03,0.06,1,1,1,1.87,1,0.003,None,0.003,Model_not_applied,,Unclassified,NA
c.230C>G,p.Pro77Arg,p.P77R,P77R,77,1.00,0.03,0.21,1,1,1,1.87,1,0.011,None,0.011,Model_not_applied,,Unclassified,NA
c.230C>A,p.Pro77Gln,p.P77Q,P77Q,77,1.00,0.02,0.14,1,1,1,1.87,1,0.006,None,0.006,Model_not_applied,,Unclassified,NA
c.232G>T,p.Ala78Ser,p.A78S,A78S,78,1.00,0.01,0.15,1,1,1,1.87,1,0.004,None,0.004,Model_not_applied,,Unclassified,Uncertain_significance_Last_reviewed_Apr_22_2019
c.232G>C,p.Ala78Pro,p.A78P,A78P,78,1.00,0.04,0.11,1,1,1,1.87,1,0.008,None,0.008,Model_not_applied,,Unclassified,NA
c.232G>A,p.Ala78Thr,p.A78T,A78T,78,1.00,0.02,0.13,1,1,1,1.87,1,0.005,None,0.005,Model_not_applied,,Unclassified,Uncertain_significance_Last_reviewed_Feb_23_2017
c.233C>T,p.Ala78Val,p.A78V,A78V,78,1.00,0.03,0.05,0.32,1,1,1.87,1,0.001,None,0.001,Benign,,Likely_benign,NA
c.233C>G,p.Ala78Gly,p.A78G,A78G,78,1.00,0.01,0.07,1,1,1,1.00,1,0.001,None,0.001,Model_not_applied,,Unclassified,Uncertain_significance_Last_reviewed_Jan_27_2020
c.233C>A,p.Ala78Glu,p.A78E,A78E,78,1.00,0.02,0.06,1,1,1,1.87,1,0.002,None,0.002,Model_not_applied,,Unclassified,NA
c.235G>T,p.Ala79Ser,p.A79S,A79S,79,1.00,0.05,0.20,1,1,1,1.87,1,0.019,None,0.019,Model_not_applied,,Unclassified,NA
c.235G>C,p.Ala79Pro,p.A79P,A79P,79,1.00,0.06,0.07,1,1,1,1.87,1,0.008,None,0.008,Model_not_applied,,Unclassified,NA
c.235G>A,p.Ala79Thr,p.A79T,A79T,79,1.00,0.03,0.33,0.08,1,1,1.87,1,0.002,None,0.002,Likely_Benign,,Likely_benign,NA
c.236C>T,p.Ala79Val,p.A79V,A79V,79,1.00,0.07,0.23,0.32,1,1,1.87,1,0.009,None,0.009,Likely_Benign,,Likely_benign,NA
c.236C>G,p.Ala79Gly,p.A79G,A79G,79,1.00,0.09,0.05,1,1,1,1.87,1,0.007,None,0.007,Model_not_applied,,Unclassified,Uncertain_significance_Last_reviewed_Dec_12_2018
c.236C>A,p.Ala79Asp,p.A79D,A79D,79,1.00,0.12,0.03,1,1,1,1.87,1,0.007,None,0.007,Model_not_applied,,Unclassified,NA
c.238C>T,p.Pro80Ser,p.P80S,P80S,80,1.00,0.09,0.92,1,0.39,1,1.87,1,0.060,None,0.057,VUS,,Unclassified,Uncertain_significance_Last_reviewed_Dec_13_2017
c.238C>G,p.Pro80Ala,p.P80A,P80A,80,1.00,0.09,0.08,1,1,1,1.87,1,0.014,None,0.014,Model_not_applied,,Unclassified,NA
c.238C>A,p.Pro80Thr,p.P80T,P80T,80,1.00,0.10,0.11,1,1,1,1.87,1,0.021,None,0.020,Model_not_applied,,Unclassified,NA
c.239C>T,p.Pro80Leu,p.P80L,P80L,80,1.00,0.07,3.51,0.32,1,1,1.87,1,0.138,None,0.121,VUS,,Likely_benign,NA
c.239C>G,p.Pro80Arg,p.P80R,P80R,80,1.00,0.10,0.15,1,1,1,1.87,1,0.029,None,0.028,Model_not_applied,,Unclassified,NA
c.239C>A,p.Pro80His,p.P80H,P80H,80,1.00,0.10,0.05,1,1,1,1.87,1,0.009,None,0.009,Model_not_applied,,Unclassified,NA
c.241A>T,p.Thr81Ser,p.T81S,T81S,81,1.00,0.03,1.83,1,1,1,1.87,1,0.090,None,0.083,Model_not_applied,,Unclassified,NA
c.241A>G,p.Thr81Ala,p.T81A,T81A,81,1.00,0.01,0.52,1,1,1,1.87,1,0.007,None,0.007,Model_not_applied,,Unclassified,NA
c.241A>C,p.Thr81Pro,p.T81P,T81P,81,1.00,0.03,0.11,1,1,1,1.87,1,0.005,None,0.005,Model_not_applied,,Unclassified,NA
c.242C>T,p.Thr81Ile,p.T81I,T81I,81,1.00,0.04,0.07,0.18,1,1,1.87,1,0.001,None,0.001,Likely_Benign,,Likely_benign,Uncertain_significance_Last_reviewed_Apr_11_2019
c.242C>G,p.Thr81Arg,p.T81R,T81R,81,1.00,0.05,0.03,1,1,1,1.87,1,0.003,None,0.003,Model_not_applied,,Unclassified,NA
c.242C>A,p.Thr81Lys,p.T81K,T81K,81,1.00,0.04,0.04,1,1,1,1.87,1,0.003,None,0.003,Model_not_applied,,Unclassified,NA
c.244C>T,p.Pro82Ser,p.P82S,P82S,82,1.00,0.10,0.04,0.18,1,1,1.87,1,0.001,None,0.001,Likely_Benign,,Likely_benign,NA
c.244C>G,p.Pro82Ala,p.P82A,P82A,82,1.00,0.07,0.47,1,1,1,1.87,1,0.063,None,0.060,Model_not_applied,,Unclassified,Uncertain_significance_Last_reviewed_Nov_13_2018
c.244C>A,p.Pro82Thr,p.P82T,P82T,82,1.00,0.09,0.60,1,1,1,1.87,1,0.100,None,0.091,Model_not_applied,,Unclassified,NA
c.245C>T,p.Pro82Leu,p.P82L,P82L,82,1.00,0.19,0.06,0.48,1.85,2.09,1.00,1,0.020,None,0.020,Model_not_applied,,VUS,Likely_benign_Last_reviewed_Aug_28_2019
c.245C>G,p.Pro82Arg,p.P82R,P82R,82,1.00,0.09,0.77,1,1,1,1.87,1,0.128,None,0.113,Model_not_applied,,Unclassified,Uncertain_significance_Last_reviewed_Jan_26_2017
c.245C>A,p.Pro82Gln,p.P82Q,P82Q,82,1.00,0.07,0.06,1,1,1,1.87,1,0.009,None,0.008,Model_not_applied,,Unclassified,NA
c.248C>T,p.Ala83Val,p.A83V,A83V,83,0.98,0.03,0.05,0.01,1,1,0.09,0.66,0.000,None,0.000,Benign,,Benign,Conflicting_interpretations_of_pathogenicity_Last_reviewed_Dec_31_2019
c.247G>T,p.Ala83Ser,p.A83S,A83S,83,1.04,0.05,0.05,1,1,1,1.87,1,0.005,None,0.005,Model_not_applied,,Unclassified,NA
c.247G>C,p.Ala83Pro,p.A83P,A83P,83,1.04,0.06,0.08,1,1,1,1.87,1,0.010,None,0.010,Model_not_applied,,Unclassified,NA
c.247G>A,p.Ala83Thr,p.A83T,A83T,83,1.04,0.05,0.04,1,1,1,1.87,1,0.004,None,0.004,Model_not_applied,,Unclassified,NA
c.248C>G,p.Ala83Gly,p.A83G,A83G,83,1.04,0.04,4.10,1,1,1,1.87,1,0.313,None,0.239,Model_not_applied,,Unclassified,NA
c.248C>A,p.Ala83Glu,p.A83E,A83E,83,2.33,0.06,0.06,1,1,1,1.87,1,0.014,None,0.014,Model_not_applied,,Unclassified,Uncertain_significance_Last_reviewed_Sep_16_2013
c.250G>T,p.Ala84Ser,p.A84S,A84S,84,0.80,0.06,0.05,1,1,1,1.87,1,0.005,None,0.005,Model_not_applied,,Unclassified,NA
c.250G>C,p.Ala84Pro,p.A84P,A84P,84,0.31,0.08,1.89,1,1,1,1.87,1,0.086,None,0.079,Model_not_applied,,Unclassified,NA
c.250G>A,p.Ala84Thr,p.A84T,A84T,84,0.31,0.05,0.04,1,2.79,1,1.00,1,0.002,None,0.002,Model_not_applied,,Unclassified,Likely_benign_Last_reviewed_Aug_11_2020
c.251C>T,p.Ala84Val,p.A84V,A84V,84,0.31,0.11,0.02,1.36,1,1,1.87,1,0.002,None,0.002,Model_not_applied,,Likely_benign,NA
c.251C>G,p.Ala84Gly,p.A84G,A84G,84,0.68,0.19,1.54,0.32,1,1,1.87,1,0.119,None,0.106,VUS,,Likely_benign,NA
c.251C>A,p.Ala84Asp,p.A84D,A84D,84,1.07,0.31,0.03,1,1,1,1.87,1,0.017,None,0.017,Model_not_applied,,Unclassified,NA
c.253C>T,p.Pro85Ser,p.P85S,P85S,85,0.32,0.06,0.09,0.18,1,1,1.87,1,0.001,None,0.001,Benign,,Likely_benign,Uncertain_significance_Last_reviewed_Mar_10_2020
c.253C>G,p.Pro85Ala,p.P85A,P85A,85,0.33,0.07,0.13,1,1,1,1.87,1,0.005,None,0.005,Model_not_applied,,Unclassified,NA
c.253C>A,p.Pro85Thr,p.P85T,P85T,85,0.32,0.10,0.11,1,1,1,1.87,1,0.007,None,0.007,Model_not_applied,,Unclassified,NA
c.254C>T,p.Pro85Leu,p.P85L,P85L,85,0.32,0.13,2.00,0.18,1,1,1.87,1,0.028,None,0.027,Likely_Benign,,Likely_benign,NA
c.254C>G,p.Pro85Arg,p.P85R,P85R,85,0.65,0.15,0.09,1,1,1,1.87,1,0.016,None,0.016,Model_not_applied,,Unclassified,NA
c.254C>A,p.Pro85His,p.P85H,P85H,85,0.56,0.18,0.07,1,1,1,1.87,1,0.013,None,0.012,Model_not_applied,,Unclassified,NA
c.256G>T,p.Ala86Ser,p.A86S,A86S,86,1.01,0.03,0.73,1,1,1,1.87,1,0.042,None,0.041,Model_not_applied,,Unclassified,NA
c.256G>C,p.Ala86Pro,p.A86P,A86P,86,0.41,0.05,0.69,1,1,1,1.87,1,0.028,None,0.027,Model_not_applied,,Unclassified,NA
c.256G>A,p.Ala86Thr,p.A86T,A86T,86,0.41,0.02,0.12,1,1,1,1.87,1,0.002,None,0.002,Model_not_applied,,Unclassified,Conflicting_interpretations_of_pathogenicity_Last_reviewed_Nov_26_2019
c.257C>T,p.Ala86Val,p.A86V,A86V,86,0.41,0.08,0.06,1,1,1,1.87,1,0.004,None,0.004,Model_not_applied,,Unclassified,Uncertain_significance_Last_reviewed_Dec_23_2019
c.257C>G,p.Ala86Gly,p.A86G,A86G,86,0.41,0.05,0.36,1,1,1,1.87,1,0.015,None,0.014,Model_not_applied,,Unclassified,NA
c.257C>A,p.Ala86Glu,p.A86E,A86E,86,0.41,0.09,0.04,1,1,1,1.87,1,0.003,None,0.003,Model_not_applied,,Unclassified,NA
c.259C>T,p.Pro87Ser,p.P87S,P87S,87,0.37,0.15,0.21,1,1,1,1.87,1,0.022,None,0.021,Model_not_applied,,Unclassified,NA
c.259C>G,p.Pro87Ala,p.P87A,P87A,87,0.64,0.15,0.54,1,1,1,1.87,1,0.097,None,0.089,Model_not_applied,,Unclassified,NA
c.259C>A,p.Pro87Thr,p.P87T,P87T,87,0.36,0.24,2.54,1,1,1,1.87,1,0.401,None,0.286,Model_not_applied,,Unclassified,NA
c.260C>T,p.Pro87Leu,p.P87L,P87L,87,1.40,0.18,0.08,1,1,1,1.87,1,0.037,None,0.036,Model_not_applied,,Unclassified,Uncertain_significance_Last_reviewed_Aug_23_2019
c.260C>G,p.Pro87Arg,p.P87R,P87R,87,1.29,0.24,0.38,1,1,1,1.87,1,0.217,None,0.178,Model_not_applied,,Unclassified,NA
c.260C>A,p.Pro87Gln,p.P87Q,P87Q,87,0.68,0.21,0.61,0.32,1,1,1.87,1,0.052,None,0.050,Likely_Benign,,Likely_benign,NA
c.262G>T,p.Ala88Ser,p.A88S,A88S,88,0.92,0.08,2.86,1,1,1,1.87,1,0.391,None,0.281,Model_not_applied,,Unclassified,NA
c.262G>C,p.Ala88Pro,p.A88P,A88P,88,0.92,0.11,3.51,1,1,1,1.87,1,0.685,None,0.406,Model_not_applied,,Unclassified,Uncertain_significance_Last_reviewed_Sep_17_2018
c.262G>A,p.Ala88Thr,p.A88T,A88T,88,0.92,0.09,0.17,0.18,1,1,1.87,1,0.004,None,0.004,Likely_Benign,,Likely_benign,NA
c.263C>T,p.Ala88Val,p.A88V,A88V,88,0.92,0.09,0.04,0.32,1,1,1.87,1,0.002,None,0.002,Likely_Benign,,Likely_benign,Uncertain_significance_Last_reviewed_Aug_30_2016
c.263C>G,p.Ala88Gly,p.A88G,A88G,88,0.92,0.09,0.62,1,1,1,1.87,1,0.098,None,0.089,Model_not_applied,,Unclassified,NA
c.263C>A,p.Ala88Asp,p.A88D,A88D,88,3.61,0.15,0.03,1,1,1,1.87,1,0.028,None,0.027,Model_not_applied,,Unclassified,NA
c.265C>T,p.Pro89Ser,p.P89S,P89S,89,1.30,0.05,0.03,0.73,1,1,1.87,1,0.002,None,0.002,Model_not_applied,,Likely_benign,NA
c.265C>G,p.Pro89Ala,p.P89A,P89A,89,1.30,0.05,0.69,1,1,1,1.87,1,0.087,None,0.080,Model_not_applied,,Unclassified,NA
c.265C>A,p.Pro89Thr,p.P89T,P89T,89,1.30,0.02,0.06,1,1,1,1.87,1,0.003,None,0.003,Model_not_applied,,Unclassified,Likely_benign_Last_reviewed_Jan_11_2019
c.266C>T,p.Pro89Leu,p.P89L,P89L,89,3.09,0.08,0.47,0.18,1,1,1.87,1,0.039,None,0.037,Likely_Benign,,Likely_benign,Uncertain_significance_Last_reviewed_Dec_26_2019
c.266C>G,p.Pro89Arg,p.P89R,P89R,89,3.69,0.13,0.18,1,1,1,1.87,1,0.162,None,0.139,Model_not_applied,,Unclassified,NA
c.266C>A,p.Pro89His,p.P89H,P89H,89,1.89,0.11,0.09,1,1,1,1.87,1,0.035,None,0.034,Model_not_applied,,Unclassified,NA
c.268T>G,p.Ser90Ala,p.S90A,S90A,90,0.63,0.05,0.19,1,1,1,1.87,1,0.010,None,0.010,Model_not_applied,,Unclassified,NA
c.268T>C,p.Ser90Pro,p.S90P,S90P,90,0.30,0.03,1.74,1,1,1,1.87,1,0.033,None,0.032,Model_not_applied,,Unclassified,NA
c.268T>A,p.Ser90Thr,p.S90T,S90T,90,0.30,0.05,0.19,1,1,1,1.87,1,0.005,None,0.005,Model_not_applied,,Unclassified,NA
c.269C>T,p.Ser90Phe,p.S90F,S90F,90,1.43,0.14,0.21,0.18,0.39,1,1.87,1,0.005,None,0.005,Likely_Benign,,Likely_benign,Uncertain_significance_Last_reviewed_Dec_22_2017
c.269C>G,p.Ser90Cys,p.S90C,S90C,90,1.45,0.12,0.17,1,1,1,1.87,1,0.055,None,0.052,Model_not_applied,,Unclassified,NA
c.269C>A,p.Ser90Tyr,p.S90Y,S90Y,90,1.39,0.14,0.10,1,1,1,1.87,1,0.036,None,0.035,Model_not_applied,,Unclassified,NA
c.271T>G,p.Trp91Gly,p.W91G,W91G,91,1.17,0.47,13.16,1,1,1,1.87,1,13.385,None,0.930,VUS,,Unclassified,NA
c.271T>C,p.Trp91Arg,p.W91R,W91R,91,0.71,0.42,0.91,1,1,1,1.87,1,0.508,None,0.337,Model_not_applied,,Unclassified,Uncertain_significance_Last_reviewed_Jan_17_2019
c.271T>A,p.Trp91Arg,p.W91R,W91R,91,0.71,0.42,0.91,1,1,1,1.87,1,0.508,None,0.337,Model_not_applied,,Unclassified,NA
c.272G>T,p.Trp91Leu,p.W91L,W91L,91,0.31,0.18,3.86,1,1,1,1.87,1,0.394,None,0.283,Model_not_applied,,Unclassified,NA
c.272G>C,p.Trp91Ser,p.W91S,W91S,91,1.14,0.15,0.40,1,1,1,1.87,1,0.127,None,0.113,Model_not_applied,,Unclassified,NA
c.273G>T,p.Trp91Cys,p.W91C,W91C,91,1.09,0.59,0.52,0.18,1,1,1.87,1,0.110,None,0.099,VUS,,VUS,NA
c.273G>C,p.Trp91Cys,p.W91C,W91C,91,1.09,0.59,0.52,1,1,1,1.87,1,0.622,None,0.384,Model_not_applied,,Unclassified,NA
c.274C>G,p.Pro92Ala,p.P92A,P92A,92,0.36,0.19,12.26,1,1,1,1.87,1,1.533,None,0.605,Model_not_applied,,Unclassified,NA
c.274C>T,p.Pro92Ser,p.P92S,P92S,92,1.51,0.19,0.10,0.18,1,1,1.87,1,0.009,None,0.009,Likely_Benign,,Likely_benign,NA
c.274C>A,p.Pro92Thr,p.P92T,P92T,92,0.68,0.09,0.13,1,1,1,1.87,1,0.015,None,0.014,Model_not_applied,,Unclassified,NA
c.275C>T,p.Pro92Leu,p.P92L,P92L,92,0.81,0.25,0.07,0.18,0.39,1,1.00,1,0.001,None,0.001,Likely_Benign,,Likely_benign,Uncertain_significance_Last_reviewed_Jan_9_2019
c.275C>G,p.Pro92Arg,p.P92R,P92R,92,1.32,0.27,0.03,1,1,1,1.87,1,0.020,None,0.019,Model_not_applied,,Unclassified,NA
c.275C>A,p.Pro92His,p.P92H,P92H,92,1.01,0.32,0.06,1,1,1,1.87,1,0.036,None,0.035,Model_not_applied,,Unclassified,NA
c.277C>G,p.Leu93Val,p.L93V,L93V,93,0.32,0.14,1.00,1,1,1,1.87,1,0.086,None,0.079,Model_not_applied,,Unclassified,NA
c.277C>A,p.Leu93Met,p.L93M,L93M,93,0.32,0.12,0.06,1,1,1,1.87,1,0.005,None,0.005,Model_not_applied,,Unclassified,NA
c.278T>G,p.Leu93Arg,p.L93R,L93R,93,0.65,0.31,0.15,1,1,1,1.87,1,0.057,None,0.054,Model_not_applied,,Unclassified,NA
c.278T>C,p.Leu93Pro,p.L93P,L93P,93,0.32,0.13,0.54,1,1,1,1.87,1,0.041,None,0.039,Model_not_applied,,Unclassified,NA
c.278T>A,p.Leu93Gln,p.L93Q,L93Q,93,0.59,0.29,0.04,1,1,1,1.87,1,0.014,None,0.013,Model_not_applied,,Unclassified,NA
c.280T>G,p.Ser94Ala,p.S94A,S94A,94,1.23,0.16,0.17,1,1,1,1.87,1,0.062,None,0.059,Model_not_applied,,Unclassified,NA
c.280T>C,p.Ser94Pro,p.S94P,S94P,94,0.74,0.26,0.02,1,1,1,1.87,1,0.006,None,0.006,Model_not_applied,,Unclassified,NA
c.280T>A,p.Ser94Thr,p.S94T,S94T,94,0.37,0.14,0.11,0.18,1,1,1.87,1,0.002,None,0.002,Likely_Benign,,Likely_benign,NA
c.281C>T,p.Ser94Leu,p.S94L,S94L,94,1.79,0.46,0.02,0.18,1,1,1.87,1,0.007,None,0.007,Likely_Benign,,VUS,NA
c.283T>G,p.Ser95Ala,p.S95A,S95A,95,0.86,0.21,0.25,1,1,1,1.87,1,0.083,None,0.077,Model_not_applied,,Unclassified,NA
c.283T>C,p.Ser95Pro,p.S95P,S95P,95,0.41,0.22,0.14,1,1,1,1.87,1,0.023,None,0.023,Model_not_applied,,Unclassified,NA
c.283T>A,p.Ser95Thr,p.S95T,S95T,95,0.49,0.21,0.82,1,1,1,1.87,1,0.156,None,0.135,Model_not_applied,,Unclassified,NA
c.284C>T,p.Ser95Phe,p.S95F,S95F,95,1.90,0.37,0.29,0.32,2.43,1,1.87,1,0.290,None,0.225,Model_not_applied,,VUS,NA
c.284C>G,p.Ser95Cys,p.S95C,S95C,95,0.41,0.26,0.02,1,1,1,1.87,1,0.005,None,0.005,Model_not_applied,,Unclassified,NA
c.284C>A,p.Ser95Tyr,p.S95Y,S95Y,95,1.91,0.46,0.05,1,1,1,1.87,1,0.078,None,0.072,Model_not_applied,,Unclassified,NA
c.287C>G,p.Ser96Cys,p.S96C,S96C,96,1.67,0.09,0.07,0.18,1,1,1.87,1,0.003,None,0.003,Likely_Benign,,Likely_benign,NA
c.286T>G,p.Ser96Ala,p.S96A,S96A,96,0.34,0.04,0.03,1,1,1,1.87,1,0.001,None,0.001,Model_not_applied,,Unclassified,NA
c.286T>C,p.Ser96Pro,p.S96P,S96P,96,0.34,0.12,0.06,1,1,1,1.87,1,0.004,None,0.004,Model_not_applied,,Unclassified,NA
c.286T>A,p.Ser96Thr,p.S96T,S96T,96,0.34,0.04,0.08,1,1,1,1.87,1,0.002,None,0.002,Model_not_applied,,Unclassified,NA
c.287C>T,p.Ser96Phe,p.S96F,S96F,96,0.34,0.04,0.22,0.50,1,1,1.87,1,0.003,None,0.003,Likely_Benign,,Likely_benign,NA
c.287C>A,p.Ser96Tyr,p.S96Y,S96Y,96,0.39,0.10,0.04,1,1,1,1.87,1,0.003,None,0.003,Model_not_applied,,Unclassified,NA
c.289G>T,p.Val97Phe,p.V97F,V97F,97,0.94,1.44,0.11,1,1,1,1.87,1,0.268,None,0.211,Model_not_applied,,Unclassified,Uncertain_significance_Last_reviewed_Jan_20_2019
c.289G>C,p.Val97Leu,p.V97L,V97L,97,0.59,0.31,0.09,1,1,1,1.87,1,0.031,None,0.030,Model_not_applied,,Unclassified,Uncertain_significance_Last_reviewed_Jan_26_2015
c.289G>A,p.Val97Ile,p.V97I,V97I,97,0.51,0.86,0.04,0.08,1,1,1.87,1,0.003,None,0.003,Likely_Benign,,Likely_benign,NA
c.290T>G,p.Val97Gly,p.V97G,V97G,97,2.41,4.75,0.02,1,1,1,1.87,1,0.481,None,0.325,Model_not_applied,,Unclassified,NA
c.290T>C,p.Val97Ala,p.V97A,V97A,97,2.06,0.65,1.00,1,1,1,1.87,1,2.497,None,0.714,VUS,,Unclassified,NA
c.290T>A,p.Val97Asp,p.V97D,V97D,97,1.50,24.28,0.18,1,1,1,1.87,1,12.471,None,0.926,VUS,,Unclassified,Uncertain_significance_Last_reviewed_May_29_2014
c.292C>T,p.Pro98Ser,p.P98S,P98S,98,3.59,48.21,0.09,0.73,1,1,1.87,1,22.237,None,0.957,Likely_Pathogenic,,Pathogenic,Uncertain_significance_Last_reviewed_Aug_22_2019
c.292C>G,p.Pro98Ala,p.P98A,P98A,98,1.73,10.24,0.03,1,1,1,1.87,1,0.835,None,0.455,Model_not_applied,,Unclassified,NA
c.292C>A,p.Pro98Thr,p.P98T,P98T,98,2.18,67.92,0.05,1,1,1,1.87,1,13.313,None,0.930,VUS,,Unclassified,NA
c.293C>T,p.Pro98Leu,p.P98L,P98L,98,3.95,45.59,0.38,1.77,1,1,1.00,1,121.898,None,0.992,Pathogenic,,Pathogenic,Uncertain_significance_Last_reviewed_Dec_19_2019
c.293C>G,p.Pro98Arg,p.P98R,P98R,98,3.94,67.59,1.00,1,1,1,1.87,1,497.488,None,0.998,Pathogenic,,Unclassified,NA
c.293C>A,p.Pro98His,p.P98H,P98H,98,3.67,36.99,0.06,1,1,1,1.87,1,14.671,None,0.936,VUS,,Unclassified,NA
c.296C>G,p.Ser99Cys,p.S99C,S99C,99,1.52,0.47,0.04,1,1,1,1.87,1,0.059,None,0.056,Model_not_applied,,Unclassified,Uncertain_significance_Last_reviewed_Jun_28_2018
c.295T>G,p.Ser99Ala,p.S99A,S99A,99,1.30,0.22,0.16,1,1,1,1.87,1,0.087,None,0.080,Model_not_applied,,Unclassified,NA
c.295T>C,p.Ser99Pro,p.S99P,S99P,99,0.91,1.50,0.46,1,1,1,1.87,1,1.166,None,0.538,Model_not_applied,,Unclassified,NA
c.295T>A,p.Ser99Thr,p.S99T,S99T,99,0.53,0.26,0.09,1,1,1,1.87,1,0.023,None,0.022,Model_not_applied,,Unclassified,NA
c.296C>T,p.Ser99Phe,p.S99F,S99F,99,1.53,1.78,0.13,0.32,1,1,1.87,1,0.212,None,0.175,VUS,,VUS,Uncertain_significance_Last_reviewed_Jun_24_2018
c.296C>A,p.Ser99Tyr,p.S99Y,S99Y,99,1.52,1.84,0.02,1,1,1,1.87,1,0.122,None,0.109,Model_not_applied,,Unclassified,NA
c.298C>G,p.Gln100Glu,p.Q100E,Q100E,100,0.98,0.07,0.10,1,1,1,1.87,1,0.013,None,0.012,Model_not_applied,,Unclassified,NA
c.298C>A,p.Gln100Lys,p.Q100K,Q100K,100,1.35,0.13,0.04,1,1,1,1.87,1,0.013,None,0.013,Model_not_applied,,Unclassified,NA
c.299A>T,p.Gln100Leu,p.Q100L,Q100L,100,2.05,0.08,0.06,1,1,1,1.87,1,0.020,None,0.019,Model_not_applied,,Unclassified,NA
c.299A>G,p.Gln100Arg,p.Q100R,Q100R,100,1.23,0.06,0.45,1,1,1,1.87,1,0.059,None,0.056,Model_not_applied,,Unclassified,NA
c.299A>C,p.Gln100Pro,p.Q100P,Q100P,100,1.18,0.05,0.25,1,1,1,1.87,1,0.027,None,0.027,Model_not_applied,,Unclassified,NA
c.300G>T,p.Gln100His,p.Q100H,Q100H,100,0.68,0.03,0.03,1,1,1,1.87,1,0.001,None,0.001,Model_not_applied,,Unclassified,NA
c.300G>C,p.Gln100His,p.Q100H,Q100H,100,0.68,0.03,0.03,1,1,1,1.87,1,0.001,None,0.001,Model_not_applied,,Unclassified,NA
c.301A>G,p.Lys101Glu,p.K101E,K101E,101,0.30,0.10,1.61,1,1,1,1.87,1,0.092,None,0.084,Model_not_applied,,Unclassified,NA
c.301A>C,p.Lys101Gln,p.K101Q,K101Q,101,0.30,0.15,0.12,1,1,1,1.87,1,0.010,None,0.010,Model_not_applied,,Unclassified,Uncertain_significance_Last_reviewed_Dec_5_2018
c.302A>T,p.Lys101Ile,p.K101I,K101I,101,1.28,0.16,0.04,1,1,1,1.87,1,0.017,None,0.017,Model_not_applied,,Unclassified,NA
c.302A>G,p.Lys101Arg,p.K101R,K101R,101,0.35,0.15,1.44,0.32,1,1,1.87,1,0.047,None,0.045,Likely_Benign,,Likely_benign,NA
c.302A>C,p.Lys101Thr,p.K101T,K101T,101,0.41,0.08,0.02,1,1,1,1.87,1,0.001,None,0.001,Model_not_applied,,Unclassified,NA
c.303A>T,p.Lys101Asn,p.K101N,K101N,101,0.30,0.03,0.05,1,1,1,1.87,1,0.001,None,0.001,Model_not_applied,,Unclassified,Uncertain_significance_Last_reviewed_Nov_25_2019
c.303A>C,p.Lys101Asn,p.K101N,K101N,101,0.30,0.03,0.05,1,1,1,1.87,1,0.001,None,0.001,Model_not_applied,,Unclassified,NA
c.304A>T,p.Thr102Ser,p.T102S,T102S,102,0.59,0.15,0.19,1,1,1,1.87,1,0.032,None,0.031,Model_not_applied,,Unclassified,Uncertain_significance_Last_reviewed_Jul_21_2018
c.304A>G,p.Thr102Ala,p.T102A,T102A,102,1.11,0.16,0.56,1,1,1,1.87,1,0.189,None,0.159,Model_not_applied,,Unclassified,NA
c.304A>C,p.Thr102Pro,p.T102P,T102P,102,0.74,0.12,0.08,1,1,1,1.87,1,0.014,None,0.014,Model_not_applied,,Unclassified,NA
c.305C>T,p.Thr102Ile,p.T102I,T102I,102,1.49,0.16,0.02,1.77,1,1,1.87,1,0.013,None,0.013,Model_not_applied,,VUS,Uncertain_significance_Last_reviewed_Mar_17_2020
c.305C>G,p.Thr102Ser,p.T102S,T102S,102,0.59,0.15,0.19,1,1,1,1.87,1,0.032,None,0.031,Model_not_applied,,Unclassified,NA
c.305C>A,p.Thr102Asn,p.T102N,T102N,102,0.31,0.08,0.12,1,1,1,1.87,1,0.005,None,0.005,Model_not_applied,,Unclassified,NA
c.307T>G,p.Tyr103Asp,p.Y103D,Y103D,103,2.06,34.94,0.05,1,1,1,1.87,1,6.367,None,0.864,VUS,,Unclassified,NA
c.307T>C,p.Tyr103His,p.Y103H,Y103H,103,3.83,3.58,0.06,1,1,1,1.87,1,1.548,None,0.608,Model_not_applied,,Unclassified,Uncertain_significance_Last_reviewed_May_2_2017
c.307T>A,p.Tyr103Asn,p.Y103N,Y103N,103,2.83,7.85,0.12,1,1,1,1.87,1,5.120,None,0.837,VUS,,Unclassified,NA
c.308A>T,p.Tyr103Phe,p.Y103F,Y103F,103,1.52,0.84,0.01,1,1,1,1.87,1,0.030,None,0.029,Model_not_applied,,Unclassified,NA
c.308A>G,p.Tyr103Cys,p.Y103C,Y103C,103,0.84,3.07,0.23,1,1,1,1.87,1,1.108,None,0.526,Model_not_applied,,Unclassified,NA
c.308A>C,p.Tyr103Ser,p.Y103S,Y103S,103,2.79,13.20,0.09,1,1,1,1.87,1,6.101,None,0.859,VUS,,Unclassified,NA
c.310C>G,p.Gln104Glu,p.Q104E,Q104E,104,0.66,0.06,0.02,1,1,1,1.87,1,0.002,None,0.002,Model_not_applied,,Unclassified,NA
c.310C>A,p.Gln104Lys,p.Q104K,Q104K,104,0.62,0.10,0.05,1,1,1,1.87,1,0.006,None,0.006,Model_not_applied,,Unclassified,NA
c.311A>T,p.Gln104Leu,p.Q104L,Q104L,104,0.56,0.08,0.03,0.32,1,1,1.87,1,0.001,None,0.001,Benign,,Likely_benign,Uncertain_significance_Last_reviewed_May_21_2019
c.311A>G,p.Gln104Arg,p.Q104R,Q104R,104,0.64,0.03,0.56,1,1,1,1.87,1,0.017,None,0.017,Model_not_applied,,Unclassified,NA
c.311A>C,p.Gln104Pro,p.Q104P,Q104P,104,0.29,0.06,0.47,1,1,1,1.87,1,0.015,None,0.015,Model_not_applied,,Unclassified,NA
c.312G>T,p.Gln104His,p.Q104H,Q104H,104,0.29,0.02,0.03,0.18,1,1,1.87,1,0.000,None,0.000,Benign,,Benign,NA
c.312G>C,p.Gln104His,p.Q104H,Q104H,104,0.29,0.02,0.03,0.08,1,1,1.87,1,0.000,None,0.000,Benign,,Benign,NA
c.314G>T,p.Gly105Val,p.G105V,G105V,105,3.86,51.88,0.21,0.73,1,1,1.87,1,57.631,None,0.983,Likely_Pathogenic,,Pathogenic,Likely_pathogenic_Last_reviewed_Dec_1_2018
c.313G>T,p.Gly105Cys,p.G105C,G105C,105,2.13,51.75,0.53,0.22,1,1,1.87,1,24.032,None,0.960,Model_not_applied,,Likely_pathogenic,NA
c.313G>C,p.Gly105Arg,p.G105R,G105R,105,3.48,51.75,22.20,0.50,1,1,1.87,1,3721.266,None,1.000,Model_not_applied,,Likely_pathogenic,Pathogenic/Likely_pathogenic_Last_reviewed_Feb_4_2020
c.313G>A,p.Gly105Ser,p.G105S,G105S,105,2.94,37.70,0.37,0.18,1,1,1.87,1,13.450,None,0.931,Model_not_applied,,Likely_pathogenic,Likely_pathogenic_Last_reviewed_Mar_17_2016
c.314G>C,p.Gly105Ala,p.G105A,G105A,105,3.13,37.48,7.65,1,1,1,1.87,1,1679.836,None,0.999,Pathogenic,,Unclassified,NA
c.314G>A,p.Gly105Asp,p.G105D,G105D,105,3.95,51.65,1.16,0.18,1,1,1.87,1,77.921,None,0.987,Model_not_applied,,Likely_pathogenic,Conflicting_interpretations_of_pathogenicity_Last_reviewed_Sep_15_2020
c.316A>T,p.Ser106Cys,p.S106C,S106C,106,1.43,0.05,0.02,1,1,1,1.87,1,0.003,None,0.003,Model_not_applied,,Unclassified,NA
c.316A>G,p.Ser106Gly,p.S106G,S106G,106,0.68,0.02,0.12,1,1,1,1.87,1,0.003,None,0.003,Model_not_applied,,Unclassified,NA
c.316A>C,p.Ser106Arg,p.S106R,S106R,106,0.35,0.36,0.02,1,1,1,1.87,1,0.006,None,0.006,Model_not_applied,,Unclassified,NA
c.317G>T,p.Ser106Ile,p.S106I,S106I,106,1.28,0.04,0.09,1,1,1,1.87,1,0.009,None,0.009,Model_not_applied,,Unclassified,Uncertain_significance_Last_reviewed_Mar_19_2019
c.317G>C,p.Ser106Thr,p.S106T,S106T,106,0.41,0.01,0.24,1,1,1,1.87,1,0.003,None,0.003,Model_not_applied,,Unclassified,NA
c.317G>A,p.Ser106Asn,p.S106N,S106N,106,0.30,0.01,0.03,1,1,1,1.87,1,0.000,None,0.000,Model_not_applied,,Unclassified,NA
c.318C>G,p.Ser106Arg,p.S106R,S106R,106,0.35,0.36,0.02,0.36,1,1,1.87,1,0.002,None,0.002,Likely_Benign,,Likely_benign,Uncertain_significance_Last_reviewed_Feb_8_2019
c.318C>A,p.Ser106Arg,p.S106R,S106R,106,0.35,0.36,0.02,1,1,1,1.87,1,0.006,None,0.006,Model_not_applied,,Unclassified,NA
c.319T>G,p.Tyr107Asp,p.Y107D,Y107D,107,1.45,10.63,2.10,0.50,1,1,1.87,1,30.107,None,0.968,Model_not_applied,,VUS,Uncertain_significance_Last_reviewed_Oct_15_2018
c.319T>C,p.Tyr107His,p.Y107H,Y107H,107,0.31,0.11,0.05,1,1,1,0.03,0.05,0.000,None,0.000,Benign,,Unclassified,Benign_Last_reviewed_Aug_28_2019
c.319T>A,p.Tyr107Asn,p.Y107N,Y107N,107,1.32,1.48,0.43,1,1,1,1.87,1,1.571,None,0.611,Model_not_applied,,Unclassified,Uncertain_significance_Last_reviewed_Jun_27_2016
c.320A>T,p.Tyr107Phe,p.Y107F,Y107F,107,0.58,0.12,0.06,1,1,1,1.87,1,0.007,None,0.007,Model_not_applied,,Unclassified,NA
c.320A>G,p.Tyr107Cys,p.Y107C,Y107C,107,0.87,2.34,1.07,1,1,1,1.87,1,4.069,None,0.803,VUS,,Unclassified,Uncertain_significance_Last_reviewed_Mar_12_2019
c.320A>C,p.Tyr107Ser,p.Y107S,Y107S,107,1.49,1.04,0.28,1,14.13,1,1.87,1,11.469,None,0.920,Model_not_applied,,Unclassified,Uncertain_significance_Last_reviewed_Jul_26_2013
c.322G>T,p.Gly108Cys,p.G108C,G108C,108,1.49,0.32,0.05,1,1,1,1.00,1,0.021,None,0.021,Model_not_applied,,Unclassified,NA
c.322G>C,p.Gly108Arg,p.G108R,G108R,108,1.35,1.03,5.34,1,1,1,1.87,1,13.939,None,0.933,VUS,,Unclassified,Uncertain_significance_Last_reviewed_Oct_11_2019
c.322G>A,p.Gly108Ser,p.G108S,G108S,108,0.39,0.12,0.08,0.11,1.00,1,1.00,1,0.000,None,0.000,Benign,,Likely_benign,Uncertain_significance_Last_reviewed_Jul_2_2020
c.323G>T,p.Gly108Val,p.G108V,G108V,108,1.44,0.28,0.05,1,1,1,1.87,1,0.036,None,0.035,Model_not_applied,,Unclassified,NA
c.323G>C,p.Gly108Ala,p.G108A,G108A,108,1.11,0.09,0.01,1,1,1,1.87,1,0.002,None,0.002,Model_not_applied,,Unclassified,NA
c.323G>A,p.Gly108Asp,p.G108D,G108D,108,0.61,0.31,1.00,1,1,1,1.87,1,0.352,None,0.260,Model_not_applied,,Unclassified,NA
c.326T>C,p.Phe109Ser,p.F109S,F109S,109,1.98,62.02,5.45,0.31,1,1,1.87,1,392.626,None,0.997,Model_not_applied,,Likely_pathogenic,Uncertain_significance_Last_reviewed_Feb_24_2017
c.325T>G,p.Phe109Val,p.F109V,F109V,109,1.27,43.63,14.40,1,1,1,1.87,1,1495.764,None,0.999,Pathogenic,,Unclassified,Likely_pathogenic_Last_reviewed_Nov_23_2016
c.325T>C,p.Phe109Leu,p.F109L,F109L,109,0.57,0.96,0.12,1,1,1,1.87,1,0.119,None,0.107,Model_not_applied,,Unclassified,NA
c.325T>A,p.Phe109Ile,p.F109I,F109I,109,0.57,9.75,3.31,1,1,1,1.87,1,34.279,None,0.972,Likely_Pathogenic,,Unclassified,NA
c.326T>G,p.Phe109Cys,p.F109C,F109C,109,0.52,61.98,23.15,0.32,1,1,1.87,1,441.533,None,0.998,Model_not_applied,,VUS,Likely_pathogenic_Last_reviewed_Dec_1_2018
c.326T>A,p.Phe109Tyr,p.F109Y,F109Y,109,1.06,3.17,4.67,1,1,1,1.87,1,29.319,None,0.967,Likely_Pathogenic,,Unclassified,NA
c.327C>G,p.Phe109Leu,p.F109L,F109L,109,0.57,0.96,0.12,1,1,1,1.87,1,0.119,None,0.107,Model_not_applied,,Unclassified,NA
c.327C>A,p.Phe109Leu,p.F109L,F109L,109,0.57,0.96,0.12,1,1,1,1.87,1,0.119,None,0.107,Model_not_applied,,Unclassified,NA
c.329G>C,p.Arg110Pro,p.R110P,R110P,110,1.53,6.20,109.25,7.86,1,1,1.87,1,15269.998,None,1.000,Pathogenic,,Likely_pathogenic,Pathogenic_Last_reviewed_Aug_30_2019
c.328C>A,p.Arg110Ser,p.R110S,R110S,110,1.52,0.09,0.07,1,28.04,2.15,1.87,1,1.033,None,0.508,Model_not_applied,,Unclassified,Uncertain_significance_Last_reviewed_Oct_1_2019
c.328C>T,p.Arg110Cys,p.R110C,R110C,110,1.12,0.13,0.12,4.91,1,1,1.00,1,0.081,None,0.075,Model_not_applied,,VUS,Uncertain_significance_Last_reviewed_Nov_26_2019
c.328C>G,p.Arg110Gly,p.R110G,R110G,110,1.77,0.16,1.15,1,1,1,1.87,1,0.598,None,0.374,Model_not_applied,,Unclassified,Uncertain_significance_Last_reviewed_Dec_9_2019
c.329G>T,p.Arg110Leu,p.R110L,R110L,110,1.82,0.92,0.35,20.15,1,1,1.87,1,21.858,None,0.956,Model_not_applied,,Likely_pathogenic,Pathogenic/Likely_pathogenic_Last_reviewed_Nov_25_2019
c.329G>A,p.Arg110His,p.R110H,R110H,110,0.37,0.19,0.06,0.03,1.00,0.79,1.63,1,0.000,None,0.000,Benign,,Likely_benign,Likely_benign_Last_reviewed_Aug_11_2020
c.332T>C,p.Leu111Pro,p.L111P,L111P,111,3.94,15.46,4.35,1.01,1,1,1.87,1,502.916,None,0.998,Pathogenic,,Likely_pathogenic,Conflicting_interpretations_of_pathogenicity_Last_reviewed_Nov_13_2018
c.332T>A,p.Leu111Gln,p.L111Q,L111Q,111,3.80,5.27,22.51,1.76,1,1,1.87,1,1484.057,None,0.999,Pathogenic,,Likely_pathogenic,Uncertain_significance_Last_reviewed_May_15_2019
c.332T>G,p.Leu111Arg,p.L111R,L111R,111,3.93,19.36,27.54,0.50,1,1,1.87,1,1946.446,None,0.999,Model_not_applied,,Likely_pathogenic,Likely_pathogenic_Last_reviewed_May_31_2016
c.331C>G,p.Leu111Val,p.L111V,L111V,111,1.93,0.07,0.02,1,1,1,1.87,1,0.004,None,0.004,Model_not_applied,,Unclassified,NA
c.331C>A,p.Leu111Met,p.L111M,L111M,111,1.25,0.17,0.25,1,1,1,1.87,1,0.100,None,0.091,Model_not_applied,,Unclassified,Uncertain_significance_Last_reviewed_Feb_15_2019
c.334G>T,p.Gly112Cys,p.G112C,G112C,112,2.71,0.36,0.04,1,1,1,1.87,1,0.065,None,0.061,Model_not_applied,,Unclassified,NA
c.334G>C,p.Gly112Arg,p.G112R,G112R,112,0.56,0.02,0.05,1,1,1,1.87,1,0.001,None,0.001,Model_not_applied,,Unclassified,NA
c.334G>A,p.Gly112Ser,p.G112S,G112S,112,0.61,0.03,0.04,0.18,1,1,1.00,1,0.000,None,0.000,Benign,,Likely_benign,Uncertain_significance_Last_reviewed_Jan_30_2019
c.335G>T,p.Gly112Val,p.G112V,G112V,112,0.56,0.08,0.07,1,1,1,1.87,1,0.006,None,0.006,Model_not_applied,,Unclassified,NA
c.335G>C,p.Gly112Ala,p.G112A,G112A,112,0.56,0.00,1.00,1,1,1,1.00,1,0.001,None,0.001,Model_not_applied,,Unclassified,NA
c.335G>A,p.Gly112Asp,p.G112D,G112D,112,0.56,0.00,0.07,0.18,1,1,1.87,1,0.000,None,0.000,Benign,,Benign,NA
c.337T>A,p.Phe113Ile,p.F113I,F113I,113,1.49,3.44,0.30,1,1,1,1.87,1,2.853,None,0.740,VUS,,Unclassified,NA
c.337T>G,p.Phe113Val,p.F113V,F113V,113,2.72,2.86,8.98,1.36,3.67,2.15,1.87,1,1398.299,None,0.999,Pathogenic,,VUS,Uncertain_significance_Last_reviewed_Oct_2_2019
c.337T>C,p.Phe113Leu,p.F113L,F113L,113,1.53,2.86,0.14,0.08,1,1,1.87,1,0.091,None,0.084,VUS,,VUS,NA
c.338T>G,p.Phe113Cys,p.F113C,F113C,113,0.59,49.89,34.18,2.24,1,1,1.87,1,4186.546,None,1.000,Pathogenic,,Likely_pathogenic,Likely_pathogenic_Last_reviewed_Dec_1_2018
c.338T>C,p.Phe113Ser,p.F113S,F113S,113,2.28,49.79,5.91,0.73,1,1,1.87,1,917.120,None,0.999,Pathogenic,,Likely_pathogenic,Uncertain_significance_Last_reviewed_Sep_3_2019
c.338T>A,p.Phe113Tyr,p.F113Y,F113Y,113,1.52,4.89,0.03,1,1,1,1.87,1,0.355,None,0.262,Model_not_applied,,Unclassified,NA
c.339C>G,p.Phe113Leu,p.F113L,F113L,113,1.53,2.86,0.14,0.50,1,1,1.87,1,0.577,None,0.366,VUS,,VUS,NA
c.339C>A,p.Phe113Leu,p.F113L,F113L,113,1.53,2.86,0.14,1,1,1,1.87,1,1.159,None,0.537,Model_not_applied,,Unclassified,NA
c.340T>G,p.Leu114Val,p.L114V,L114V,114,0.35,0.17,0.03,1,1,1,1.87,1,0.004,None,0.004,Model_not_applied,,Unclassified,NA
c.340T>A,p.Leu114Met,p.L114M,L114M,114,0.35,0.15,0.06,1,1,1,1.87,1,0.006,None,0.006,Model_not_applied,,Unclassified,NA
c.341T>G,p.Leu114Trp,p.L114W,L114W,114,1.33,1.79,0.09,1,1,1,1.87,1,0.396,None,0.284,Model_not_applied,,Unclassified,NA
c.341T>C,p.Leu114Ser,p.L114S,L114S,114,0.87,0.73,0.07,1,1,1,1.87,1,0.088,None,0.081,Model_not_applied,,Unclassified,Uncertain_significance_Last_reviewed_Sep_27_2019
c.342G>T,p.Leu114Phe,p.L114F,L114F,114,0.64,0.10,0.18,1,1,1,1.87,1,0.022,None,0.022,Model_not_applied,,Unclassified,NA
c.342G>C,p.Leu114Phe,p.L114F,L114F,114,0.64,0.10,0.18,1,1,1,1.00,1,0.012,None,0.012,Model_not_applied,,Unclassified,NA
c.343C>T,p.His115Tyr,p.H115Y,H115Y,115,2.58,0.11,0.02,0.18,1,1,1.87,1,0.002,None,0.002,Likely_Benign,,VUS,NA
c.343C>G,p.His115Asp,p.H115D,H115D,115,2.14,0.00,0.04,1,1,1,1.87,1,0.000,None,0.000,Model_not_applied,,Unclassified,NA
c.343C>A,p.His115Asn,p.H115N,H115N,115,1.71,0.00,0.05,1,1.85,1,1.87,1,0.000,None,0.000,Model_not_applied,,Unclassified,Uncertain_significance_Last_reviewed_Sep_29_2018
c.344A>T,p.His115Leu,p.H115L,H115L,115,2.66,0.23,0.16,1,1,1,1.87,1,0.184,None,0.155,Model_not_applied,,Unclassified,NA
c.344A>G,p.His115Arg,p.H115R,H115R,115,1.21,0.14,0.04,1,1,1,1.87,0.66,0.008,None,0.008,Model_not_applied,,Unclassified,Uncertain_significance_Last_reviewed_Dec_12_2019
c.344A>C,p.His115Pro,p.H115P,H115P,115,2.29,0.22,0.14,1,1,1,1.87,1,0.132,None,0.116,Model_not_applied,,Unclassified,NA
c.345T>G,p.His115Gln,p.H115Q,H115Q,115,0.55,0.00,0.07,1,1,1,1.87,1,0.000,None,0.000,Model_not_applied,,Unclassified,NA
c.345T>A,p.His115Gln,p.H115Q,H115Q,115,0.55,0.00,0.07,1,1,1,1.87,1,0.000,None,0.000,Model_not_applied,,Unclassified,NA
c.346T>G,p.Ser116Ala,p.S116A,S116A,116,2.01,0.96,0.39,1,1,1,1.00,1,0.750,None,0.429,Model_not_applied,,Unclassified,Uncertain_significance_Last_reviewed_Nov_7_2018
c.346T>C,p.Ser116Pro,p.S116P,S116P,116,1.74,1.87,0.03,1,1,1,1.87,1,0.181,None,0.153,Model_not_applied,,Unclassified,NA
c.346T>A,p.Ser116Thr,p.S116T,S116T,116,1.25,0.90,0.03,1,1,1,1.87,1,0.056,None,0.053,Model_not_applied,,Unclassified,NA
c.347C>T,p.Ser116Phe,p.S116F,S116F,116,1.57,1.98,2.70,1,1,1,1.87,1,15.736,None,0.940,VUS,,Unclassified,NA
c.347C>G,p.Ser116Cys,p.S116C,S116C,116,1.97,0.59,0.03,0.50,1,1,1.87,1,0.034,None,0.033,Likely_Benign,,VUS,NA
c.347C>A,p.Ser116Tyr,p.S116Y,S116Y,116,1.82,2.00,0.04,1,1,1,1.87,1,0.306,None,0.234,Model_not_applied,,Unclassified,NA
c.349G>T,p.Gly117Trp,p.G117W,G117W,117,1.01,1.22,0.37,1,1,1,1.87,1,0.861,None,0.463,Model_not_applied,,Unclassified,NA
c.349G>C,p.Gly117Arg,p.G117R,G117R,117,1.84,0.66,0.47,0.08,1,1,1.87,1,0.084,None,0.077,VUS,,VUS,NA
c.349G>A,p.Gly117Arg,p.G117R,G117R,117,1.84,0.66,0.47,0.08,1,1,1.87,1,0.084,None,0.077,VUS,,VUS,Uncertain_significance_Last_reviewed_Nov_30_2016
c.350G>T,p.Gly117Val,p.G117V,G117V,117,1.82,1.57,0.06,1,1,1,1.87,1,0.319,None,0.242,Model_not_applied,,Unclassified,Uncertain_significance_Last_reviewed_May_8_2019
c.350G>C,p.Gly117Ala,p.G117A,G117A,117,1.32,0.51,0.70,1,1,1,1.00,1,0.476,None,0.322,Model_not_applied,,Unclassified,NA
c.350G>A,p.Gly117Glu,p.G117E,G117E,117,1.65,16.67,0.23,0.32,1,1,1.00,1,1.969,None,0.663,Model_not_applied,,VUS,NA
c.352A>T,p.Thr118Ser,p.T118S,T118S,118,3.04,2.01,1.00,1,1,1,1.87,1,11.438,None,0.920,VUS,,Unclassified,NA
c.352A>G,p.Thr118Ala,p.T118A,T118A,118,3.06,2.20,0.10,1,1,1,1.87,1,1.233,None,0.552,Model_not_applied,,Unclassified,NA
c.352A>C,p.Thr118Pro,p.T118P,T118P,118,2.18,4.78,0.02,1,1,1,1.87,1,0.317,None,0.241,Model_not_applied,,Unclassified,NA
c.353C>T,p.Thr118Ile,p.T118I,T118I,118,3.91,4.14,0.10,0.32,1,1,1.87,1,0.921,None,0.479,Model_not_applied,,VUS,Uncertain_significance_Last_reviewed_Nov_1_2019
c.353C>G,p.Thr118Arg,p.T118R,T118R,118,3.52,5.94,0.07,1,1,1,1.87,1,2.686,None,0.729,VUS,,Unclassified,NA
c.353C>A,p.Thr118Lys,p.T118K,T118K,118,3.71,4.65,0.07,1,1,1,1.87,1,2.357,None,0.702,VUS,,Unclassified,NA
c.355G>T,p.Ala119Ser,p.A119S,A119S,119,3.95,2.29,0.43,1,1,1,1.87,1,7.300,None,0.880,VUS,,Unclassified,NA
c.355G>C,p.Ala119Pro,p.A119P,A119P,119,1.73,10.60,0.39,1,1,1,1.87,1,13.476,None,0.931,VUS,,Unclassified,Uncertain_significance_Last_reviewed_Jul_28_2016
c.355G>A,p.Ala119Thr,p.A119T,A119T,119,3.06,2.32,0.07,1,1,1,1.87,1,0.972,None,0.493,Model_not_applied,,Unclassified,NA
c.356C>T,p.Ala119Val,p.A119V,A119V,119,3.30,4.10,0.02,1,1,1,1.87,1,0.490,None,0.329,Model_not_applied,,Unclassified,NA
c.356C>G,p.Ala119Gly,p.A119G,A119G,119,3.13,3.86,0.05,1,1,1,1.87,1,1.172,None,0.540,Model_not_applied,,Unclassified,Uncertain_significance_Last_reviewed_Mar_28_2019
c.356C>A,p.Ala119Asp,p.A119D,A119D,119,3.46,40.05,0.07,1,1,1,1.87,1,17.746,None,0.947,VUS,,Unclassified,NA
c.358A>G,p.Lys120Glu,p.K120E,K120E,120,3.01,6.28,2.26,0.73,1,1,1.87,1,58.365,None,0.983,Likely_Pathogenic,,VUS,Conflicting_interpretations_of_pathogenicity_Last_reviewed_Jun_9_2019
c.358A>C,p.Lys120Gln,p.K120Q,K120Q,120,2.86,1.48,3.18,1,1,1,1.87,1,25.177,None,0.962,Likely_Pathogenic,,Unclassified,Uncertain_significance_Last_reviewed_Jan_30_2017
c.359A>T,p.Lys120Met,p.K120M,K120M,120,3.95,4.22,0.51,1.02,1,1,1.87,1,16.198,None,0.942,VUS,,VUS,Uncertain_significance_Last_reviewed_Aug_28_2020
c.359A>G,p.Lys120Arg,p.K120R,K120R,120,1.69,0.87,0.09,0.32,1,1,1.87,1,0.079,None,0.073,VUS,,VUS,NA
c.359A>C,p.Lys120Thr,p.K120T,K120T,120,3.71,2.82,0.29,1,1,1,1.87,1,5.629,None,0.849,VUS,,Unclassified,NA
c.360G>T,p.Lys120Asn,p.K120N,K120N,120,3.95,0.29,0.11,1,1,1,1.87,1,0.238,None,0.192,Model_not_applied,,Unclassified,NA
c.360G>C,p.Lys120Asn,p.K120N,K120N,120,3.95,0.29,0.11,1,1,1,1.87,1,0.238,None,0.192,Model_not_applied,,Unclassified,NA
c.361T>G,p.Ser121Ala,p.S121A,S121A,121,3.95,1.33,1.79,1,1,1,1.87,1,17.651,None,0.946,VUS,,Unclassified,NA
c.361T>C,p.Ser121Pro,p.S121P,S121P,121,3.59,25.59,1.00,1,1,1,1.87,1,171.894,None,0.994,Pathogenic,,Unclassified,Uncertain_significance_Last_reviewed_May_1_2019
c.361T>A,p.Ser121Thr,p.S121T,S121T,121,3.04,2.19,0.45,1,1,1,1.87,1,5.616,None,0.849,VUS,,Unclassified,NA
c.362C>T,p.Ser121Phe,p.S121F,S121F,121,2.28,18.93,2.04,0.18,1,1,1.87,1,29.124,None,0.967,Model_not_applied,,VUS,NA
c.362C>G,p.Ser121Cys,p.S121C,S121C,121,3.82,1.94,0.44,1,1,1,1.87,1,6.135,None,0.860,VUS,,Unclassified,NA
c.362C>A,p.Ser121Tyr,p.S121Y,S121Y,121,2.79,8.92,0.11,1,1,1,1.87,1,5.315,None,0.842,VUS,,Unclassified,NA
c.365T>C,p.Val122Ala,p.V122A,V122A,122,3.29,0.22,0.18,1,1,1,1.87,1,0.247,None,0.198,Model_not_applied,,Unclassified,NA
c.365T>G,p.Val122Gly,p.V122G,V122G,122,3.86,24.37,3.82,1,1,1,1.87,1,671.304,None,0.999,Pathogenic,,Unclassified,NA
c.364G>T,p.Val122Leu,p.V122L,V122L,122,1.93,0.51,0.16,1,1,1,1.87,1,0.293,None,0.227,Model_not_applied,,Unclassified,NA
c.364G>C,p.Val122Leu,p.V122L,V122L,122,1.93,0.51,0.16,1,1,1,1.87,1,0.293,None,0.227,Model_not_applied,,Unclassified,NA
c.364G>A,p.Val122Met,p.V122M,V122M,122,1.52,0.38,1.00,1,1.37,1,1.87,1,1.467,None,0.595,Model_not_applied,,Unclassified,Uncertain_significance_Last_reviewed_May_15_2019
c.365T>A,p.Val122Glu,p.V122E,V122E,122,3.59,6.57,0.04,1,1,1,1.87,1,1.839,None,0.648,Model_not_applied,,Unclassified,NA
c.367A>T,p.Thr123Ser,p.T123S,T123S,123,1.18,0.50,0.08,1,1,1,1.87,1,0.088,None,0.081,Model_not_applied,,Unclassified,NA
c.367A>G,p.Thr123Ala,p.T123A,T123A,123,0.73,0.39,1.08,1,1,1,1.87,1,0.577,None,0.366,Model_not_applied,,Unclassified,NA
c.367A>C,p.Thr123Pro,p.T123P,T123P,123,0.70,5.83,3.96,1,1,1,1.87,1,30.267,None,0.968,Likely_Pathogenic,,Unclassified,NA
c.368C>T,p.Thr123Ile,p.T123I,T123I,123,0.43,3.25,0.28,1,1.85,1,1.87,1,1.377,None,0.579,Model_not_applied,,Unclassified,Uncertain_significance_Last_reviewed_Jul_14_2017
c.368C>G,p.Thr123Ser,p.T123S,T123S,123,1.18,0.50,0.08,1,1,1,1.87,1,0.088,None,0.081,Model_not_applied,,Unclassified,NA
c.368C>A,p.Thr123Asn,p.T123N,T123N,123,1.28,0.34,0.10,1,1,1,1.87,1,0.078,None,0.072,Model_not_applied,,Unclassified,NA
c.370T>G,p.Cys124Gly,p.C124G,C124G,124,2.13,0.96,16.20,1,1,1,1.87,1,61.863,None,0.984,Likely_Pathogenic,,Unclassified,Uncertain_significance_Last_reviewed_Mar_6_2015
c.370T>C,p.Cys124Arg,p.C124R,C124R,124,1.28,1.47,11.39,0.50,1,1,1.87,1,19.960,None,0.952,Model_not_applied,,VUS,NA
c.370T>A,p.Cys124Ser,p.C124S,C124S,124,3.82,0.15,0.36,0.08,1,1,1.00,1,0.017,None,0.016,Likely_Benign,,Likely_benign,Uncertain_significance_Last_reviewed_Jul_27_2020
c.371G>T,p.Cys124Phe,p.C124F,C124F,124,0.59,0.46,0.37,1,1,1,1.87,1,0.187,None,0.157,Model_not_applied,,Unclassified,NA
c.371G>C,p.Cys124Ser,p.C124S,C124S,124,3.82,0.15,0.36,0.08,1,1,1.87,1,0.031,None,0.030,Likely_Benign,,Likely_benign,NA
c.371G>A,p.Cys124Tyr,p.C124Y,C124Y,124,0.84,0.30,0.08,1,1,1,1.87,1,0.039,None,0.038,Model_not_applied,,Unclassified,NA
c.372C>G,p.Cys124Trp,p.C124W,C124W,124,0.40,0.08,0.22,1,1,1,1.87,1,0.014,None,0.014,Model_not_applied,,Unclassified,NA
c.373A>C,p.Thr125Pro,p.T125P,T125P,125,2.17,56.63,32.55,0.07,1,1,1.87,1,554.860,None,0.998,Model_not_applied,,VUS,Uncertain_significance_Last_reviewed_Oct_22_2019
c.373A>T,p.Thr125Ser,p.T125S,T125S,125,3.04,3.39,1.00,1,1,1,1.87,1,19.276,None,0.951,Likely_Pathogenic,,Unclassified,NA
c.373A>G,p.Thr125Ala,p.T125A,T125A,125,3.06,16.99,0.23,1,1,1,1.87,1,22.161,Moderate,0.957,Likely_Pathogenic,Predicted_effects_on_splicing,Unclassified,NA
c.374C>T,p.Thr125Met,p.T125M,T125M,125,3.78,23.75,0.14,4.11,1,1,1.00,1,52.867,Moderate,0.981,Likely_Pathogenic,Predicted_effects_on_splicing,Pathogenic,Conflicting_interpretations_of_pathogenicity_Last_reviewed_Aug_28_2020
c.374C>G,p.Thr125Arg,p.T125R,T125R,125,3.52,73.91,279.61,0.18,1,1,1.87,1,24054.831,Strong,1.000,Model_not_applied,Predicted_effects_on_splicing,Likely_pathogenic,Pathogenic/Likely_pathogenic_Last_reviewed_Jun_26_2019
c.374C>A,p.Thr125Lys,p.T125K,T125K,125,3.71,73.85,1.31,0.50,1,1,1.87,1,333.869,None,0.997,Model_not_applied,,Pathogenic,Pathogenic_Last_reviewed_Sep_20_2019
c.377A>G,p.Tyr126Cys,p.Y126C,Y126C,126,0.83,70.77,35.33,13.00,1,1,1.87,1,50418.433,None,1.000,Pathogenic,,Pathogenic,Uncertain_significance_Last_reviewed_Feb_19_2019
c.376T>A,p.Tyr126Asn,p.Y126N,Y126N,126,2.82,54.73,3.19,1.36,1,1,1.87,1,1252.675,None,0.999,Pathogenic,,Pathogenic,Uncertain_significance_Last_reviewed_Jan_2_2019
c.377A>C,p.Tyr126Ser,p.Y126S,Y126S,126,2.79,70.77,37.11,0.31,1,1,1.87,1,4299.477,None,1.000,Model_not_applied,,Likely_pathogenic,NA
c.376T>G,p.Tyr126Asp,p.Y126D,Y126D,126,2.06,73.91,18.34,1.36,1,1,1.87,1,7094.866,None,1.000,Pathogenic,,Pathogenic,Conflicting_interpretations_of_pathogenicity_Last_reviewed_Oct_5_2020
c.376T>C,p.Tyr126His,p.Y126H,Y126H,126,3.83,73.04,6.61,0.32,1,1,1.87,1,1089.583,None,0.999,Model_not_applied,,Likely_pathogenic,NA
c.377A>T,p.Tyr126Phe,p.Y126F,Y126F,126,1.52,1.94,0.79,1,1,1,1.87,1,4.337,None,0.813,VUS,,Unclassified,NA
c.380C>G,p.Ser127Cys,p.S127C,S127C,127,3.81,45.39,7.53,0.17,1,1,1.87,1,416.394,None,0.998,Model_not_applied,,Likely_pathogenic,Uncertain_significance_Last_reviewed_Jan_8_2020
c.379T>C,p.Ser127Pro,p.S127P,S127P,127,0.82,63.64,29.21,1.76,1,1,1.87,1,5000.825,None,1.000,Pathogenic,,Pathogenic,Uncertain_significance_Last_reviewed_Oct_10_2019
c.379T>A,p.Ser127Thr,p.S127T,S127T,127,3.04,10.54,36.67,0.50,1,1,1.87,1,1090.676,None,0.999,Model_not_applied,,VUS,Uncertain_significance_Last_reviewed_May_8_2019
c.379T>G,p.Ser127Ala,p.S127A,S127A,127,3.95,4.60,0.07,1,1,1,1.87,1,2.392,None,0.705,VUS,,Unclassified,NA
c.380C>T,p.Ser127Phe,p.S127F,S127F,127,2.28,49.81,44.57,40.54,1,1,1.87,1,384019.863,None,1.000,Pathogenic,,Pathogenic,Conflicting_interpretations_of_pathogenicity_Last_reviewed_Jul_25_2019
c.380C>A,p.Ser127Tyr,p.S127Y,S127Y,127,2.79,74.39,1.00,4.11,1,1,1.87,1,1597.138,None,0.999,Pathogenic,,Pathogenic,Uncertain_significance_Last_reviewed_Dec_11_2018
c.382C>T,p.Pro128Ser,p.P128S,P128S,128,1.29,0.12,0.22,1.77,1,1,1.87,1,0.111,None,0.100,Model_not_applied,,VUS,NA
c.382C>G,p.Pro128Ala,p.P128A,P128A,128,0.31,0.11,0.46,0.18,1,1,1.87,1,0.005,None,0.005,Likely_Benign,,Likely_benign,NA
c.382C>A,p.Pro128Thr,p.P128T,P128T,128,0.58,0.08,0.07,1,1,1,1.87,1,0.006,None,0.006,Model_not_applied,,Unclassified,Uncertain_significance_Last_reviewed_Jan_11_2019
c.383C>T,p.Pro128Leu,p.P128L,P128L,128,0.34,0.22,3.26,0.73,1,1,1.87,1,0.327,None,0.247,Model_not_applied,,VUS,Uncertain_significance_Last_reviewed_Dec_26_2018
c.383C>G,p.Pro128Arg,p.P128R,P128R,128,0.89,0.45,0.18,0.18,1,1,1.87,1,0.024,None,0.023,Likely_Benign,,VUS,NA
c.383C>A,p.Pro128His,p.P128H,P128H,128,0.84,0.24,0.07,1,1,1,1.87,1,0.026,None,0.025,Model_not_applied,,Unclassified,NA
c.385G>T,p.Ala129Ser,p.A129S,A129S,129,0.34,0.02,0.46,1,1,1,1.87,1,0.005,None,0.005,Model_not_applied,,Unclassified,Likely_benign_Last_reviewed_Sep_27_2019
c.385G>C,p.Ala129Pro,p.A129P,A129P,129,0.34,0.03,23.25,1,1,1,1.87,1,0.425,None,0.298,Model_not_applied,,Unclassified,NA
c.385G>A,p.Ala129Thr,p.A129T,A129T,129,0.34,0.02,0.05,0.32,1,1,1.87,0.66,0.000,None,0.000,Benign,,Likely_benign,Conflicting_interpretations_of_pathogenicity_Last_reviewed_May_14_2019
c.386C>T,p.Ala129Val,p.A129V,A129V,129,0.85,0.02,0.06,1.36,1,1,1.87,1,0.003,None,0.003,Model_not_applied,,Likely_benign,NA
c.386C>G,p.Ala129Gly,p.A129G,A129G,129,0.75,0.02,0.10,1,1,1,1.87,1,0.002,None,0.002,Model_not_applied,,Unclassified,Uncertain_significance_Last_reviewed_Apr_14_2017
c.386C>A,p.Ala129Asp,p.A129D,A129D,129,0.34,0.03,0.07,0.50,1,1,1.87,1,0.001,None,0.001,Benign,,Likely_benign,NA
c.389T>A,p.Leu130His,p.L130H,L130H,130,3.94,74.65,2.81,0.68,1,1,1.87,1,1050.017,None,0.999,Pathogenic,,Pathogenic,Uncertain_significance_Last_reviewed_Jun_12_2018
c.389T>C,p.Leu130Pro,p.L130P,L130P,130,3.94,77.43,42.44,0.50,1,1,1.87,1,12038.514,None,1.000,Model_not_applied,,Pathogenic,Pathogenic_Last_reviewed_Aug_27_2019
c.388C>T,p.Leu130Phe,p.L130F,L130F,130,1.53,43.72,6.25,6.80,1,1,1.87,1,5310.699,None,1.000,Pathogenic,,Pathogenic,Uncertain_significance_Last_reviewed_May_15_2018
c.388C>G,p.Leu130Val,p.L130V,L130V,130,1.93,42.71,266.60,20.97,1,1,1.87,1,862412.918,None,1.000,Pathogenic,,Pathogenic,Uncertain_significance_Last_reviewed_Oct_30_2019
c.388C>A,p.Leu130Ile,p.L130I,L130I,130,0.95,4.12,0.11,0.18,1,1,1.87,1,0.138,None,0.122,VUS,,VUS,NA
c.389T>G,p.Leu130Arg,p.L130R,L130R,130,3.94,76.90,61.62,3.41,1,1,1.87,1,119044.409,None,1.000,Pathogenic,,Pathogenic,NA
c.392A>T,p.Asn131Ile,p.N131I,N131I,131,2.54,3.06,23.98,0.87,1,1,1.87,1,303.857,None,0.997,Pathogenic,,VUS,Pathogenic_Last_reviewed_Oct_15_2020
c.391A>T,p.Asn131Tyr,p.N131Y,N131Y,131,2.82,3.07,9.50,4.91,1,1,1.87,1,756.348,None,0.999,Pathogenic,,Likely_pathogenic,Pathogenic_Last_reviewed_Jan_4_2017
c.391A>G,p.Asn131Asp,p.N131D,N131D,131,1.57,0.31,0.09,1,1,1,1.87,1,0.086,None,0.079,Model_not_applied,,Unclassified,NA
c.391A>C,p.Asn131His,p.N131H,N131H,131,3.44,0.53,0.48,0.32,1,1,1.87,1,0.517,None,0.341,VUS,,VUS,NA
c.392A>G,p.Asn131Ser,p.N131S,N131S,131,2.56,0.41,1.00,2.24,1,1,1.87,1,4.390,None,0.814,VUS,,VUS,NA
c.392A>C,p.Asn131Thr,p.N131T,N131T,131,3.31,0.50,50.31,1,1,1,1.87,1,156.675,None,0.994,Pathogenic,,Unclassified,NA
c.393C>G,p.Asn131Lys,p.N131K,N131K,131,3.95,0.09,0.06,0.32,1,1,1.87,1,0.013,None,0.013,Likely_Benign,,VUS,NA
c.393C>A,p.Asn131Lys,p.N131K,N131K,131,3.95,0.09,0.06,0.08,1,1,1.00,1,0.002,None,0.002,Likely_Benign,,Likely_benign,Uncertain_significance_Last_reviewed_Aug_11_2020
c.396G>T,p.Lys132Asn,p.K132N,K132N,132,3.93,5.08,3.39,47.81,1,1,1.87,1,6052.543,None,1.000,Pathogenic,,Pathogenic,Uncertain_significance_Last_reviewed_Jul_29_2018
c.396G>C,p.Lys132Asn,p.K132N,K132N,132,3.93,5.08,3.39,86.16,1,1,1.87,1,10909.057,None,1.000,Pathogenic,,Pathogenic,Likely_pathogenic_Last_reviewed_Aug_11_2020
c.395A>G,p.Lys132Arg,p.K132R,K132R,132,1.68,1.47,33.65,339.13,1,1,1.87,1,52729.616,None,1.000,Pathogenic,,Pathogenic,Uncertain_significance_Last_reviewed_Sep_19_2018
c.394A>G,p.Lys132Glu,p.K132E,K132E,132,3.01,73.84,2.56,13.89,1,1,1.00,1,7892.466,None,1.000,Pathogenic,,Pathogenic,Conflicting_interpretations_of_pathogenicity_Last_reviewed_Sep_1_2020
c.394A>C,p.Lys132Gln,p.K132Q,K132Q,132,2.86,73.84,75.92,8.96,1,1,1.87,1,268386.123,None,1.000,Pathogenic,,Pathogenic,Uncertain_significance_Last_reviewed_Sep_19_2019
c.395A>T,p.Lys132Met,p.K132M,K132M,132,3.95,0.66,5.57,6.78,1,1,1.87,1,184.894,None,0.995,Pathogenic,,VUS,Uncertain_significance_Last_reviewed_Apr_4_2017
c.395A>C,p.Lys132Thr,p.K132T,K132T,132,3.71,2.15,218.50,1.02,1,1,1.87,1,3306.279,None,1.000,Pathogenic,,VUS,NA
c.399G>T,p.Met133Ile,p.M133I,M133I,133,0.66,0.05,0.06,0.51,1,1,1.87,1,0.002,None,0.002,Likely_Benign,,Likely_benign,NA
c.399G>A,p.Met133Ile,p.M133I,M133I,133,0.66,0.05,0.06,0.51,1,1,1.87,1,0.002,None,0.002,Likely_Benign,,Likely_benign,Uncertain_significance_Last_reviewed_Dec_17_2019
c.398T>G,p.Met133Arg,p.M133R,M133R,133,3.06,22.85,23.05,0.48,1,1,1.87,1,1442.975,None,0.999,Model_not_applied,,Likely_pathogenic,NA
c.399G>C,p.Met133Ile,p.M133I,M133I,133,0.66,0.05,0.06,1,1,1,1.87,1,0.004,None,0.004,Model_not_applied,,Unclassified,NA
c.397A>T,p.Met133Leu,p.M133L,M133L,133,0.64,0.05,0.05,0.32,1,1,1.87,1,0.001,None,0.001,Benign,,Likely_benign,NA
c.397A>G,p.Met133Val,p.M133V,M133V,133,1.19,0.08,0.06,0.73,1,1,1.87,1,0.008,None,0.008,Model_not_applied,,VUS,Uncertain_significance_Last_reviewed_Nov_24_2019
c.397A>C,p.Met133Leu,p.M133L,M133L,133,0.64,0.05,0.05,0.18,1,1,1.87,1,0.000,None,0.000,Benign,,Likely_benign,NA
c.398T>C,p.Met133Thr,p.M133T,M133T,133,2.96,5.91,3.52,0.66,1,1,1.87,1,75.635,None,0.987,Likely_Pathogenic,,VUS,Pathogenic_Last_reviewed_Dec_13_2019
c.398T>A,p.Met133Lys,p.M133K,M133K,133,3.09,10.49,5.12,18.85,1,1,1.87,1,5846.135,None,1.000,Pathogenic,,Pathogenic,NA
c.400T>A,p.Phe134Ile,p.F134I,F134I,134,1.49,5.42,21.21,0.17,1,1,1.87,1,54.876,None,0.982,Model_not_applied,,VUS,Uncertain_significance_Last_reviewed_Aug_25_2016
c.400T>C,p.Phe134Leu,p.F134L,F134L,134,1.51,2.94,7.53,15.05,1,1,1.87,1,944.429,None,0.999,Pathogenic,,Likely_pathogenic,Uncertain_significance_Last_reviewed_Jun_13_2018
c.402T>G,p.Phe134Leu,p.F134L,F134L,134,1.51,2.94,7.53,1.01,1,1,1.87,1,63.633,None,0.985,Likely_Pathogenic,,VUS,NA
c.402T>A,p.Phe134Leu,p.F134L,F134L,134,1.51,2.94,7.53,0.17,1,1,1.87,1,10.720,None,0.915,Model_not_applied,,VUS,Pathogenic_Last_reviewed_Mar_1_2017
c.400T>G,p.Phe134Val,p.F134V,F134V,134,2.71,7.10,56.57,4.11,1,1,1.87,1,8368.999,None,1.000,Pathogenic,,Likely_pathogenic,Pathogenic
c.401T>G,p.Phe134Cys,p.F134C,F134C,134,0.59,22.55,16.42,2.24,1,1,1.00,1,485.930,None,0.998,Pathogenic,,Likely_pathogenic,Likely_pathogenic_Last_reviewed_Feb_10_2015
c.401T>C,p.Phe134Ser,p.F134S,F134S,134,2.28,38.53,25.89,0.32,1,1,1.87,1,1341.233,None,0.999,Model_not_applied,,Likely_pathogenic,NA
c.401T>A,p.Phe134Tyr,p.F134Y,F134Y,134,1.52,0.92,0.03,1,1,1,1.87,1,0.076,None,0.071,Model_not_applied,,Unclassified,NA
c.404G>T,p.Cys135Phe,p.C135F,C135F,135,0.57,51.01,2.39,320.18,1,1,1.87,1,41763.220,None,1.000,Pathogenic,,Pathogenic,Conflicting_interpretations_of_pathogenicity_Last_reviewed_Jul_15_2020
c.403T>C,p.Cys135Arg,p.C135R,C135R,135,1.27,73.73,2.55,11.80,1,1,1.87,1,5282.625,None,1.000,Pathogenic,,Pathogenic,NA
c.404G>A,p.Cys135Tyr,p.C135Y,C135Y,135,0.83,56.19,7.96,983.42,1,1,1.87,1,682476.164,None,1.000,Pathogenic,,Pathogenic,Conflicting_interpretations_of_pathogenicity_Last_reviewed_Oct_5_2020
c.403T>G,p.Cys135Gly,p.C135G,C135G,135,2.13,73.55,109.30,2.24,1,1,1.87,1,71789.405,None,1.000,Pathogenic,,Pathogenic,Likely_pathogenic_Last_reviewed_Aug_28_2019
c.403T>A,p.Cys135Ser,p.C135S,C135S,135,3.82,59.51,14.65,1.77,1,1,1.87,1,10998.902,None,1.000,Pathogenic,,Pathogenic,Uncertain_significance_Last_reviewed_Apr_17_2019
c.404G>C,p.Cys135Ser,p.C135S,C135S,135,3.82,59.51,14.65,1.77,1,1,1.87,1,10998.902,None,1.000,Pathogenic,,Pathogenic,NA
c.405C>G,p.Cys135Trp,p.C135W,C135W,135,0.40,24.54,17.42,31.07,1,1,1.87,1,10037.848,None,1.000,Pathogenic,,Pathogenic,Uncertain_significance_Last_reviewed_Jan_26_2019
c.407A>G,p.Gln136Arg,p.Q136R,Q136R,136,2.53,26.87,0.30,3.01,1,1,1.87,1,116.369,None,0.991,Pathogenic,,Pathogenic,NA
c.406C>G,p.Gln136Glu,p.Q136E,Q136E,136,1.83,6.75,52.00,2.24,1,1,1.87,1,2684.396,None,1.000,Pathogenic,,Likely_pathogenic,Uncertain_significance_Last_reviewed_Jan_30_2020
c.406C>A,p.Gln136Lys,p.Q136K,Q136K,136,2.86,9.42,0.06,1,1,1,1.87,1,2.909,None,0.744,VUS,,Unclassified,NA
c.407A>T,p.Gln136Leu,p.Q136L,Q136L,136,3.81,25.22,0.02,1,1,1,1.87,1,3.242,None,0.764,VUS,,Unclassified,NA
c.407A>C,p.Gln136Pro,p.Q136P,Q136P,136,3.64,44.58,65.88,0.50,1,1,1.87,1,9963.277,None,1.000,Model_not_applied,,Likely_pathogenic,Uncertain_significance_Last_reviewed_Jun_4_2018
c.408A>T,p.Gln136His,p.Q136H,Q136H,136,1.62,31.04,0.17,0.18,1,1,1.87,1,2.886,None,0.743,Model_not_applied,,VUS,Uncertain_significance_Last_reviewed_Jan_27_2017
c.408A>C,p.Gln136His,p.Q136H,Q136H,136,1.62,31.04,0.17,1.02,1,1,1.87,1,16.578,None,0.943,VUS,,Likely_pathogenic,Uncertain_significance_Last_reviewed_Aug_25_2020
c.409C>G,p.Leu137Val,p.L137V,L137V,137,1.93,0.75,0.03,0.73,1,1,1.87,1,0.051,None,0.049,Model_not_applied,,VUS,NA
c.409C>A,p.Leu137Met,p.L137M,L137M,137,1.25,0.07,0.07,0.50,1,1,1.87,1,0.006,None,0.006,Likely_Benign,,Likely_benign,NA
c.410T>G,p.Leu137Arg,p.L137R,L137R,137,3.94,50.30,0.06,1,1,1,1.87,1,22.026,None,0.957,Likely_Pathogenic,,Unclassified,NA
c.410T>C,p.Leu137Pro,p.L137P,L137P,137,3.95,52.36,0.03,0.50,1,1,1.87,1,6.373,None,0.864,Model_not_applied,,Pathogenic,NA
c.410T>A,p.Leu137Gln,p.L137Q,L137Q,137,3.81,23.05,0.02,1.02,1,1,1.87,1,4.063,None,0.802,VUS,,Likely_pathogenic,NA
c.412G>C,p.Ala138Pro,p.A138P,A138P,138,1.71,62.45,92.97,47.81,1,1,1.87,1,890207.070,None,1.000,Pathogenic,,Pathogenic,Likely_pathogenic_Last_reviewed_Jun_28_2019
c.412G>T,p.Ala138Ser,p.A138S,A138S,138,3.95,20.38,0.19,0.08,1,1,1.87,1,2.283,None,0.695,Model_not_applied,,VUS,NA
c.412G>A,p.Ala138Thr,p.A138T,A138T,138,3.06,14.15,0.05,2.79,1,1,1.87,1,10.412,None,0.912,VUS,,Pathogenic,NA
c.413C>T,p.Ala138Val,p.A138V,A138V,138,3.30,28.87,2.04,178.56,1,1,1.87,1,64813.690,None,1.000,Pathogenic,,Pathogenic,Conflicting_interpretations_of_pathogenicity_Last_reviewed_Oct_12_2020
c.413C>G,p.Ala138Gly,p.A138G,A138G,138,3.13,3.49,29.83,1,1,1,1.87,1,610.831,None,0.998,Pathogenic,,Unclassified,NA
c.413C>A,p.Ala138Asp,p.A138D,A138D,138,3.46,37.60,0.04,0.32,1,1,1.87,1,2.785,None,0.736,Model_not_applied,,Likely_pathogenic,Uncertain_significance_Last_reviewed_Dec_28_2017
c.415A>G,p.Lys139Glu,p.K139E,K139E,139,3.01,6.05,1.00,0.32,1,1,1.87,1,10.727,None,0.915,Model_not_applied,,VUS,Uncertain_significance_Last_reviewed_Jan_20_2019
c.415A>C,p.Lys139Gln,p.K139Q,K139Q,139,2.86,0.96,2.16,0.32,1,1,1.87,1,3.501,None,0.778,Model_not_applied,,VUS,NA
c.416A>T,p.Lys139Met,p.K139M,K139M,139,3.95,5.06,0.07,1,1,1,1.87,1,2.587,None,0.721,VUS,,Unclassified,NA
c.416A>G,p.Lys139Arg,p.K139R,K139R,139,1.69,0.32,2.13,0.50,1,1,1.87,1,1.064,None,0.516,Model_not_applied,,VUS,NA
c.416A>C,p.Lys139Thr,p.K139T,K139T,139,3.71,3.15,0.05,0.32,1,1,1.87,1,0.329,None,0.247,VUS,,VUS,NA
c.417G>T,p.Lys139Asn,p.K139N,K139N,139,3.95,0.15,1.00,1.02,1,1,1.87,1,1.104,None,0.525,Model_not_applied,,VUS,Uncertain_significance_Last_reviewed_Jul_2_2018
c.417G>C,p.Lys139Asn,p.K139N,K139N,139,3.95,0.15,1.00,3.41,1,1,1.87,1,3.706,None,0.788,Model_not_applied,,VUS,NA
c.418A>T,p.Thr140Ser,p.T140S,T140S,140,3.04,0.62,0.13,0.50,1,1,1.87,1,0.224,None,0.183,VUS,,VUS,NA
c.418A>G,p.Thr140Ala,p.T140A,T140A,140,3.06,1.81,0.58,1.02,1,1,1.87,1,6.106,None,0.859,VUS,,VUS,Uncertain_significance_Last_reviewed_Oct_6_2018
c.418A>C,p.Thr140Pro,p.T140P,T140P,140,2.18,25.81,1.33,1,1,1,1.87,1,139.945,None,0.993,Pathogenic,,Unclassified,NA
c.419C>T,p.Thr140Ile,p.T140I,T140I,140,3.91,17.41,0.03,7.87,1,1,1.87,1,31.925,None,0.970,Likely_Pathogenic,,Pathogenic,NA
c.419C>G,p.Thr140Ser,p.T140S,T140S,140,3.04,0.62,0.13,0.08,1,1,1.87,1,0.035,None,0.034,Likely_Benign,,VUS,NA
c.419C>A,p.Thr140Asn,p.T140N,T140N,140,3.31,0.48,0.04,1,1.85,1,1.87,1,0.213,None,0.175,Model_not_applied,,Unclassified,Uncertain_significance_Last_reviewed_Aug_13_2014
c.421T>G,p.Cys141Gly,p.C141G,C141G,141,2.13,43.23,131.83,0.17,1,1,1.87,1,3874.186,None,1.000,Model_not_applied,,VUS,NA
c.421T>C,p.Cys141Arg,p.C141R,C141R,141,1.27,48.83,9.35,10.37,1,1,1.87,1,11281.188,None,1.000,Pathogenic,,Pathogenic,NA
c.422G>A,p.Cys141Tyr,p.C141Y,C141Y,141,0.83,52.03,5.30,351.29,1,1,1.87,1,150371.583,None,1.000,Pathogenic,,Pathogenic,Pathogenic_Last_reviewed_Mar_19_2020
c.421T>A,p.Cys141Ser,p.C141S,C141S,141,3.82,1.74,0.32,0.18,1,1,1.87,1,0.699,None,0.412,Model_not_applied,,VUS,NA
c.422G>T,p.Cys141Phe,p.C141F,C141F,141,0.59,35.29,1.00,1.36,1,1,1.87,1,52.585,None,0.981,Likely_Pathogenic,,Likely_pathogenic,Conflicting_interpretations_of_pathogenicity_Last_reviewed_Apr_26_2019
c.422G>C,p.Cys141Ser,p.C141S,C141S,141,3.82,1.74,0.32,0.18,1,1,1.87,1,0.699,None,0.412,Model_not_applied,,VUS,NA
c.423C>G,p.Cys141Trp,p.C141W,C141W,141,0.40,23.05,34.94,5.79,1,1,1.87,1,3527.037,None,1.000,Pathogenic,,Likely_pathogenic,Conflicting_interpretations_of_pathogenicity_Last_reviewed_Nov_15_2019
c.424C>T,p.Pro142Ser,p.P142S,P142S,142,3.59,61.51,0.28,2.24,1,1,1.87,1,257.261,None,0.996,Pathogenic,,Pathogenic,Uncertain_significance_Last_reviewed_Jun_22_2019
c.424C>G,p.Pro142Ala,p.P142A,P142A,142,1.73,61.28,0.26,0.18,1,1,1.87,1,9.124,None,0.901,Model_not_applied,,VUS,NA
c.424C>A,p.Pro142Thr,p.P142T,P142T,142,2.18,78.14,0.04,0.18,1,1,1.87,1,2.285,None,0.696,Model_not_applied,,Likely_pathogenic,NA
c.425C>T,p.Pro142Leu,p.P142L,P142L,142,3.95,40.80,2.92,4.91,1,1,1.00,1,2313.974,None,1.000,Pathogenic,,Pathogenic,Uncertain_significance_Last_reviewed_Jan_29_2019
c.425C>G,p.Pro142Arg,p.P142R,P142R,142,3.94,68.41,7.08,1,1,1,1.87,1,3566.111,None,1.000,Pathogenic,,Unclassified,NA
c.425C>A,p.Pro142His,p.P142H,P142H,142,3.67,74.50,0.17,0.50,1,1,1.87,1,43.070,None,0.977,Model_not_applied,,Pathogenic,NA
c.428T>C,p.Val143Ala,p.V143A,V143A,143,2.00,0.63,12.31,15.05,1,1,1.87,1,433.584,None,0.998,Pathogenic,,Likely_pathogenic,Likely_pathogenic_Last_reviewed_Aug_28_2019
c.427G>T,p.Val143Leu,p.V143L,V143L,143,0.49,0.13,0.14,0.50,1.37,1,1.87,1,0.011,None,0.011,Model_not_applied,,Likely_benign,Uncertain_significance_Last_reviewed_Mar_1_2019
c.427G>C,p.Val143Leu,p.V143L,V143L,143,0.49,0.13,0.14,0.08,1,1,1.87,1,0.001,None,0.001,Likely_Benign,,Likely_benign,NA
c.427G>A,p.Val143Met,p.V143M,V143M,143,0.49,1.15,14.35,56.02,1,1,1.87,1,855.707,None,0.999,Pathogenic,,Likely_pathogenic,Conflicting_interpretations_of_pathogenicity_Last_reviewed_Feb_28_2020
c.428T>G,p.Val143Gly,p.V143G,V143G,143,2.34,41.58,29.96,1.77,1,1,1.87,1,9642.399,None,1.000,Pathogenic,,Pathogenic,Uncertain_significance_Last_reviewed_Nov_28_2016
c.428T>A,p.Val143Glu,p.V143E,V143E,143,2.18,30.53,1.15,1.36,1,1,1.87,1,193.523,None,0.995,Pathogenic,,Likely_pathogenic,NA
c.430C>G,p.Gln144Glu,p.Q144E,Q144E,144,0.66,0.17,1.00,1,1,1,1.87,1,0.210,None,0.174,Model_not_applied,,Unclassified,NA
c.430C>A,p.Gln144Lys,p.Q144K,Q144K,144,0.46,1.74,0.04,0.08,1,1,1.87,1,0.005,None,0.005,Likely_Benign,,VUS,NA
c.431A>T,p.Gln144Leu,p.Q144L,Q144L,144,0.29,3.05,0.05,2.18,1,1,1.87,1,0.186,None,0.157,Model_not_applied,,VUS,Uncertain_significance_Last_reviewed_Aug_28_2019
c.431A>G,p.Gln144Arg,p.Q144R,Q144R,144,0.44,0.95,0.06,3.41,1,1,1.87,1,0.145,None,0.127,Model_not_applied,,VUS,NA
c.431A>C,p.Gln144Pro,p.Q144P,Q144P,144,1.03,6.55,58.15,1.36,1,1,1.87,1,993.787,None,0.999,Pathogenic,,VUS,Uncertain_significance_Last_reviewed_Oct_3_2014
c.432G>T,p.Gln144His,p.Q144H,Q144H,144,0.29,0.87,0.36,0.08,1,1,1.87,1,0.014,None,0.013,Likely_Benign,"No_stars_on_ClinVar,_somatic_origin",Likely_benign,NA
c.432G>C,p.Gln144His,p.Q144H,Q144H,144,0.29,0.87,0.36,0.50,1,1,1.87,1,0.085,None,0.079,VUS,,VUS,NA
c.433C>G,p.Leu145Val,p.L145V,L145V,145,0.49,0.05,0.91,0.50,1,1,1.87,1,0.021,None,0.020,Likely_Benign,,Likely_benign,NA
c.433C>A,p.Leu145Met,p.L145M,L145M,145,0.49,0.07,0.03,0.32,1,1,1.87,1,0.001,None,0.001,Benign,,Likely_benign,NA
c.434T>G,p.Leu145Arg,p.L145R,L145R,145,2.36,42.59,72.09,5.79,1,1,1.87,1,78496.804,None,1.000,Pathogenic,,Pathogenic,NA
c.434T>C,p.Leu145Pro,p.L145P,L145P,145,2.07,40.09,40.35,20.97,1,1,1.87,1,131379.475,None,1.000,Pathogenic,,Pathogenic,Conflicting_interpretations_of_pathogenicity_Last_reviewed_Feb_13_2020
c.434T>A,p.Leu145Gln,p.L145Q,L145Q,145,2.40,18.74,22.58,13.36,1,1,1.87,1,25335.283,None,1.000,Pathogenic,,Pathogenic,Conflicting_interpretations_of_pathogenicity_Last_reviewed_Nov_19_2018
c.436T>G,p.Trp146Gly,p.W146G,W146G,146,1.44,0.12,72.94,0.18,1,1,1.87,1,4.334,None,0.813,Model_not_applied,,Likely_benign,Uncertain_significance_Last_reviewed_Oct_25_2014
c.436T>C,p.Trp146Arg,p.W146R,W146R,146,0.31,0.07,0.09,0.73,1,1,1.87,1,0.003,None,0.002,Model_not_applied,,Likely_benign,NA
c.436T>A,p.Trp146Arg,p.W146R,W146R,146,0.31,0.07,0.09,0.32,1,1,1.87,1,0.001,None,0.001,Likely_Benign,,Likely_benign,NA
c.437G>T,p.Trp146Leu,p.W146L,W146L,146,0.40,0.06,0.21,0.18,1,1,1.87,1,0.002,None,0.002,Likely_Benign,,Likely_benign,NA
c.437G>C,p.Trp146Ser,p.W146S,W146S,146,1.37,0.12,0.06,0.50,1,1,1.87,1,0.008,None,0.008,Likely_Benign,,VUS,NA
c.438G>T,p.Trp146Cys,p.W146C,W146C,146,0.99,0.19,0.22,0.18,1,1,1.87,1,0.014,None,0.013,Likely_Benign,,Likely_benign,Uncertain_significance_Last_reviewed_May_13_2019
c.438G>C,p.Trp146Cys,p.W146C,W146C,146,0.99,0.19,0.22,0.08,1,1,1.87,1,0.006,None,0.006,Likely_Benign,,Likely_benign,NA
c.440T>A,p.Val147Asp,p.V147D,V147D,147,2.40,40.20,8.15,1.76,1,1,1.87,1,2594.206,None,1.000,Pathogenic,,Pathogenic,NA
c.440T>G,p.Val147Gly,p.V147G,V147G,147,3.86,34.70,134.17,2.24,1,1,1.87,1,75138.254,None,1.000,Pathogenic,,Pathogenic,NA
c.439G>T,p.Val147Phe,p.V147F,V147F,147,2.72,14.78,0.13,0.18,1,1,1.87,1,1.745,None,0.636,Model_not_applied,,VUS,NA
c.439G>C,p.Val147Leu,p.V147L,V147L,147,1.93,2.14,9.45,1,1,1,1.87,1,73.001,None,0.986,Likely_Pathogenic,,Unclassified,NA
c.439G>A,p.Val147Ile,p.V147I,V147I,147,1.84,0.18,1.00,2.79,1,1,1.87,1,1.689,None,0.628,Model_not_applied,,VUS,Uncertain_significance_Last_reviewed_Dec_29_2017
c.440T>C,p.Val147Ala,p.V147A,V147A,147,3.30,4.31,1.00,0.73,1,1,1.87,1,19.434,None,0.951,Likely_Pathogenic,,VUS,Uncertain_significance_Last_reviewed_Mar_5_2019
c.442G>T,p.Asp148Tyr,p.D148Y,D148Y,148,1.21,0.05,0.15,0.32,1,1,1.00,1,0.003,None,0.003,Likely_Benign,,Likely_benign,Uncertain_significance_Last_reviewed_Dec_3_2019
c.442G>C,p.Asp148His,p.D148H,D148H,148,0.46,0.03,0.04,1,1,1,1.87,1,0.001,None,0.001,Model_not_applied,,Unclassified,NA
c.442G>A,p.Asp148Asn,p.D148N,D148N,148,0.31,0.00,0.26,0.73,1,1,1.87,1,0.000,None,0.000,Model_not_applied,,Benign,Uncertain_significance_Last_reviewed_Feb_4_2018
c.443A>T,p.Asp148Val,p.D148V,D148V,148,0.79,0.05,3.11,0.18,1,1,1.87,1,0.041,None,0.040,Likely_Benign,,Likely_benign,NA
c.443A>G,p.Asp148Gly,p.D148G,D148G,148,0.68,0.03,0.36,1,1,1,1.87,1,0.012,None,0.012,Model_not_applied,,Unclassified,NA
c.443A>C,p.Asp148Ala,p.D148A,D148A,148,0.31,0.02,0.89,1,1,1,1.87,1,0.011,None,0.011,Model_not_applied,,Unclassified,Uncertain_significance_Last_reviewed_Aug_29_2019
c.444T>G,p.Asp148Glu,p.D148E,D148E,148,0.31,0.01,0.03,0.50,1,1,1.87,1,0.000,None,0.000,Benign,,Likely_benign,NA
c.444T>A,p.Asp148Glu,p.D148E,D148E,148,0.31,0.01,0.03,0.18,1,1,1.87,1,0.000,None,0.000,Benign,,Benign,NA
c.445T>G,p.Ser149Ala,p.S149A,S149A,149,0.32,0.02,0.19,1,1,1,1.87,1,0.003,None,0.003,Model_not_applied,,Unclassified,NA
c.445T>C,p.Ser149Pro,p.S149P,S149P,149,0.32,0.18,0.54,0.73,1,1,1.87,1,0.042,None,0.040,Model_not_applied,,Likely_benign,NA
c.445T>A,p.Ser149Thr,p.S149T,S149T,149,0.32,0.04,0.07,0.32,1,1,1.87,1,0.000,None,0.000,Benign,,Likely_benign,NA
c.446C>T,p.Ser149Phe,p.S149F,S149F,149,1.07,0.13,14.24,3.41,1,1,1.87,0.66,8.470,None,0.894,VUS,,VUS,Uncertain_significance_Last_reviewed_Feb_19_2019
c.446C>G,p.Ser149Cys,p.S149C,S149C,149,1.55,0.16,0.06,1,1,1,1.87,1,0.028,None,0.027,Model_not_applied,,Unclassified,NA
c.446C>A,p.Ser149Tyr,p.S149Y,S149Y,149,1.12,0.17,0.08,1,1,1,1.87,1,0.029,None,0.029,Model_not_applied,,Unclassified,NA
c.448A>T,p.Thr150Ser,p.T150S,T150S,150,0.98,0.02,2.75,1,1,1,1.87,1,0.100,None,0.091,Model_not_applied,,Unclassified,NA
c.448A>G,p.Thr150Ala,p.T150A,T150A,150,0.30,0.02,1.00,0.18,1,1,1.87,1,0.002,None,0.002,Likely_Benign,,Benign,NA
c.448A>C,p.Thr150Pro,p.T150P,T150P,150,0.30,0.03,32.98,1,1,1,1.87,1,0.499,None,0.333,Model_not_applied,,Unclassified,NA
c.449C>T,p.Thr150Ile,p.T150I,T150I,150,0.40,0.06,0.10,4.11,1,1,1.87,1,0.018,None,0.017,Model_not_applied,,VUS,NA
c.449C>G,p.Thr150Arg,p.T150R,T150R,150,0.77,0.06,1.00,1,1,1,1.87,1,0.091,None,0.083,Model_not_applied,,Unclassified,NA
c.449C>A,p.Thr150Lys,p.T150K,T150K,150,0.92,0.05,0.12,0.32,1,1,1.87,1,0.003,None,0.003,Likely_Benign,,Likely_benign,NA
c.451C>G,p.Pro151Ala,p.P151A,P151A,151,1.71,24.99,36.35,10.19,1,1,1.87,1,29689.152,None,1.000,Pathogenic,,Pathogenic,NA
c.452C>A,p.Pro151His,p.P151H,P151H,151,3.66,3.06,1.00,86.15,1,1,1.87,1,1804.620,None,0.999,Pathogenic,,Pathogenic,Uncertain_significance_Last_reviewed_Nov_23_2017
c.452C>G,p.Pro151Arg,p.P151R,P151R,151,3.92,21.24,211.48,16.88,1,1,1.87,1,556107.172,None,1.000,Pathogenic,,Pathogenic,NA
c.451C>T,p.Pro151Ser,p.P151S,P151S,151,3.59,21.22,10.81,1354.14,1,1,1.87,1,2083087.624,None,1.000,Pathogenic,,Pathogenic,Pathogenic/Likely_pathogenic_Last_reviewed_Jul_14_2020
c.451C>A,p.Pro151Thr,p.P151T,P151T,151,2.17,50.89,11.94,16.88,1,1,1.87,1,41606.272,None,1.000,Pathogenic,,Pathogenic,Likely_pathogenic_Last_reviewed_Aug_5_2019
c.452C>T,p.Pro151Leu,p.P151L,P151L,151,3.95,1.05,1.00,4.11,1,1,1.87,1,32.078,None,0.970,Likely_Pathogenic,,VUS,NA
c.454C>A,p.Pro152Thr,p.P152T,P152T,152,2.17,4.82,1.00,2.78,1,1,1.87,1,54.437,None,0.982,Likely_Pathogenic,,Likely_pathogenic,NA
c.454C>T,p.Pro152Ser,p.P152S,P152S,152,3.59,5.53,4.15,56.02,1,1,1.00,1,4620.158,None,1.000,Pathogenic,,Pathogenic,Uncertain_significance_Last_reviewed_Oct_10_2016
c.454C>G,p.Pro152Ala,p.P152A,P152A,152,1.73,2.39,1.00,0.32,1,1,1.87,1,2.436,None,0.709,Model_not_applied,,VUS,NA
c.455C>T,p.Pro152Leu,p.P152L,P152L,152,3.95,45.97,7.95,30.12,1,1,1.00,1,43514.819,None,1.000,Pathogenic,,Pathogenic,Pathogenic_Last_reviewed_Aug_28_2019
c.455C>G,p.Pro152Arg,p.P152R,P152R,152,3.94,34.00,88.25,1.36,1,1,1.87,1,30008.296,None,1.000,Pathogenic,,Pathogenic,Likely_pathogenic_Last_reviewed_Aug_28_2020
c.455C>A,p.Pro152Gln,p.P152Q,P152Q,152,3.64,4.70,1.00,0.73,1,1,1.87,1,23.381,None,0.959,Likely_Pathogenic,,VUS,NA
c.457C>T,p.Pro153Ser,p.P153S,P153S,153,0.84,0.06,0.04,15.05,1,1,1.87,1,0.061,None,0.057,Model_not_applied,,VUS,Uncertain_significance_Last_reviewed_Mar_26_2019
c.457C>G,p.Pro153Ala,p.P153A,P153A,153,0.32,0.03,12.20,0.50,1,1,1.87,1,0.110,None,0.099,VUS,,Likely_benign,NA
c.457C>A,p.Pro153Thr,p.P153T,P153T,153,0.32,0.07,0.04,0.73,1,1,1.87,1,0.001,None,0.001,Model_not_applied,,Likely_benign,NA
c.458C>T,p.Pro153Leu,p.P153L,P153L,153,0.32,0.06,0.06,2.79,1,1,1.87,1,0.006,None,0.006,Model_not_applied,,VUS,Uncertain_significance_Last_reviewed_Sep_20_2018
c.458C>G,p.Pro153Arg,p.P153R,P153R,153,0.32,0.06,0.04,1,1,1,1.87,1,0.001,None,0.001,Model_not_applied,,Unclassified,NA
c.458C>A,p.Pro153His,p.P153H,P153H,153,0.32,0.08,1.00,1,1,1,1.87,1,0.046,None,0.044,Model_not_applied,,Unclassified,NA
c.460G>A,p.Gly154Ser,p.G154S,G154S,154,3.09,0.15,1.00,17.60,1,1,1.63,0.66,8.789,None,0.898,Model_not_applied,,VUS,Uncertain_significance_Last_reviewed_Mar_13_2020
c.461G>T,p.Gly154Val,p.G154V,G154V,154,3.86,19.85,7.90,366.11,1,1,1.87,1,413968.693,None,1.000,Pathogenic,,Pathogenic,Uncertain_significance_Last_reviewed_Oct_6_2018
c.460G>T,p.Gly154Cys,p.G154C,G154C,154,2.13,7.82,0.01,1,1,1,1.87,1,0.442,None,0.306,Model_not_applied,,Unclassified,NA
c.460G>C,p.Gly154Arg,p.G154R,G154R,154,3.48,3.46,2.44,1,1,1,1.87,1,55.012,None,0.982,Likely_Pathogenic,,Unclassified,Uncertain_significance_Last_reviewed_Mar_12_2018
c.461G>C,p.Gly154Ala,p.G154A,G154A,154,3.13,1.13,0.58,0.18,1,1,1.87,1,0.672,None,0.402,Model_not_applied,,VUS,NA
c.461G>A,p.Gly154Asp,p.G154D,G154D,154,3.95,1.81,0.06,2.79,1.37,1,1.00,1,1.586,None,0.613,Model_not_applied,,Likely_pathogenic,Uncertain_significance_Last_reviewed_Nov_6_2019
c.464C>A,p.Thr155Asn,p.T155N,T155N,155,0.80,0.05,1.00,41.81,1,1,1.87,1,3.199,None,0.762,Model_not_applied,,VUS,Conflicting_interpretations_of_pathogenicity_Last_reviewed_Jan_19_2017
c.463A>C,p.Thr155Pro,p.T155P,T155P,155,0.30,0.14,30.07,18.85,1,1,1.87,1,45.525,None,0.979,Likely_Pathogenic,,VUS,NA
c.463A>T,p.Thr155Ser,p.T155S,T155S,155,0.29,0.03,0.02,0.73,1,1,1.87,1,0.000,None,0.000,Model_not_applied,,Likely_benign,NA
c.463A>G,p.Thr155Ala,p.T155A,T155A,155,0.29,0.03,1.00,3.41,1,1,1.00,1,0.029,None,0.028,Model_not_applied,,Likely_benign,Uncertain_significance_Last_reviewed_May_10_2017
c.464C>T,p.Thr155Ile,p.T155I,T155I,155,1.25,0.60,5.19,25.68,1,1,1.87,1,186.951,None,0.995,Pathogenic,,Likely_pathogenic,NA
c.464C>G,p.Thr155Ser,p.T155S,T155S,155,0.29,0.03,0.02,0.50,1,1,1.00,1,0.000,None,0.000,Benign,,Likely_benign,Conflicting_interpretations_of_pathogenicity_Last_reviewed_Aug_30_2019
c.466C>G,p.Arg156Gly,p.R156G,R156G,156,1.36,0.27,0.91,0.00,1,1,1.87,1,0.000,None,0.000,Benign,,VUS,NA
c.467G>C,p.Arg156Pro,p.R156P,R156P,156,1.01,0.90,11.88,48.83,1,1,1.87,1,986.874,None,0.999,Pathogenic,,Likely_pathogenic,Uncertain_significance_Last_reviewed_Nov_13_2018
c.466C>T,p.Arg156Cys,p.R156C,R156C,156,0.94,0.06,0.02,5.87,0.53,0.48,1.00,0.66,0.001,None,0.001,Likely_Benign,,VUS,Conflicting_interpretations_of_pathogenicity_Last_reviewed_Aug_7_2020
c.466C>A,p.Arg156Ser,p.R156S,R156S,156,1.30,0.08,0.01,0.50,1,1,1.87,1,0.001,None,0.001,Likely_Benign,,Likely_benign,NA
c.467G>T,p.Arg156Leu,p.R156L,R156L,156,0.29,0.12,0.01,1.77,1,1,1.87,1,0.001,None,0.001,Model_not_applied,,VUS,NA
c.467G>A,p.Arg156His,p.R156H,R156H,156,0.29,0.71,1.00,0.64,1,1,1.00,0.66,0.088,None,0.081,VUS,,VUS,Conflicting_interpretations_of_pathogenicity_Last_reviewed_Jun_9_2020
c.470T>C,p.Val157Ala,p.V157A,V157A,157,2.00,5.38,8.20,0.17,1,1,1.87,1,28.130,None,0.966,Model_not_applied,,VUS,Likely_pathogenic_Last_reviewed_Jul_21_2017
c.470T>A,p.Val157Asp,p.V157D,V157D,157,1.45,56.73,1.43,7.86,1,1,1.87,1,1739.496,None,0.999,Pathogenic,,Pathogenic,Conflicting_interpretations_of_pathogenicity_Last_reviewed_Oct_15_2019
c.470T>G,p.Val157Gly,p.V157G,V157G,157,2.34,55.65,2.83,6.78,1,1,1.87,1,4670.695,None,1.000,Pathogenic,,Pathogenic,Uncertain_significance_Last_reviewed_Apr_4_2019
c.469G>T,p.Val157Phe,p.V157F,V157F,157,0.90,2.86,1.00,15059.64,1,1,1.87,1,72793.224,None,1.000,Pathogenic,,Pathogenic,Conflicting_interpretations_of_pathogenicity_Last_reviewed_Jan_1_2020
c.469G>C,p.Val157Leu,p.V157L,V157L,157,0.49,0.07,6.95,2.24,1,1,1.87,1,1.006,None,0.502,Model_not_applied,,VUS,NA
c.469G>A,p.Val157Ile,p.V157I,V157I,157,0.49,0.04,0.08,2.02,0.39,1,1.00,1,0.001,None,0.001,Likely_Benign,,Likely_benign,Uncertain_significance_Last_reviewed_Nov_18_2019
c.472C>G,p.Arg158Gly,p.R158G,R158G,158,3.47,31.50,180.02,14.59,1,1,1.87,1,536764.215,None,1.000,Pathogenic,,Pathogenic,Pathogenic_Last_reviewed_Jan_31_2019
c.473G>C,p.Arg158Pro,p.R158P,R158P,158,3.92,56.29,41.87,18.85,1,1,1.87,1,325848.025,None,1.000,Pathogenic,,Pathogenic,Likely_pathogenic_Last_reviewed_Aug_26_2019
c.473G>T,p.Arg158Leu,p.R158L,R158L,158,3.93,56.29,8.46,644.41,1,1,1.87,1,2254004.399,None,1.000,Pathogenic,,Pathogenic,Pathogenic_Last_reviewed_Oct_1_2018
c.472C>T,p.Arg158Cys,p.R158C,R158C,158,1.28,27.95,1.00,9.88,1,1,1.00,1,354.436,None,0.997,Pathogenic,,Pathogenic,Conflicting_interpretations_of_pathogenicity_Last_reviewed_Jun_10_2020
c.472C>A,p.Arg158Ser,p.R158S,R158S,158,3.86,31.28,0.15,0.73,1,1,1.87,1,24.837,None,0.961,Likely_Pathogenic,,Likely_pathogenic,NA
c.473G>A,p.Arg158His,p.R158H,R158H,158,1.81,34.79,1.48,109.56,1,1,1.87,1,19050.140,None,1.000,Pathogenic,,Pathogenic,Pathogenic/Likely_pathogenic_Last_reviewed_Oct_23_2020
c.476C>A,p.Ala159Asp,p.A159D,A159D,159,1.74,9.67,0.24,5.79,1,1,1.87,1,44.573,None,0.978,Likely_Pathogenic,,Likely_pathogenic,NA
c.475G>C,p.Ala159Pro,p.A159P,A159P,159,0.38,24.61,37.01,47.81,1,1,1.87,1,31087.241,None,1.000,Pathogenic,,Pathogenic,Uncertain_significance_Last_reviewed_Sep_20_2017
c.475G>T,p.Ala159Ser,p.A159S,A159S,159,1.23,1.19,0.06,2.24,1,1,1.87,1,0.370,None,0.270,Model_not_applied,,VUS,NA
c.475G>A,p.Ala159Thr,p.A159T,A159T,159,0.37,0.44,0.05,1.77,1,1,1.87,1,0.026,None,0.025,Model_not_applied,,VUS,NA
c.476C>T,p.Ala159Val,p.A159V,A159V,159,1.09,1.80,19.45,220.67,1,1,1.87,1,15721.230,None,1.000,Pathogenic,,Pathogenic,Uncertain_significance_Last_reviewed_Aug_30_2019
c.476C>G,p.Ala159Gly,p.A159G,A159G,159,0.83,2.25,10.88,0.18,1,1,1.87,1,6.685,None,0.870,Model_not_applied,,VUS,NA
c.478A>T,p.Met160Leu,p.M160L,M160L,160,0.36,0.13,0.02,0.18,1,1,1.87,1,0.000,None,0.000,Benign,,Likely_benign,NA
c.478A>G,p.Met160Val,p.M160V,M160V,160,0.30,0.85,0.17,2.79,1,1,1.00,1,0.124,None,0.110,Model_not_applied,,VUS,Conflicting_interpretations_of_pathogenicity_Last_reviewed_Nov_6_2019
c.478A>C,p.Met160Leu,p.M160L,M160L,160,0.36,0.13,0.02,1.02,1,1,1.87,1,0.002,None,0.002,Model_not_applied,,Likely_benign,NA
c.479T>G,p.Met160Arg,p.M160R,M160R,160,0.75,20.61,0.15,1,1,1,1.87,1,4.362,None,0.813,VUS,,Unclassified,NA
c.479T>C,p.Met160Thr,p.M160T,M160T,160,0.30,0.40,0.07,0.32,1,1,1.87,1,0.005,None,0.005,Likely_Benign,,Likely_benign,NA
c.479T>A,p.Met160Lys,p.M160K,M160K,160,0.93,17.00,3.85,0.50,1,1,1.87,1,56.529,None,0.983,Model_not_applied,,VUS,NA
c.480G>T,p.Met160Ile,p.M160I,M160I,160,0.30,0.79,0.09,0.32,1,1,1.87,1,0.013,None,0.013,Likely_Benign,,VUS,NA
c.480G>C,p.Met160Ile,p.M160I,M160I,160,0.30,0.79,0.09,0.50,1,1,1.87,1,0.021,None,0.020,Likely_Benign,,VUS,NA
c.480G>A,p.Met160Ile,p.M160I,M160I,160,0.30,0.79,0.09,2.79,14.13,1,1.00,1,0.868,None,0.465,Model_not_applied,,VUS,Uncertain_significance_Last_reviewed_Oct_7_2019
c.482C>A,p.Ala161Asp,p.A161D,A161D,161,3.45,64.48,1.00,18.85,1,1,1.87,1,7838.884,None,1.000,Pathogenic,,Pathogenic,Conflicting_interpretations_of_pathogenicity_Last_reviewed_Oct_19_2018
c.481G>T,p.Ala161Ser,p.A161S,A161S,161,3.95,1.14,0.06,0.18,1,1,1.87,1,0.094,None,0.086,VUS,,VUS,NA
c.481G>C,p.Ala161Pro,p.A161P,A161P,161,1.73,0.50,1.00,0.18,1,1,1.87,1,0.283,None,0.221,VUS,,VUS,NA
c.481G>A,p.Ala161Thr,p.A161T,A161T,161,3.06,1.88,2.23,660.38,1,1,1.87,1,15822.230,None,1.000,Pathogenic,,Pathogenic,Conflicting_interpretations_of_pathogenicity_Last_reviewed_Aug_18_2020
c.482C>T,p.Ala161Val,p.A161V,A161V,161,3.30,3.54,0.01,6.78,1,1,1.87,1,1.772,None,0.639,Model_not_applied,,Likely_pathogenic,NA
c.482C>G,p.Ala161Gly,p.A161G,A161G,161,3.13,2.89,1.05,0.73,1,1,1.87,1,13.014,None,0.929,VUS,,VUS,NA
c.485T>A,p.Ile162Asn,p.I162N,I162N,162,1.99,0.85,10.48,0.73,1,1,1.87,1,24.196,None,0.960,Likely_Pathogenic,,VUS,NA
c.484A>T,p.Ile162Phe,p.I162F,I162F,162,0.94,0.33,1.15,7.83,1,1,1.87,1,5.293,None,0.841,Model_not_applied,,VUS,Uncertain_significance_Last_reviewed_Aug_13_2019
c.484A>G,p.Ile162Val,p.I162V,I162V,162,0.51,0.06,0.02,1.77,1,1,1.87,1,0.002,None,0.002,Model_not_applied,,Likely_benign,NA
c.484A>C,p.Ile162Leu,p.I162L,I162L,162,0.59,0.18,0.10,1,1,1,1.87,1,0.019,None,0.018,Model_not_applied,,Unclassified,NA
c.485T>G,p.Ile162Ser,p.I162S,I162S,162,2.21,20.41,6.47,2.24,1,1,1.87,1,1220.875,None,0.999,Pathogenic,,Pathogenic,Uncertain_significance_Last_reviewed_May_29_2015
c.485T>C,p.Ile162Thr,p.I162T,I162T,162,2.17,2.19,0.15,0.32,1,1,1.87,1,0.405,None,0.288,VUS,,VUS,NA
c.486C>G,p.Ile162Met,p.I162M,I162M,162,0.51,0.30,0.05,2.79,1,1,1.87,1,0.043,None,0.042,Model_not_applied,,VUS,NA
c.487T>G,p.Tyr163Asp,p.Y163D,Y163D,163,2.05,70.22,28.27,0.73,1,1,1.87,1,5557.007,None,1.000,Pathogenic,,Pathogenic,Likely_pathogenic_Last_reviewed_Sep_20_2019
c.487T>C,p.Tyr163His,p.Y163H,Y163H,163,3.81,12.89,5.55,31.06,1,1,1.87,1,15838.965,None,1.000,Pathogenic,,Pathogenic,Uncertain_significance_Last_reviewed_Nov_27_2019
c.487T>A,p.Tyr163Asn,p.Y163N,Y163N,163,2.82,61.99,16.09,23.24,1,1,1.87,1,122340.033,None,1.000,Pathogenic,,Pathogenic,Uncertain_significance_Last_reviewed_Aug_24_2017
c.488A>G,p.Tyr163Cys,p.Y163C,Y163C,163,0.83,36.22,14.71,6609.74,1,1,1.87,1,5461772.633,None,1.000,Pathogenic,,Pathogenic,Pathogenic_Last_reviewed_Aug_28_2019
c.488A>T,p.Tyr163Phe,p.Y163F,Y163F,163,1.52,0.23,0.04,1,1,1,1.87,1,0.023,None,0.023,Model_not_applied,,Unclassified,NA
c.488A>C,p.Tyr163Ser,p.Y163S,Y163S,163,2.79,35.77,22.56,0.73,1,1,1.87,1,3073.432,None,1.000,Pathogenic,,Likely_pathogenic,NA
c.490A>G,p.Lys164Glu,p.K164E,K164E,164,3.01,45.52,2.39,23.24,1,1,1.87,1,14203.317,None,1.000,Pathogenic,,Pathogenic,Uncertain_significance_Last_reviewed_Dec_27_2017
c.490A>C,p.Lys164Gln,p.K164Q,K164Q,164,2.86,14.01,1.00,0.73,1,1,1.87,1,54.658,None,0.982,Likely_Pathogenic,,Likely_pathogenic,NA
c.491A>T,p.Lys164Met,p.K164M,K164M,164,3.95,27.45,0.08,0.73,1,1,1.87,1,12.383,None,0.925,VUS,,Likely_pathogenic,NA
c.491A>G,p.Lys164Arg,p.K164R,K164R,164,1.69,4.64,1.00,0.18,1,1,1.87,1,2.595,None,0.722,Model_not_applied,,VUS,NA
c.491A>C,p.Lys164Thr,p.K164T,K164T,164,3.71,28.12,0.09,0.18,1,1,1.87,1,3.011,None,0.751,Model_not_applied,,VUS,NA
c.492G>T,p.Lys164Asn,p.K164N,K164N,164,3.95,0.38,1.00,1.77,1,1,1.87,1,5.004,None,0.833,VUS,,VUS,NA
c.492G>C,p.Lys164Asn,p.K164N,K164N,164,3.95,0.38,1.00,0.18,1,1,1.87,1,0.501,None,0.334,Model_not_applied,,VUS,Uncertain_significance_Last_reviewed_May_15_2014
c.493C>G,p.Gln165Glu,p.Q165E,Q165E,165,0.63,0.14,0.02,0.18,1,1,1.87,1,0.001,None,0.001,Benign,,Likely_benign,NA
c.493C>A,p.Gln165Lys,p.Q165K,Q165K,165,0.39,0.04,0.03,1,1,1,1.87,1,0.001,None,0.001,Model_not_applied,,Unclassified,Likely_benign_Last_reviewed_Dec_2_2016
c.494A>T,p.Gln165Leu,p.Q165L,Q165L,165,1.87,0.32,1.00,0.50,1,1,1.87,1,0.563,None,0.360,VUS,,VUS,NA
c.494A>G,p.Gln165Arg,p.Q165R,Q165R,165,0.45,0.18,1.00,1.02,1,1,1.87,1,0.156,None,0.135,Model_not_applied,,VUS,NA
c.494A>C,p.Gln165Pro,p.Q165P,Q165P,165,1.61,0.64,0.14,0.32,1,1,1.87,1,0.085,None,0.079,VUS,,VUS,NA
c.495G>T,p.Gln165His,p.Q165H,Q165H,165,0.41,0.08,0.05,1,1,1,1.87,1,0.003,None,0.003,Model_not_applied,,Unclassified,NA
c.495G>C,p.Gln165His,p.Q165H,Q165H,165,0.41,0.08,0.05,1,1,1,1.87,1,0.003,None,0.003,Model_not_applied,,Unclassified,NA
c.496T>G,p.Ser166Ala,p.S166A,S166A,166,0.33,0.04,0.63,0.32,1,1,1.87,1,0.005,None,0.005,Likely_Benign,,Likely_benign,NA
c.496T>C,p.Ser166Pro,p.S166P,S166P,166,0.32,0.43,0.04,1.02,1,1,1.87,1,0.011,None,0.011,Model_not_applied,,VUS,NA
c.496T>A,p.Ser166Thr,p.S166T,S166T,166,0.32,0.06,0.02,4.91,1,1,1.87,1,0.003,None,0.003,Model_not_applied,,VUS,NA
c.497C>T,p.Ser166Leu,p.S166L,S166L,166,0.32,0.16,1.00,4.11,1,1,1.87,1,0.401,None,0.286,Model_not_applied,,VUS,Uncertain_significance_Last_reviewed_Mar_15_2019
c.499C>G,p.Gln167Glu,p.Q167E,Q167E,167,0.51,0.06,1.00,1,1,1,1.87,1,0.060,None,0.057,Model_not_applied,,Unclassified,NA
c.499C>A,p.Gln167Lys,p.Q167K,Q167K,167,1.75,0.92,0.06,1,1,1,1.87,1,0.191,None,0.161,Model_not_applied,,Unclassified,NA
c.500A>T,p.Gln167Leu,p.Q167L,Q167L,167,2.39,0.40,0.12,0.50,1,1,1.87,1,0.110,None,0.099,VUS,,VUS,NA
c.500A>G,p.Gln167Arg,p.Q167R,Q167R,167,1.51,0.40,0.16,2.79,1,1,1.87,1,0.483,None,0.326,Model_not_applied,,VUS,Uncertain_significance_Last_reviewed_Oct_29_2018
c.500A>C,p.Gln167Pro,p.Q167P,Q167P,167,2.26,0.42,0.11,1,1,1,1.00,1,0.105,None,0.095,Model_not_applied,,Unclassified,Uncertain_significance_Last_reviewed_Dec_27_2019
c.501G>T,p.Gln167His,p.Q167H,Q167H,167,1.01,0.12,0.21,3.41,1,1,1.87,1,0.171,None,0.146,Model_not_applied,,VUS,NA
c.501G>C,p.Gln167His,p.Q167H,Q167H,167,1.01,0.12,0.21,0.08,1,1,1.87,1,0.004,None,0.004,Likely_Benign,,Likely_benign,NA
c.503A>G,p.His168Arg,p.H168R,H168R,168,1.80,0.50,36.89,20.96,1,1,1.87,1,1293.652,None,0.999,Pathogenic,,Likely_pathogenic,Conflicting_interpretations_of_pathogenicity_Last_reviewed_Mar_8_2019
c.502C>T,p.His168Tyr,p.H168Y,H168Y,168,3.83,0.11,0.02,7.87,1,1,1.87,1,0.134,None,0.118,Model_not_applied,,VUS,NA
c.502C>G,p.His168Asp,p.H168D,H168D,168,3.79,0.18,1.00,0.18,1,1,1.87,1,0.229,None,0.186,VUS,,VUS,NA
c.502C>A,p.His168Asn,p.H168N,H168N,168,3.44,0.15,0.04,0.18,1,1,1.87,1,0.007,None,0.007,Likely_Benign,,VUS,NA
c.503A>T,p.His168Leu,p.H168L,H168L,168,3.95,1.12,4.72,2.24,1,1,1.87,1,87.646,None,0.989,Likely_Pathogenic,,VUS,NA
c.503A>C,p.His168Pro,p.H168P,H168P,168,3.67,0.66,45.57,5.79,1,1,1.87,1,1195.189,None,0.999,Pathogenic,,VUS,NA
c.504C>G,p.His168Gln,p.H168Q,H168Q,168,1.62,0.36,1.00,0.08,1,1,1.87,1,0.085,None,0.079,VUS,,Likely_benign,NA
c.504C>A,p.His168Gln,p.H168Q,H168Q,168,1.62,0.36,1.00,0.08,1,1,1.87,1,0.085,None,0.079,VUS,,Likely_benign,NA
c.505A>T,p.Met169Leu,p.M169L,M169L,169,0.59,0.12,0.02,1,1,1,1.87,1,0.003,None,0.003,Model_not_applied,,Unclassified,NA
c.505A>G,p.Met169Val,p.M169V,M169V,169,0.51,0.07,1.00,1.77,1,1,1.87,1,0.116,None,0.104,Model_not_applied,,VUS,Uncertain_significance_Last_reviewed_Feb_20_2019
c.505A>C,p.Met169Leu,p.M169L,M169L,169,0.59,0.12,0.02,1,1,1,1.87,1,0.003,None,0.003,Model_not_applied,,Unclassified,NA
c.506T>G,p.Met169Arg,p.M169R,M169R,169,2.43,0.47,0.03,1,1,1,1.87,1,0.054,None,0.051,Model_not_applied,,Unclassified,Uncertain_significance_Last_reviewed_Feb_27_2018
c.506T>C,p.Met169Thr,p.M169T,M169T,169,2.17,0.70,0.02,0.73,1,1,1.87,1,0.044,None,0.043,Model_not_applied,,VUS,NA
c.506T>A,p.Met169Lys,p.M169K,M169K,169,2.45,2.18,0.10,0.18,1,1,1.87,1,0.184,None,0.155,VUS,,VUS,NA
c.507G>T,p.Met169Ile,p.M169I,M169I,169,0.51,0.15,0.10,0.18,1,1,1.87,1,0.002,None,0.002,Likely_Benign,,Likely_benign,Uncertain_significance_Last_reviewed_Feb_12_2019
c.507G>C,p.Met169Ile,p.M169I,M169I,169,0.51,0.15,0.10,0.08,1,1,1.87,1,0.001,None,0.001,Likely_Benign,,Likely_benign,NA
c.507G>A,p.Met169Ile,p.M169I,M169I,169,0.51,0.15,0.10,4.91,1,1,1.87,1,0.067,None,0.063,Model_not_applied,,VUS,NA
c.508A>T,p.Thr170Ser,p.T170S,T170S,170,1.23,0.24,0.02,0.32,1,1,1.87,1,0.003,None,0.003,Likely_Benign,,VUS,NA
c.508A>G,p.Thr170Ala,p.T170A,T170A,170,0.37,0.08,0.08,1.36,1,1,1.87,1,0.006,None,0.006,Model_not_applied,,Likely_benign,Uncertain_significance_Last_reviewed_Jun_11_2014
c.508A>C,p.Thr170Pro,p.T170P,T170P,170,0.39,1.81,4.12,1,1,1,1.87,1,5.431,None,0.844,VUS,,Unclassified,NA
c.509C>T,p.Thr170Met,p.T170M,T170M,170,1.41,3.11,0.01,0.44,1.00,1,1.21,1,0.017,None,0.017,Likely_Benign,,VUS,Uncertain_significance_Last_reviewed_Feb_20_2020
c.509C>G,p.Thr170Arg,p.T170R,T170R,170,1.60,3.26,1.87,1,1,1,1.87,1,18.169,None,0.948,VUS,,Unclassified,Uncertain_significance_Last_reviewed_Apr_19_2019
c.509C>A,p.Thr170Lys,p.T170K,T170K,170,1.63,1.87,0.06,1,1,1,1.87,1,0.321,None,0.243,Model_not_applied,,Unclassified,NA
c.512A>G,p.Glu171Gly,p.E171G,E171G,171,3.94,2.55,1.23,2.78,1,1,1.87,1,64.149,None,0.985,Likely_Pathogenic,,Likely_pathogenic,NA
c.511G>C,p.Glu171Gln,p.E171Q,E171Q,171,1.83,1.73,0.08,0.50,1,1,1.87,1,0.237,None,0.192,VUS,,VUS,NA
c.511G>A,p.Glu171Lys,p.E171K,E171K,171,3.01,2.70,0.03,2.79,1,1,1.87,1,1.229,None,0.551,Model_not_applied,,Likely_pathogenic,Uncertain_significance_Last_reviewed_Nov_19_2018
c.512A>T,p.Glu171Val,p.E171V,E171V,171,3.59,5.38,0.15,0.08,1,1,1.87,1,0.415,None,0.293,Model_not_applied,,VUS,NA
c.512A>C,p.Glu171Ala,p.E171A,E171A,171,3.90,0.61,0.01,1,1,1,1.87,1,0.031,None,0.030,Model_not_applied,,Unclassified,NA
c.513G>T,p.Glu171Asp,p.E171D,E171D,171,2.49,0.09,0.08,0.18,1,1,1.87,1,0.006,None,0.006,Likely_Benign,,Likely_benign,NA
c.513G>C,p.Glu171Asp,p.E171D,E171D,171,2.49,0.09,0.08,0.08,1,1,1.87,1,0.003,None,0.003,Likely_Benign,,Likely_benign,NA
c.514G>T,p.Val172Phe,p.V172F,V172F,172,2.72,40.21,1.00,10.19,1,1,1.87,1,2083.492,None,1.000,Pathogenic,,Pathogenic,Likely_pathogenic_Last_reviewed_Dec_15_2016
c.514G>C,p.Val172Leu,p.V172L,V172L,172,1.93,2.53,1.00,1,1,1,1.87,1,9.127,None,0.901,VUS,,Unclassified,NA
c.514G>A,p.Val172Ile,p.V172I,V172I,172,1.84,0.24,0.08,4.91,1,1,1.87,1,0.318,None,0.242,Model_not_applied,,VUS,Uncertain_significance_Last_reviewed_Feb_22_2019
c.515T>G,p.Val172Gly,p.V172G,V172G,172,3.87,55.51,41.59,0.73,1,1,1.87,1,12196.655,None,1.000,Pathogenic,,Pathogenic,Uncertain_significance_Last_reviewed_Jun_4_2014
c.515T>C,p.Val172Ala,p.V172A,V172A,172,3.30,4.24,0.01,4.11,1,1,1.87,1,1.052,None,0.513,Model_not_applied,,Likely_pathogenic,Uncertain_significance_Last_reviewed_Dec_4_2017
c.515T>A,p.Val172Asp,p.V172D,V172D,172,2.40,65.07,7.65,4.11,1,1,1.87,1,9213.653,None,1.000,Pathogenic,,Pathogenic,Uncertain_significance_Last_reviewed_Apr_1_2019
c.518T>G,p.Val173Gly,p.V173G,V173G,173,3.86,64.71,272.11,7.87,1,1,1.87,1,999143.859,None,1.000,Pathogenic,,Pathogenic,Uncertain_significance_Last_reviewed_Oct_21_2019
c.517G>T,p.Val173Leu,p.V173L,V173L,173,1.92,21.86,1.00,419.45,1,1,1.87,1,32916.268,None,1.000,Pathogenic,,Pathogenic,Pathogenic_Last_reviewed_Sep_19_2019
c.517G>C,p.Val173Leu,p.V173L,V173L,173,1.92,21.86,1.00,16.88,1,1,1.87,1,1324.366,None,0.999,Pathogenic,,Pathogenic,NA
c.517G>A,p.Val173Met,p.V173M,V173M,173,1.50,68.52,29.79,496.65,1,1,1.87,1,2847906.077,None,1.000,Pathogenic,,Pathogenic,Pathogenic_Last_reviewed_Aug_28_2019
c.518T>C,p.Val173Ala,p.V173A,V173A,173,3.30,50.89,10.25,11.80,1,1,1.87,1,38023.964,None,1.000,Pathogenic,,Pathogenic,Pathogenic/Likely_pathogenic_Last_reviewed_Nov_4_2019
c.518T>A,p.Val173Glu,p.V173E,V173E,173,3.59,37.35,1.22,0.50,1,1,1.87,1,152.687,None,0.993,Model_not_applied,,Likely_pathogenic,Likely_pathogenic_Last_reviewed_Oct_9_2017
c.520A>T,p.Arg174Trp,p.R174W,R174W,174,2.59,0.45,12.74,7.87,1,1,1.87,1,217.392,None,0.995,Pathogenic,,VUS,Uncertain_significance_Last_reviewed_Oct_23_2019
c.520A>G,p.Arg174Gly,p.R174G,R174G,174,2.38,1.83,0.23,0.22,1,1,1.87,1,0.402,None,0.287,VUS,,VUS,Uncertain_significance_Last_reviewed_Jul_10_2015
c.521G>T,p.Arg174Met,p.R174M,R174M,174,2.49,0.31,0.02,0.18,1,1,1.87,1,0.005,None,0.005,Likely_Benign,,VUS,NA
c.521G>C,p.Arg174Thr,p.R174T,R174T,174,2.21,0.23,0.01,1,1,1,1.87,1,0.010,None,0.010,Model_not_applied,,Unclassified,NA
c.521G>A,p.Arg174Lys,p.R174K,R174K,174,0.53,0.04,0.09,2.24,1,1,1.87,1,0.008,None,0.008,Model_not_applied,,Likely_benign,Uncertain_significance_Last_reviewed_Feb_22_2017
c.522G>T,p.Arg174Ser,p.R174S,R174S,174,2.57,0.28,0.02,1.02,1,1,1.87,1,0.032,None,0.031,Model_not_applied,,VUS,NA
c.522G>C,p.Arg174Ser,p.R174S,R174S,174,2.57,0.28,0.02,0.50,1,1,1.87,1,0.016,None,0.016,Likely_Benign,,VUS,NA
c.523C>G,p.Arg175Gly,p.R175G,R175G,175,3.47,44.25,16.20,9.54,1,1,1.87,1,44394.223,None,1.000,Pathogenic,,Pathogenic,Pathogenic_Last_reviewed_Dec_11_2019
c.523C>T,p.Arg175Cys,p.R175C,R175C,175,1.28,39.25,0.02,27.00,1.37,1,1.00,1,34.672,None,0.972,Model_not_applied,,Pathogenic,Uncertain_significance_Last_reviewed_Aug_11_2020
c.523C>A,p.Arg175Ser,p.R175S,R175S,175,3.86,43.93,0.20,2.79,1,1,1.87,1,178.862,None,0.994,Pathogenic,,Pathogenic,NA
c.524G>T,p.Arg175Leu,p.R175L,R175L,175,3.94,54.54,1.00,37.19,1,1,1.87,1,14949.498,None,1.000,Pathogenic,,Pathogenic,Pathogenic/Likely_pathogenic_Last_reviewed_Sep_17_2020
c.524G>C,p.Arg175Pro,p.R175P,R175P,175,3.94,54.54,0.24,1.77,1,1,1.87,1,167.918,None,0.994,Pathogenic,,Pathogenic,NA
c.524G>A,p.Arg175His,p.R175H,R175H,175,1.81,40.13,6.20,22639.68,1,1,1.00,1,10177667.832,None,1.000,Pathogenic,,Pathogenic,Pathogenic_Last_reviewed_Jan_7_2020
c.526T>C,p.Cys176Arg,p.C176R,C176R,176,1.27,78.32,7.12,6.78,1,1,1.87,1,9008.519,None,1.000,Pathogenic,,Pathogenic,Conflicting_interpretations_of_pathogenicity_Last_reviewed_May_3_2020
c.527G>A,p.Cys176Tyr,p.C176Y,C176Y,176,0.83,64.21,9.38,1336.47,1,1,1.87,1,1248295.637,None,1.000,Pathogenic,,Pathogenic,Pathogenic/Likely_pathogenic_Last_reviewed_Dec_11_2019
c.526T>G,p.Cys176Gly,p.C176G,C176G,176,2.13,70.40,10.82,1.36,1,1,1.87,1,4129.617,None,1.000,Pathogenic,,Pathogenic,Uncertain_significance_Last_reviewed_Apr_16_2018
c.526T>A,p.Cys176Ser,p.C176S,C176S,176,3.82,44.60,63.14,20.97,1,1,1.87,1,422019.467,None,1.000,Pathogenic,,Pathogenic,Uncertain_significance_Last_reviewed_Oct_4_2019
c.527G>T,p.Cys176Phe,p.C176F,C176F,176,0.59,58.81,1.40,13826.99,1,1,1.00,1,668107.023,None,1.000,Pathogenic,,Pathogenic,Likely_pathogenic_Last_reviewed_Jul_24_2019
c.527G>C,p.Cys176Ser,p.C176S,C176S,176,3.82,44.60,63.14,3.41,1,1,1.87,1,68604.891,None,1.000,Pathogenic,,Pathogenic,NA
c.528C>G,p.Cys176Trp,p.C176W,C176W,176,0.40,12.11,54.56,15.05,1,1,1.87,1,7516.908,None,1.000,Pathogenic,,Likely_pathogenic,Uncertain_significance_Last_reviewed_Apr_17_2017
c.530C>A,p.Pro177His,p.P177H,P177H,177,3.66,3.74,1.00,0.73,1,1,1.87,1,18.577,None,0.949,VUS,,VUS,Uncertain_significance_Last_reviewed_Nov_1_2019
c.529C>T,p.Pro177Ser,p.P177S,P177S,177,3.59,4.27,0.04,11.80,1,1,1.87,1,14.084,None,0.934,Model_not_applied,,Pathogenic,Uncertain_significance_Last_reviewed_Aug_18_2019
c.529C>G,p.Pro177Ala,p.P177A,P177A,177,1.73,3.73,0.67,1,1,1,1.87,1,8.063,None,0.890,VUS,,Unclassified,NA
c.529C>A,p.Pro177Thr,p.P177T,P177T,177,2.18,5.43,0.27,0.32,1,1,1.87,1,1.858,None,0.650,Model_not_applied,,VUS,Uncertain_significance_Last_reviewed_May_10_2019
c.530C>T,p.Pro177Leu,p.P177L,P177L,177,3.95,4.53,1.00,56.02,1,1,1.00,1,1003.045,None,0.999,Pathogenic,,Pathogenic,Conflicting_interpretations_of_pathogenicity_Last_reviewed_Dec_23_2019
c.530C>G,p.Pro177Arg,p.P177R,P177R,177,3.94,13.18,108.86,3.97,1,1,1.87,1,41878.014,None,1.000,Pathogenic,,Pathogenic,Pathogenic/Likely_pathogenic_Last_reviewed_Jun_22_2020
c.532C>T,p.His178Tyr,p.H178Y,H178Y,178,3.83,1.38,0.07,4.11,1,1,1.87,1,2.736,None,0.732,Model_not_applied,,Likely_pathogenic,NA
c.532C>G,p.His178Asp,p.H178D,H178D,178,3.79,10.08,44.51,1.13,1,1,1.87,1,3586.254,None,1.000,Pathogenic,,Likely_pathogenic,Likely_pathogenic_Last_reviewed_Aug_28_2019
c.532C>A,p.His178Asn,p.H178N,H178N,178,3.44,0.09,1.00,1.36,1,1,1.87,1,0.804,None,0.446,Model_not_applied,,VUS,Uncertain_significance_Last_reviewed_Jun_24_2016
c.533A>T,p.His178Leu,p.H178L,H178L,178,3.95,1.68,0.24,1,1,1,1.87,1,2.988,None,0.749,VUS,,Unclassified,NA
c.533A>G,p.His178Arg,p.H178R,H178R,178,1.81,1.44,0.71,0.50,1,1,1.87,1,1.715,None,0.632,Model_not_applied,,VUS,NA
c.533A>C,p.His178Pro,p.H178P,H178P,178,3.67,4.23,118.07,4.11,1,1,1.87,1,14115.237,None,1.000,Pathogenic,,Likely_pathogenic,Conflicting_interpretations_of_pathogenicity_Last_reviewed_Aug_25_2019
c.534C>G,p.His178Gln,p.H178Q,H178Q,178,1.62,1.04,0.34,0.32,1,1,1.87,1,0.339,None,0.253,VUS,,VUS,Uncertain_significance_Last_reviewed_May_24_2019
c.534C>A,p.His178Gln,p.H178Q,H178Q,178,1.62,1.04,0.34,0.32,1,1,1.87,1,0.339,None,0.253,VUS,,VUS,Conflicting_interpretations_of_pathogenicity_Last_reviewed_Dec_10_2019
c.535C>T,p.His179Tyr,p.H179Y,H179Y,179,3.81,76.41,1.54,632.71,1,1,1.87,1,532200.841,None,1.000,Pathogenic,,Pathogenic,Pathogenic/Likely_pathogenic_Last_reviewed_Apr_1_2019
c.536A>T,p.His179Leu,p.H179L,H179L,179,3.94,14.07,402.04,126.24,1,1,1.87,1,5259307.570,None,1.000,Pathogenic,,Pathogenic,Uncertain_significance_Last_reviewed_Jun_8_2019
c.535C>A,p.His179Asn,p.H179N,H179N,179,3.43,3.98,1.00,23.24,1,1,1.00,1,317.149,None,0.997,Pathogenic,,Pathogenic,Conflicting_interpretations_of_pathogenicity_Last_reviewed_Jan_28_2019
c.535C>G,p.His179Asp,p.H179D,H179D,179,3.79,56.94,4.77,20.97,1,1,1.87,1,40368.208,None,1.000,Pathogenic,,Pathogenic,Likely_pathogenic_Last_reviewed_May_31_2016
c.536A>G,p.His179Arg,p.H179R,H179R,179,1.81,36.28,1.68,7947.02,1,1,1.00,1,874226.539,None,1.000,Pathogenic,,Pathogenic,Conflicting_interpretations_of_pathogenicity_Last_reviewed_Jan_23_2020
c.536A>C,p.His179Pro,p.H179P,H179P,179,3.67,35.58,71.43,1.02,1,1,1.87,1,17723.185,None,1.000,Pathogenic,,Pathogenic,Likely_pathogenic_Last_reviewed_Mar_19_2019
c.537T>G,p.His179Gln,p.H179Q,H179Q,179,1.62,12.56,8.96,11.80,1,1,1.87,1,4015.246,None,1.000,Pathogenic,,Pathogenic,Pathogenic_Last_reviewed_Nov_12_2019
c.537T>A,p.His179Gln,p.H179Q,H179Q,179,1.62,12.56,9.69,2.44,1,1,1.87,1,897.316,None,0.999,Pathogenic,,Likely_pathogenic,Pathogenic_Last_reviewed_Aug_28_2019
c.538G>C,p.Glu180Gln,p.E180Q,E180Q,180,1.83,0.20,3.02,0.18,1,1,1.87,1,0.368,None,0.269,Model_not_applied,,VUS,NA
c.538G>A,p.Glu180Lys,p.E180K,E180K,180,3.01,1.60,8.76,3.58,1,1,1.87,1,282.109,None,0.996,Pathogenic,,VUS,Likely_pathogenic_Last_reviewed_Aug_28_2019
c.539A>T,p.Glu180Val,p.E180V,E180V,180,3.59,4.35,1.49,1,1,1,1.87,1,43.665,None,0.978,Likely_Pathogenic,,Unclassified,NA
c.539A>G,p.Glu180Gly,p.E180G,E180G,180,3.95,3.92,0.16,0.50,1,1,1.87,1,2.334,None,0.700,Model_not_applied,,VUS,NA
c.539A>C,p.Glu180Ala,p.E180A,E180A,180,3.90,1.91,1.62,1,1,1,1.87,1,22.565,None,0.958,Likely_Pathogenic,,Unclassified,NA
c.540G>T,p.Glu180Asp,p.E180D,E180D,180,2.49,0.37,1.00,0.18,1,1,1.87,1,0.306,None,0.234,VUS,,VUS,NA
c.540G>C,p.Glu180Asp,p.E180D,E180D,180,2.49,0.37,1.00,0.08,1,1,1.87,1,0.136,None,0.120,VUS,,VUS,NA
c.541C>T,p.Arg181Cys,p.R181C,R181C,181,1.27,16.72,0.08,1.22,1,1,1.87,1,4.097,None,0.804,VUS,,Likely_pathogenic,Conflicting_interpretations_of_pathogenicity_Last_reviewed_Mar_28_2020
c.542G>C,p.Arg181Pro,p.R181P,R181P,181,3.92,11.57,141.01,20.97,1,1,1.87,1,250995.480,None,1.000,Pathogenic,,Pathogenic,Pathogenic/Likely_pathogenic_Last_reviewed_Nov_11_2019
c.541C>G,p.Arg181Gly,p.R181G,R181G,181,3.48,1.46,0.32,0.32,1,1,1.87,1,0.958,None,0.489,Model_not_applied,,VUS,NA
c.541C>A,p.Arg181Ser,p.R181S,R181S,181,3.86,0.83,0.35,0.18,1,1,1.87,1,0.373,None,0.272,Model_not_applied,,VUS,Uncertain_significance_Last_reviewed_Aug_11_2020
c.542G>T,p.Arg181Leu,p.R181L,R181L,181,3.94,0.57,1.00,1.36,1,1,1.87,1,5.702,None,0.851,VUS,,VUS,Uncertain_significance_Last_reviewed_Sep_10_2019
c.542G>A,p.Arg181His,p.R181H,R181H,181,1.81,1.53,1.00,14.41,1,1,1.00,0.66,26.285,None,0.963,Likely_Pathogenic,,Likely_pathogenic,Pathogenic/Likely_pathogenic_Last_reviewed_Jun_29_2020
c.544T>G,p.Cys182Gly,p.C182G,C182G,182,0.77,0.07,1.00,1,1,1,1.87,1,0.104,None,0.094,Model_not_applied,,Unclassified,NA
c.544T>C,p.Cys182Arg,p.C182R,C182R,182,1.43,0.09,0.42,0.73,1,1,1.87,1,0.072,None,0.068,Model_not_applied,,VUS,NA
c.544T>A,p.Cys182Ser,p.C182S,C182S,182,0.34,0.05,1.61,1.77,1,1,1.87,1,0.100,None,0.091,Model_not_applied,,Likely_benign,NA
c.545G>T,p.Cys182Phe,p.C182F,C182F,182,1.64,0.16,0.06,1,1,1,1.87,1,0.027,None,0.027,Model_not_applied,,Unclassified,NA
c.545G>C,p.Cys182Ser,p.C182S,C182S,182,0.34,0.05,1.61,0.08,1,1,1.87,1,0.004,None,0.004,Likely_Benign,,Likely_benign,NA
c.545G>A,p.Cys182Tyr,p.C182Y,C182Y,182,1.61,0.14,0.06,0.50,1,1,1.87,1,0.012,None,0.012,Likely_Benign,,VUS,NA
c.546C>G,p.Cys182Trp,p.C182W,C182W,182,1.56,0.61,0.21,1,1,1,1.87,1,0.373,None,0.272,Model_not_applied,,Unclassified,Uncertain_significance_Last_reviewed_Aug_26_2019
c.547T>G,p.Ser183Ala,p.S183A,S183A,183,0.31,0.08,0.29,1,1,1,1.87,1,0.012,None,0.012,Model_not_applied,,Unclassified,NA
c.547T>C,p.Ser183Pro,p.S183P,S183P,183,0.31,0.07,1.29,0.50,1,1,1.87,1,0.024,None,0.024,Likely_Benign,,Likely_benign,NA
c.547T>A,p.Ser183Thr,p.S183T,S183T,183,0.31,0.06,0.13,1,1,1,1.87,1,0.004,None,0.004,Model_not_applied,,Unclassified,NA
c.548C>T,p.Ser183Leu,p.S183L,S183L,183,0.71,0.12,0.92,0.73,1,1,1.87,1,0.107,None,0.097,Model_not_applied,,VUS,Uncertain_significance_Last_reviewed_Jan_19_2016
c.550G>T,p.Asp184Tyr,p.D184Y,D184Y,184,1.84,2.14,0.08,1.36,1,1,1.87,1,0.827,None,0.453,Model_not_applied,,VUS,NA
c.550G>C,p.Asp184His,p.D184H,D184H,184,1.20,1.28,0.11,0.73,1,1,1.87,1,0.241,None,0.194,Model_not_applied,,VUS,NA
c.550G>A,p.Asp184Asn,p.D184N,D184N,184,0.60,0.06,0.86,44.09,1,1,1.87,1,2.327,None,0.699,Model_not_applied,,VUS,NA
c.551A>T,p.Asp184Val,p.D184V,D184V,184,1.86,3.04,4.63,0.18,1,1,1.87,1,8.675,None,0.897,Model_not_applied,,VUS,NA
c.551A>G,p.Asp184Gly,p.D184G,D184G,184,1.89,1.01,0.39,0.32,1,1,1.87,1,0.436,None,0.304,VUS,,VUS,Uncertain_significance_Last_reviewed_Jul_3_2016
c.551A>C,p.Asp184Ala,p.D184A,D184A,184,2.05,0.93,0.56,1,1,1,1.87,1,1.993,None,0.666,VUS,,Unclassified,NA
c.552T>G,p.Asp184Glu,p.D184E,D184E,184,0.42,0.04,0.15,1,1,1,1.87,1,0.004,None,0.004,Model_not_applied,,Unclassified,NA
c.552T>A,p.Asp184Glu,p.D184E,D184E,184,0.42,0.04,0.15,1,1,1,1.87,1,0.004,None,0.004,Model_not_applied,,Unclassified,NA
c.553A>T,p.Ser185Cys,p.S185C,S185C,185,1.54,0.10,0.11,1,1,1,1.87,1,0.033,None,0.032,Model_not_applied,,Unclassified,NA
c.553A>G,p.Ser185Gly,p.S185G,S185G,185,0.32,0.03,1.00,0.18,1,1,1.87,1,0.004,None,0.004,Likely_Benign,,Likely_benign,NA
c.553A>C,p.Ser185Arg,p.S185R,S185R,185,0.38,0.04,0.36,0.08,1,1,1.87,1,0.001,None,0.001,Benign,,Likely_benign,NA
c.554G>T,p.Ser185Ile,p.S185I,S185I,185,1.32,0.07,0.06,0.32,1,1,1.87,1,0.003,None,0.003,Likely_Benign,,Likely_benign,NA
c.554G>C,p.Ser185Thr,p.S185T,S185T,185,0.40,0.04,1.16,1,1,1,1.87,1,0.032,None,0.031,Model_not_applied,,Unclassified,NA
c.554G>A,p.Ser185Asn,p.S185N,S185N,185,0.32,0.01,0.18,0.11,4.69,0.23,1.00,0.66,0.000,None,0.000,Benign,,Benign,Likely_benign_Last_reviewed_Sep_4_2020
c.555C>G,p.Ser185Arg,p.S185R,S185R,185,0.38,0.04,0.36,0.32,1,1,1.87,1,0.003,None,0.003,Likely_Benign,,Likely_benign,NA
c.555C>A,p.Ser185Arg,p.S185R,S185R,185,0.38,0.04,0.36,1.02,1,1,1.87,1,0.011,None,0.011,Model_not_applied,,Likely_benign,NA
c.556G>T,p.Asp186Tyr,p.D186Y,D186Y,186,1.84,2.20,0.10,1,1,1,1.87,1,0.721,None,0.419,Model_not_applied,,Unclassified,NA
c.556G>C,p.Asp186His,p.D186H,D186H,186,1.20,1.11,0.10,0.50,1,1,1.87,1,0.130,None,0.115,VUS,,VUS,NA
c.556G>A,p.Asp186Asn,p.D186N,D186N,186,0.60,0.05,0.12,0.73,1,1,1.00,1,0.003,None,0.003,Likely_Benign,,Likely_benign,Conflicting_interpretations_of_pathogenicity_Last_reviewed_Jun_11_2020
c.557A>T,p.Asp186Val,p.D186V,D186V,186,1.86,3.45,0.18,0.18,1,1,1.87,1,0.385,None,0.278,Model_not_applied,,VUS,NA
c.557A>G,p.Asp186Gly,p.D186G,D186G,186,1.89,0.25,0.15,0.32,1,1,1.87,1,0.043,Moderate,0.041,Likely_Benign,Predicted_effects_on_splicing,VUS,NA
c.557A>C,p.Asp186Ala,p.D186A,D186A,186,2.05,1.31,0.84,1,1,1,1.87,1,4.217,None,0.808,VUS,,Unclassified,NA
c.558T>G,p.Asp186Glu,p.D186E,D186E,186,0.42,0.09,0.05,1,1,1,1.87,0.66,0.002,None,0.002,Model_not_applied,,Unclassified,NA
c.558T>A,p.Asp186Glu,p.D186E,D186E,186,0.42,0.09,0.05,0.08,1.85,1,1.00,0.66,0.000,None,0.000,Benign,,Likely_benign,Conflicting_interpretations_of_pathogenicity_Last_reviewed_Jul_18_2020
c.559G>T,p.Gly187Cys,p.G187C,G187C,187,1.50,0.66,0.05,1.02,1,1,1.87,1,0.089,Strong,0.081,Model_not_applied,Predicted_effects_on_splicing,VUS,NA
c.559G>C,p.Gly187Arg,p.G187R,G187R,187,1.31,0.69,0.72,0.50,1,1,1.87,1,0.602,Strong,0.376,VUS,Predicted_effects_on_splicing,VUS,not_provided
c.559G>A,p.Gly187Ser,p.G187S,G187S,187,0.31,0.19,0.26,10.37,1,1,1.87,1,0.297,Strong,0.229,Likely_Pathogenic,"Model_not_applied_previously,_changed_to_Likely_Pathogenic_due_to_predicted_effects_on_splicing",VUS,Uncertain_significance_Last_reviewed_Feb_20_2019
c.560G>T,p.Gly187Val,p.G187V,G187V,187,0.96,0.92,1.11,0.50,1,1,1.87,1,0.911,Strong,0.477,VUS,Predicted_effects_on_splicing,VUS,NA
c.560G>C,p.Gly187Ala,p.G187A,G187A,187,0.31,0.23,0.08,1,1,1,1.87,1,0.010,Strong,0.010,Model_not_applied,Predicted_effects_on_splicing,Unclassified,NA
c.560G>A,p.Gly187Asp,p.G187D,G187D,187,0.31,0.30,0.05,1.77,1,1,1.87,1,0.015,None,0.015,Model_not_applied,,VUS,Uncertain_significance_Last_reviewed_Jun_22_2019
c.562C>G,p.Leu188Val,p.L188V,L188V,188,0.32,0.14,0.31,0.50,1,1,1.87,1,0.013,None,0.013,Likely_Benign,,Likely_benign,Uncertain_significance_Last_reviewed_Oct_17_2019
c.562C>A,p.Leu188Met,p.L188M,L188M,188,0.32,0.14,0.03,1,1,1,1.87,1,0.003,None,0.003,Model_not_applied,,Unclassified,NA
c.563T>G,p.Leu188Arg,p.L188R,L188R,188,0.65,0.17,0.09,1,1,1,1.87,1,0.017,None,0.017,Model_not_applied,,Unclassified,NA
c.563T>C,p.Leu188Pro,p.L188P,L188P,188,0.32,0.72,0.32,0.18,1,1,1.87,1,0.025,None,0.024,Likely_Benign,,Likely_benign,NA
c.563T>A,p.Leu188Gln,p.L188Q,L188Q,188,0.59,0.25,0.07,1,1,1,1.87,1,0.018,None,0.018,Model_not_applied,,Unclassified,NA
c.565G>T,p.Ala189Ser,p.A189S,A189S,189,3.95,1.10,0.05,1,1,1,1.87,1,0.406,None,0.289,Model_not_applied,,Unclassified,Uncertain_significance_Last_reviewed_Oct_10_2017
c.565G>C,p.Ala189Pro,p.A189P,A189P,189,1.73,3.36,5.11,0.73,1,1,1.87,1,40.478,None,0.976,Likely_Pathogenic,,VUS,NA
c.565G>A,p.Ala189Thr,p.A189T,A189T,189,3.06,2.07,0.03,0.73,1,1,1.87,1,0.250,None,0.200,Model_not_applied,,VUS,NA
c.566C>T,p.Ala189Val,p.A189V,A189V,189,3.30,9.12,0.02,2.33,1.00,1,0.33,1,0.521,None,0.342,VUS,,Likely_pathogenic,Conflicting_interpretations_of_pathogenicity_Last_reviewed_Dec_23_2019
c.566C>G,p.Ala189Gly,p.A189G,A189G,189,3.13,2.02,4.07,0.18,1,1,1.87,1,8.536,None,0.895,Model_not_applied,,VUS,NA
c.566C>A,p.Ala189Asp,p.A189D,A189D,189,3.46,21.00,1.00,1,1,1,1.87,1,135.768,None,0.993,Pathogenic,,Unclassified,NA
c.568C>T,p.Pro190Ser,p.P190S,P190S,190,3.59,0.81,0.76,5.79,1,1,1.87,1,24.241,None,0.960,Likely_Pathogenic,,VUS,Uncertain_significance_Last_reviewed_Mar_10_2019
c.568C>G,p.Pro190Ala,p.P190A,P190A,190,1.73,0.48,1.00,0.32,1,1,1.87,1,0.487,None,0.327,VUS,,VUS,NA
c.568C>A,p.Pro190Thr,p.P190T,P190T,190,2.18,1.69,1.38,1.02,1.85,2.09,1.87,1,37.328,None,0.974,Likely_Pathogenic,,VUS,Uncertain_significance_Last_reviewed_Aug_1_2015
c.569C>T,p.Pro190Leu,p.P190L,P190L,190,3.95,2.33,79.55,142.57,1,1,1.87,1,195120.368,None,1.000,Pathogenic,,Pathogenic,Uncertain_significance_Last_reviewed_May_31_2019
c.569C>G,p.Pro190Arg,p.P190R,P190R,190,3.94,3.12,52.17,0.35,1,1,1.87,1,418.655,None,0.998,Model_not_applied,,VUS,Uncertain_significance_Last_reviewed_Nov_21_2019
c.569C>A,p.Pro190His,p.P190H,P190H,190,3.67,0.35,0.04,1,1,1,1.87,1,0.099,None,0.090,Model_not_applied,,Unclassified,NA
c.572C>G,p.Pro191Arg,p.P191R,P191R,191,2.61,0.24,0.06,0.20,1.85,2.09,1.00,1,0.027,None,0.026,Likely_Benign,,VUS,Uncertain_significance_Last_reviewed_Aug_11_2020
c.571C>G,p.Pro191Ala,p.P191A,P191A,191,0.54,0.10,0.81,1,1,1,1.87,1,0.078,None,0.072,Model_not_applied,,Unclassified,NA
c.571C>T,p.Pro191Ser,p.P191S,P191S,191,2.32,0.15,3.64,0.73,1,1,1.87,1,1.755,None,0.637,VUS,,VUS,NA
c.571C>A,p.Pro191Thr,p.P191T,P191T,191,1.40,0.73,0.12,0.50,1,1,1.87,1,0.112,None,0.100,VUS,,VUS,NA
c.572C>T,p.Pro191Leu,p.P191L,P191L,191,2.56,1.47,10.94,1.36,1,1,1.00,1,55.680,None,0.982,Likely_Pathogenic,,VUS,NA
c.572C>A,p.Pro191His,p.P191H,P191H,191,2.36,1.98,0.04,0.32,1,1,1.00,1,0.063,None,0.059,VUS,,VUS,Uncertain_significance_Last_reviewed_Jun_3_2019
c.574C>G,p.Gln192Glu,p.Q192E,Q192E,192,0.29,0.15,0.01,1,1,1,1.87,1,0.001,None,0.001,Model_not_applied,,Unclassified,NA
c.574C>A,p.Gln192Lys,p.Q192K,Q192K,192,0.89,0.24,0.06,1,1,1,1.87,1,0.024,None,0.023,Model_not_applied,,Unclassified,NA
c.575A>T,p.Gln192Leu,p.Q192L,Q192L,192,1.40,0.29,0.10,0.32,1,1,1.87,1,0.023,None,0.022,Likely_Benign,,VUS,NA
c.575A>G,p.Gln192Arg,p.Q192R,Q192R,192,0.82,0.25,0.29,3.41,1,1,1.87,1,0.378,None,0.275,Model_not_applied,,VUS,Uncertain_significance_Last_reviewed_Jan_24_2019
c.575A>C,p.Gln192Pro,p.Q192P,Q192P,192,0.65,0.93,0.30,0.08,1,1,1.87,1,0.027,None,0.026,Likely_Benign,,Likely_benign,NA
c.576G>T,p.Gln192His,p.Q192H,Q192H,192,0.47,0.12,0.35,0.73,1,1,1.87,1,0.028,None,0.027,Model_not_applied,,Likely_benign,Uncertain_significance_Last_reviewed_Aug_3_2019
c.576G>C,p.Gln192His,p.Q192H,Q192H,192,0.47,0.12,0.35,0.32,1,1,1.87,1,0.012,None,0.012,Likely_Benign,,Likely_benign,Likely_benign
c.578A>T,p.His193Leu,p.H193L,H193L,193,3.94,74.14,19.33,335.01,1,1,1.87,1,3536880.412,None,1.000,Pathogenic,,Pathogenic,Conflicting_interpretations_of_pathogenicity_Last_reviewed_Sep_25_2020
c.578A>G,p.His193Arg,p.H193R,H193R,193,1.80,46.33,30.47,499.83,1,1,1.87,1,2369237.314,None,1.000,Pathogenic,,Pathogenic,Pathogenic/Likely_pathogenic_Last_reviewed_Sep_1_2020
c.577C>T,p.His193Tyr,p.H193Y,H193Y,193,3.83,50.94,12.32,98.55,1,1,1.87,1,442461.683,None,1.000,Pathogenic,,Pathogenic,Likely_pathogenic_Last_reviewed_Mar_6_2019
c.577C>G,p.His193Asp,p.H193D,H193D,193,3.79,73.27,98.72,6.78,1,1,1.87,1,347193.136,None,1.000,Pathogenic,,Pathogenic,Likely_pathogenic_Last_reviewed_May_31_2016
c.577C>A,p.His193Asn,p.H193N,H193N,193,3.44,3.00,4.49,0.50,1,1,1.87,1,43.130,None,0.977,Model_not_applied,,VUS,Likely_pathogenic_Last_reviewed_May_31_2016
c.578A>C,p.His193Pro,p.H193P,H193P,193,3.67,67.91,37.28,5.13,1,1,1.87,1,89201.052,None,1.000,Pathogenic,,Pathogenic,Pathogenic_Last_reviewed_Aug_28_2019
c.579T>G,p.His193Gln,p.H193Q,H193Q,193,1.62,26.34,1.00,0.08,1,1,1.87,1,6.281,None,0.863,Model_not_applied,,VUS,NA
c.579T>A,p.His193Gln,p.H193Q,H193Q,193,1.62,26.34,1.00,0.32,1,1,1.87,1,25.091,None,0.962,Model_not_applied,,VUS,Likely_pathogenic_Last_reviewed_Jan_29_2019
c.581T>C,p.Leu194Pro,p.L194P,L194P,194,3.94,76.23,83.12,6.78,1,1,1.87,1,316485.542,None,1.000,Pathogenic,,Pathogenic,Uncertain_significance_Last_reviewed_Nov_14_2019
c.580C>T,p.Leu194Phe,p.L194F,L194F,194,1.53,46.15,49.98,27.00,1,1,1.87,1,177949.276,None,1.000,Pathogenic,,Pathogenic,Likely_pathogenic_Last_reviewed_Nov_12_2017
c.580C>G,p.Leu194Val,p.L194V,L194V,194,1.93,13.29,0.16,0.32,1,1,1.87,1,2.412,None,0.707,Model_not_applied,,VUS,NA
c.580C>A,p.Leu194Ile,p.L194I,L194I,194,0.95,4.51,0.19,1.02,1,1,1.87,1,1.537,None,0.606,Model_not_applied,,VUS,NA
c.581T>G,p.Leu194Arg,p.L194R,L194R,194,3.94,61.11,39.22,389.42,1,1,1.87,1,6878116.779,None,1.000,Pathogenic,,Pathogenic,Conflicting_interpretations_of_pathogenicity_Last_reviewed_Jan_6_2020
c.581T>A,p.Leu194His,p.L194H,L194H,194,3.95,64.91,78.54,1.02,1,1,1.87,1,38271.984,None,1.000,Pathogenic,,Pathogenic,Uncertain_significance_Last_reviewed_Aug_29_2018
c.583A>T,p.Ile195Phe,p.I195F,I195F,195,1.26,33.03,37.91,51.82,1,1,1.87,1,153138.485,None,1.000,Pathogenic,,Pathogenic,Pathogenic
c.583A>G,p.Ile195Val,p.I195V,I195V,195,1.27,0.51,1.00,0.18,1,1,1.87,1,0.215,None,0.177,VUS,,VUS,NA
c.583A>C,p.Ile195Leu,p.I195L,I195L,195,0.80,1.01,0.04,1,1,1,1.87,1,0.054,None,0.051,Model_not_applied,,Unclassified,NA
c.584T>G,p.Ile195Ser,p.I195S,I195S,195,2.62,60.12,54.46,1.36,1,1,1.87,1,21792.213,None,1.000,Pathogenic,,Pathogenic,Uncertain_significance_Last_reviewed_Sep_3_2019
c.584T>C,p.Ile195Thr,p.I195T,I195T,195,3.17,28.90,22.61,509.02,1,1,1.87,1,1969665.355,None,1.000,Pathogenic,,Pathogenic,Pathogenic_Last_reviewed_Sep_11_2020
c.584T>A,p.Ile195Asn,p.I195N,I195N,195,2.41,77.85,16.65,15.05,1,1,1.87,1,87778.744,None,1.000,Pathogenic,,Pathogenic,Uncertain_significance_Last_reviewed_Oct_17_2019
c.585C>G,p.Ile195Met,p.I195M,I195M,195,0.68,1.89,0.03,1,1,1,1.87,1,0.073,None,0.068,Model_not_applied,,Unclassified,Uncertain_significance_Last_reviewed_Dec_14_2019
c.587G>C,p.Arg196Pro,p.R196P,R196P,196,3.92,66.29,129.78,10.19,1,1,1.87,1,643003.434,None,1.000,Pathogenic,,Pathogenic,Conflicting_interpretations_of_pathogenicity_Last_reviewed_Apr_17_2019
c.586C>G,p.Arg196Gly,p.R196G,R196G,196,3.48,37.45,1.00,0.32,1,1,1.87,1,76.754,None,0.987,Model_not_applied,,Likely_pathogenic,Uncertain_significance_Last_reviewed_Feb_12_2018
c.587G>T,p.Arg196Leu,p.R196L,R196L,196,3.94,61.48,0.07,0.18,1,1,1.87,1,5.320,None,0.842,Model_not_applied,,Likely_pathogenic,Uncertain_significance_Last_reviewed_Jan_4_2018
c.587G>A,p.Arg196Gln,p.R196Q,R196Q,196,2.41,58.21,0.16,1.97,1.85,0.48,1.00,1,39.148,None,0.975,Likely_Pathogenic,,Pathogenic,Uncertain_significance_Last_reviewed_Dec_26_2019
c.589G>T,p.Val197Leu,p.V197L,V197L,197,1.93,1.52,1.00,0.50,1,1,1.87,1,2.735,None,0.732,Model_not_applied,,VUS,Uncertain_significance_Last_reviewed_May_15_2019
c.589G>C,p.Val197Leu,p.V197L,V197L,197,1.93,1.52,1.00,0.08,1,1,1.87,1,0.433,None,0.302,Model_not_applied,,VUS,Uncertain_significance_Last_reviewed_Jun_9_2017
c.589G>A,p.Val197Met,p.V197M,V197M,197,1.52,1.40,29.25,3.41,1,1,1.87,1,396.203,None,0.997,Pathogenic,,VUS,Uncertain_significance_Last_reviewed_Aug_22_2019
c.590T>G,p.Val197Gly,p.V197G,V197G,197,3.87,70.58,18.07,16.88,1,1,1.87,1,155732.036,None,1.000,Pathogenic,,Pathogenic,Uncertain_significance_Last_reviewed_Oct_21_2019
c.590T>C,p.Val197Ala,p.V197A,V197A,197,3.30,4.96,1.00,1,1,1,1.87,1,30.606,None,0.968,Likely_Pathogenic,,Unclassified,NA
c.590T>A,p.Val197Glu,p.V197E,V197E,197,3.59,53.81,16.22,1.77,1,1,1.87,1,10353.283,None,1.000,Pathogenic,,Pathogenic,Uncertain_significance_Last_reviewed_Oct_9_2018
c.592G>A,p.Glu198Lys,p.E198K,E198K,198,3.16,144.93,0.12,22.36,1,1,1.87,1,2304.327,None,1.000,Pathogenic,,Pathogenic,NA
c.592G>C,p.Glu198Gln,p.E198Q,E198Q,198,1.83,38.50,0.17,0.18,1,1,1.87,1,3.916,None,0.797,Model_not_applied,,VUS,NA
c.593A>T,p.Glu198Val,p.E198V,E198V,198,3.59,60.01,0.17,1,1,1,1.87,1,67.610,None,0.985,Likely_Pathogenic,,Unclassified,NA
c.593A>G,p.Glu198Gly,p.E198G,E198G,198,3.95,39.68,0.31,0.50,1,1,1.87,1,44.940,None,0.978,Model_not_applied,,Likely_pathogenic,NA
c.593A>C,p.Glu198Ala,p.E198A,E198A,198,3.90,66.35,0.09,1,1,1,1.87,1,41.537,None,0.976,Likely_Pathogenic,,Unclassified,NA
c.594A>T,p.Glu198Asp,p.E198D,E198D,198,2.49,18.76,0.01,1,1,1,1.87,1,0.707,None,0.414,Model_not_applied,,Unclassified,NA
c.594A>C,p.Glu198Asp,p.E198D,E198D,198,2.49,18.76,0.01,1,1,1,1.87,1,0.707,None,0.414,Model_not_applied,,Unclassified,NA
c.596G>T,p.Gly199Val,p.G199V,G199V,199,1.47,43.20,2.92,2.78,1,1,1.87,1,965.397,None,0.999,Pathogenic,,Pathogenic,Likely_pathogenic_Last_reviewed_Jun_20_2018
c.595G>C,p.Gly199Arg,p.G199R,G199R,199,1.77,3.37,0.36,1,1,1,1.87,1,3.990,None,0.800,VUS,,Unclassified,NA
c.595G>A,p.Gly199Arg,p.G199R,G199R,199,1.77,3.37,0.36,4.91,1,1,1.87,1,19.584,None,0.951,Likely_Pathogenic,,Likely_pathogenic,NA
c.596G>C,p.Gly199Ala,p.G199A,G199A,199,0.36,2.82,0.06,0.18,1,1,1.87,1,0.020,None,0.020,Likely_Benign,,VUS,NA
c.596G>A,p.Gly199Glu,p.G199E,G199E,199,1.64,10.70,1.00,6.78,1,1,1.87,1,222.077,None,0.996,Pathogenic,,Pathogenic,Uncertain_significance_Last_reviewed_Apr_19_2019
c.598A>G,p.Asn200Asp,p.N200D,N200D,200,1.56,0.50,0.05,0.17,1,1,1.87,1,0.012,None,0.012,Likely_Benign,,VUS,NA
c.598A>T,p.Asn200Tyr,p.N200Y,N200Y,200,2.83,5.31,0.05,1,1,1,1.87,1,1.372,None,0.578,Model_not_applied,,Unclassified,NA
c.598A>C,p.Asn200His,p.N200H,N200H,200,3.44,0.75,0.13,1,1,1,1.87,1,0.615,None,0.381,Model_not_applied,,Unclassified,NA
c.599A>T,p.Asn200Ile,p.N200I,N200I,200,2.54,2.29,0.89,0.18,1,1,1.87,1,1.704,None,0.630,Model_not_applied,,VUS,NA
c.599A>G,p.Asn200Ser,p.N200S,N200S,200,2.56,0.08,0.10,0.32,1,1,1.87,1,0.012,None,0.012,Likely_Benign,,VUS,Uncertain_significance_Last_reviewed_Nov_12_2019
c.599A>C,p.Asn200Thr,p.N200T,N200T,200,3.31,0.54,0.10,1,1,1,1.87,1,0.320,None,0.243,Model_not_applied,,Unclassified,NA
c.600T>G,p.Asn200Lys,p.N200K,N200K,200,3.95,0.17,1.35,0.08,1,1,1.87,1,0.132,None,0.117,VUS,,VUS,NA
c.600T>A,p.Asn200Lys,p.N200K,N200K,200,3.95,0.17,1.35,0.08,1,1,1.87,1,0.132,None,0.117,VUS,,VUS,NA
c.601T>A,p.Leu201Met,p.L201M,L201M,201,0.30,0.07,0.10,1,1,1,1.87,1,0.004,None,0.004,Model_not_applied,,Unclassified,NA
c.601T>G,p.Leu201Val,p.L201V,L201V,201,0.30,0.06,0.06,1,1,1,1.87,1,0.002,None,0.002,Model_not_applied,,Unclassified,NA
c.602T>G,p.Leu201Trp,p.L201W,L201W,201,0.93,0.11,0.03,1,1,1,1.87,1,0.007,None,0.007,Model_not_applied,,Unclassified,NA
c.602T>C,p.Leu201Ser,p.L201S,L201S,201,1.19,0.07,0.06,1,1,1,1.87,1,0.009,None,0.009,Model_not_applied,,Unclassified,NA
c.603G>T,p.Leu201Phe,p.L201F,L201F,201,0.38,0.05,0.38,0.50,1,1,1.87,1,0.007,None,0.007,Likely_Benign,,Likely_benign,NA
c.603G>C,p.Leu201Phe,p.L201F,L201F,201,0.38,0.05,0.38,1.02,1,1,1.87,1,0.014,None,0.014,Model_not_applied,,Likely_benign,NA
c.605G>T,p.Arg202Leu,p.R202L,R202L,202,0.29,0.04,0.06,0.73,1,1,1.87,1,0.001,None,0.001,Model_not_applied,,Likely_benign,Uncertain_significance_Last_reviewed_Jul_29_2014
c.604C>T,p.Arg202Cys,p.R202C,R202C,202,1.18,0.53,0.03,1.43,1,1,0.63,1,0.016,None,0.016,Likely_Benign,,VUS,Conflicting_interpretations_of_pathogenicity_Last_reviewed_May_5_2020
c.604C>G,p.Arg202Gly,p.R202G,R202G,202,1.38,0.36,0.01,0.32,1,1,1.87,1,0.002,None,0.002,Likely_Benign,,VUS,Conflicting_interpretations_of_pathogenicity_Last_reviewed_Apr_18_2019
c.604C>A,p.Arg202Ser,p.R202S,R202S,202,1.20,0.18,0.07,2.24,1,1,1.87,1,0.061,None,0.058,Model_not_applied,,VUS,NA
c.605G>C,p.Arg202Pro,p.R202P,R202P,202,1.03,0.52,0.01,0.32,1,1,1.87,1,0.003,None,0.003,Likely_Benign,,VUS,Uncertain_significance_Last_reviewed_Nov_21_2018
c.605G>A,p.Arg202His,p.R202H,R202H,202,0.29,0.03,0.05,4.11,1,1,1.87,1,0.004,None,0.004,Model_not_applied,,Likely_benign,Conflicting_interpretations_of_pathogenicity_Last_reviewed_Oct_7_2019
c.607G>T,p.Val203Leu,p.V203L,V203L,203,0.80,0.10,1.15,1.77,1,1,1.87,1,0.307,None,0.235,Model_not_applied,,VUS,Uncertain_significance_Last_reviewed_Nov_26_2019
c.607G>C,p.Val203Leu,p.V203L,V203L,203,0.80,0.10,1.15,0.32,1,1,1.87,1,0.055,None,0.052,VUS,,Likely_benign,Uncertain_significance_Last_reviewed_Oct_18_2019
c.607G>A,p.Val203Met,p.V203M,V203M,203,0.63,0.11,1.00,0.50,1,1,1.87,1,0.066,None,0.062,VUS,,Likely_benign,Uncertain_significance_Last_reviewed_Jun_11_2019
c.608T>G,p.Val203Gly,p.V203G,V203G,203,0.95,0.71,0.02,1,1,1,1.87,1,0.026,None,0.026,Model_not_applied,,Unclassified,NA
c.608T>C,p.Val203Ala,p.V203A,V203A,203,0.34,0.08,0.03,1.02,1,1,1.87,1,0.002,None,0.002,Model_not_applied,,Likely_benign,NA
c.608T>A,p.Val203Glu,p.V203E,V203E,203,1.53,0.89,3.34,2.79,1,1,1.87,1,23.823,None,0.960,Likely_Pathogenic,,VUS,Uncertain_significance_Last_reviewed_Sep_24_2018
c.610G>A,p.Glu204Lys,p.E204K,E204K,204,0.33,0.15,0.14,1.12,1,1,1.87,1,0.015,None,0.015,Model_not_applied,,Likely_benign,NA
c.610G>C,p.Glu204Gln,p.E204Q,E204Q,204,0.33,0.06,0.06,1,1,1,1.87,1,0.002,None,0.002,Model_not_applied,,Unclassified,NA
c.611A>T,p.Glu204Val,p.E204V,E204V,204,0.51,0.26,0.19,0.18,1,1,1.87,1,0.008,None,0.008,Likely_Benign,,Likely_benign,NA
c.611A>G,p.Glu204Gly,p.E204G,E204G,204,1.17,0.33,2.02,0.18,1,1,1.00,1,0.139,None,0.122,VUS,,VUS,Uncertain_significance_Last_reviewed_May_24_2019
c.611A>C,p.Glu204Ala,p.E204A,E204A,204,0.73,0.25,0.05,0.50,1,1,1.87,1,0.009,None,0.009,Likely_Benign,,VUS,NA
c.612G>T,p.Glu204Asp,p.E204D,E204D,204,0.48,0.13,0.08,0.08,1,1,1.87,1,0.001,None,0.001,Benign,,Likely_benign,NA
c.612G>C,p.Glu204Asp,p.E204D,E204D,204,0.48,0.13,0.08,0.08,1,1,1.87,1,0.001,None,0.001,Benign,,Likely_benign,NA
c.613T>G,p.Tyr205Asp,p.Y205D,Y205D,205,2.05,58.58,23.82,11.80,1,1,1.87,1,63255.169,None,1.000,Pathogenic,,Pathogenic,Uncertain_significance_Last_reviewed_May_23_2018
c.613T>A,p.Tyr205Asn,p.Y205N,Y205N,205,2.82,56.10,179.14,0.50,1,1,1.87,1,26364.362,None,1.000,Model_not_applied,,Likely_pathogenic,Uncertain_significance_Last_reviewed_May_4_2019
c.614A>C,p.Tyr205Ser,p.Y205S,Y205S,205,2.79,49.73,121.53,13.36,1,1,1.87,1,420576.963,None,1.000,Pathogenic,,Pathogenic,Likely_pathogenic_Last_reviewed_May_31_2016
c.614A>G,p.Tyr205Cys,p.Y205C,Y205C,205,0.83,61.64,169.03,2367.40,1,1,1.87,1,38253974.662,None,1.000,Pathogenic,,Pathogenic,Likely_pathogenic_Last_reviewed_May_1_2018
c.613T>C,p.Tyr205His,p.Y205H,Y205H,205,3.83,49.62,17.43,4.91,1,1,1.87,1,30378.013,None,1.000,Pathogenic,,Pathogenic,Conflicting_interpretations_of_pathogenicity_Last_reviewed_May_29_2019
c.614A>T,p.Tyr205Phe,p.Y205F,Y205F,205,1.52,0.92,98.69,2.79,1,1,1.87,1,715.278,None,0.999,Pathogenic,,VUS,Likely_pathogenic_Last_reviewed_May_31_2016
c.616T>G,p.Leu206Val,p.L206V,L206V,206,0.36,0.03,0.07,1,1,1,1.87,1,0.001,None,0.001,Model_not_applied,,Unclassified,NA
c.616T>A,p.Leu206Met,p.L206M,L206M,206,0.36,0.04,0.10,1,1,1,1.87,1,0.003,None,0.003,Model_not_applied,,Unclassified,NA
c.617T>G,p.Leu206Trp,p.L206W,L206W,206,1.15,0.16,3.06,1,1,1,1.87,1,1.081,None,0.519,Model_not_applied,,Unclassified,NA
c.617T>C,p.Leu206Ser,p.L206S,L206S,206,0.36,0.29,0.05,1,1,1,1.87,1,0.011,None,0.011,Model_not_applied,,Unclassified,Conflicting_interpretations_of_pathogenicity_Last_reviewed_Nov_18_2019
c.618G>T,p.Leu206Phe,p.L206F,L206F,206,0.47,0.05,0.53,1,1,1,1.87,1,0.023,None,0.023,Model_not_applied,,Unclassified,NA
c.618G>C,p.Leu206Phe,p.L206F,L206F,206,0.47,0.05,0.53,0.18,1,1,1.87,1,0.004,None,0.004,Likely_Benign,,Likely_benign,NA
c.619G>T,p.Asp207Tyr,p.D207Y,D207Y,207,1.21,1.01,0.09,1,1,1,1.87,1,0.212,None,0.175,Model_not_applied,,Unclassified,NA
c.619G>C,p.Asp207His,p.D207H,D207H,207,0.46,0.28,0.05,0.18,1,1,1.87,1,0.002,None,0.002,Likely_Benign,,Likely_benign,Uncertain_significance_Last_reviewed_Nov_26_2018
c.619G>A,p.Asp207Asn,p.D207N,D207N,207,0.31,0.05,0.10,1.02,1,1,1.87,1,0.003,None,0.003,Model_not_applied,,Likely_benign,NA
c.620A>T,p.Asp207Val,p.D207V,D207V,207,0.79,1.10,0.05,1,1,1,1.87,1,0.082,None,0.076,Model_not_applied,,Unclassified,NA
c.620A>G,p.Asp207Gly,p.D207G,D207G,207,0.68,0.75,1.58,0.32,1,1,1.87,1,0.475,None,0.322,VUS,,VUS,NA
c.620A>C,p.Asp207Ala,p.D207A,D207A,207,0.31,0.30,0.06,1,1,1,1.87,1,0.011,None,0.011,Model_not_applied,,Unclassified,NA
c.621T>G,p.Asp207Glu,p.D207E,D207E,207,0.31,0.02,0.11,0.08,1,1,1.87,1,0.000,None,0.000,Benign,,Benign,NA
c.621T>A,p.Asp207Glu,p.D207E,D207E,207,0.31,0.02,0.11,0.08,1,1,1.87,1,0.000,None,0.000,Benign,,Benign,NA
c.623A>T,p.Asp208Val,p.D208V,D208V,208,2.40,56.33,16.21,10.37,1,1,1.87,1,42503.161,None,1.000,Pathogenic,,Pathogenic,NA
c.622G>T,p.Asp208Tyr,p.D208Y,D208Y,208,2.06,68.59,0.08,0.18,1,1,1.87,1,3.535,None,0.779,Model_not_applied,,Likely_pathogenic,NA
c.622G>C,p.Asp208His,p.D208H,D208H,208,3.79,43.04,0.09,0.18,1,1,1.87,1,4.810,None,0.828,Model_not_applied,,Likely_pathogenic,Uncertain_significance_Last_reviewed_Aug_17_2019
c.622G>A,p.Asp208Asn,p.D208N,D208N,208,1.57,0.14,0.13,1.77,1,1,1.87,1,0.093,None,0.085,Model_not_applied,,VUS,NA
c.623A>G,p.Asp208Gly,p.D208G,D208G,208,3.95,56.00,1.00,1.02,1,1,1.87,1,419.621,None,0.998,Pathogenic,,Pathogenic,Uncertain_significance_Last_reviewed_Sep_17_2020
c.623A>C,p.Asp208Ala,p.D208A,D208A,208,3.46,71.24,27.82,1,1,1,1.87,1,12815.192,None,1.000,Pathogenic,,Unclassified,NA
c.624C>G,p.Asp208Glu,p.D208E,D208E,208,2.49,14.25,0.03,0.32,1,1,1.87,1,0.565,None,0.361,VUS,,VUS,NA
c.624C>A,p.Asp208Glu,p.D208E,D208E,208,2.49,14.25,0.03,0.18,1,1,1.87,1,0.317,None,0.241,VUS,,VUS,NA
c.626G>C,p.Arg209Thr,p.R209T,R209T,209,0.38,0.03,0.18,1.01,1,1,1.87,1,0.004,None,0.004,Model_not_applied,,Likely_benign,NA
c.625A>G,p.Arg209Gly,p.R209G,R209G,209,0.88,0.14,0.16,1,1,1,1.87,1,0.038,None,0.037,Model_not_applied,,Unclassified,Uncertain_significance_Last_reviewed_Oct_3_2019
c.626G>T,p.Arg209Ile,p.R209I,R209I,209,0.39,0.05,0.03,0.18,1,1,1.87,1,0.000,None,0.000,Benign,,Likely_benign,NA
c.626G>A,p.Arg209Lys,p.R209K,R209K,209,0.39,0.02,0.14,2.79,1,1,1.87,1,0.006,None,0.006,Model_not_applied,,Likely_benign,Conflicting_interpretations_of_pathogenicity_Last_reviewed_Aug_24_2019
c.627A>T,p.Arg209Ser,p.R209S,R209S,209,0.47,0.04,0.07,0.18,1,1,1.87,1,0.000,None,0.000,Benign,,Likely_benign,NA
c.627A>C,p.Arg209Ser,p.R209S,R209S,209,0.47,0.04,0.07,1,1,1,1.87,1,0.003,None,0.003,Model_not_applied,,Unclassified,NA
c.628A>T,p.Asn210Tyr,p.N210Y,N210Y,210,0.67,0.04,0.01,0.08,1,1,1.87,1,0.000,None,0.000,Benign,,Likely_benign,Uncertain_significance_Last_reviewed_Nov_22_2016
c.628A>G,p.Asn210Asp,p.N210D,N210D,210,0.64,0.02,0.23,0.32,1,1,1.87,1,0.002,None,0.002,Likely_Benign,,Likely_benign,NA
c.628A>C,p.Asn210His,p.N210H,N210H,210,0.33,0.02,0.09,0.50,1,1,1.87,1,0.001,None,0.001,Benign,,Likely_benign,NA
c.629A>T,p.Asn210Ile,p.N210I,N210I,210,0.33,0.04,0.06,1,1,1,1.87,1,0.002,None,0.002,Model_not_applied,,Unclassified,NA
c.629A>G,p.Asn210Ser,p.N210S,N210S,210,0.67,0.01,0.06,1.36,1,1,1.87,1,0.001,None,0.001,Model_not_applied,,Likely_benign,NA
c.629A>C,p.Asn210Thr,p.N210T,N210T,210,0.33,0.03,5.17,1,1,1,1.87,1,0.087,None,0.080,Model_not_applied,,Unclassified,NA
c.630C>G,p.Asn210Lys,p.N210K,N210K,210,0.42,0.03,1.09,1,1,1,1.87,1,0.030,None,0.029,Model_not_applied,,Unclassified,NA
c.630C>A,p.Asn210Lys,p.N210K,N210K,210,0.42,0.03,1.09,1,1,1,1.87,1,0.030,None,0.029,Model_not_applied,,Unclassified,NA
c.631A>T,p.Thr211Ser,p.T211S,T211S,211,0.71,2.89,0.07,0.08,1,1,1.87,1,0.021,None,0.020,Likely_Benign,,VUS,NA
c.631A>G,p.Thr211Ala,p.T211A,T211A,211,0.92,30.33,1.00,1.36,1,1,1.87,1,70.847,None,0.986,Likely_Pathogenic,,Likely_pathogenic,Uncertain_significance_Last_reviewed_Nov_11_2016
c.631A>C,p.Thr211Pro,p.T211P,T211P,211,0.96,65.87,43.83,1,1,1,1.87,1,5204.331,None,1.000,Pathogenic,,Unclassified,Uncertain_significance_Last_reviewed_Nov_22_2017
c.632C>T,p.Thr211Ile,p.T211I,T211I,211,3.19,67.95,19.77,15.05,1,1,1.87,1,120429.387,None,1.000,Pathogenic,,Pathogenic,NA
c.632C>G,p.Thr211Ser,p.T211S,T211S,211,0.71,2.89,0.07,0.32,1,1,1.87,1,0.083,None,0.077,VUS,,VUS,NA
c.632C>A,p.Thr211Asn,p.T211N,T211N,211,1.96,0.82,0.06,0.50,1,1,1.87,1,0.092,None,0.084,VUS,,VUS,NA
c.634T>G,p.Phe212Val,p.F212V,F212V,212,0.42,0.08,5.15,1,1,1,1.87,1,0.340,None,0.254,Model_not_applied,,Unclassified,NA
c.634T>C,p.Phe212Leu,p.F212L,F212L,212,0.42,0.05,0.39,0.50,1,1,1.87,1,0.007,None,0.007,Likely_Benign,,Likely_benign,NA
c.634T>A,p.Phe212Ile,p.F212I,F212I,212,0.42,0.08,1.00,0.32,1,1,1.87,1,0.019,None,0.019,Likely_Benign,,Likely_benign,Uncertain_significance_Last_reviewed_Oct_22_2018
c.635T>G,p.Phe212Cys,p.F212C,F212C,212,1.75,0.22,0.12,1,1,1,1.87,1,0.085,None,0.078,Model_not_applied,,Unclassified,NA
c.635T>C,p.Phe212Ser,p.F212S,F212S,212,1.10,0.10,0.35,0.32,1,1,1.87,1,0.022,None,0.022,Likely_Benign,,Likely_benign,NA
c.635T>A,p.Phe212Tyr,p.F212Y,F212Y,212,0.48,0.06,0.35,0.32,1,1,1.87,1,0.006,None,0.006,Likely_Benign,,Likely_benign,NA
c.636T>G,p.Phe212Leu,p.F212L,F212L,212,0.42,0.05,0.39,0.08,1,1,1.87,1,0.001,None,0.001,Likely_Benign,,Likely_benign,NA
c.636T>A,p.Phe212Leu,p.F212L,F212L,212,0.42,0.05,0.39,0.18,1,1,1.87,1,0.003,None,0.003,Likely_Benign,,Likely_benign,NA
c.638G>T,p.Arg213Leu,p.R213L,R213L,213,3.93,63.62,1.36,86.16,1,1,1.87,1,54874.596,None,1.000,Pathogenic,,Pathogenic,Likely_pathogenic_Last_reviewed_May_31_2016
c.638G>A,p.Arg213Gln,p.R213Q,R213Q,213,2.40,24.65,4.13,6.20,1,1,1.00,0.66,998.978,None,0.999,Pathogenic,,Pathogenic,Pathogenic_Last_reviewed_Jan_13_2020
c.638G>C,p.Arg213Pro,p.R213P,R213P,213,3.92,63.82,2.55,0.87,1,1,1.87,1,1039.567,None,0.999,Pathogenic,,Pathogenic,Pathogenic/Likely_pathogenic_Last_reviewed_Apr_21_2020
c.637C>G,p.Arg213Gly,p.R213G,R213G,213,3.48,30.31,13.76,0.73,1,1,1.87,1,1980.230,None,0.999,Pathogenic,,Likely_pathogenic,Likely_pathogenic_Last_reviewed_May_31_2016
c.640C>T,p.His214Tyr,p.H214Y,H214Y,214,2.58,0.70,1.00,3.41,1,1,1.87,1,11.458,None,0.920,VUS,,VUS,NA
c.640C>G,p.His214Asp,p.H214D,H214D,214,2.14,4.63,78.08,0.50,1,1,1.87,1,721.548,None,0.999,Model_not_applied,,VUS,NA
c.640C>A,p.His214Asn,p.H214N,H214N,214,1.71,0.45,1.00,1,2.43,1,1.87,1,3.493,None,0.777,Model_not_applied,,Unclassified,Uncertain_significance_Last_reviewed_Nov_29_2019
c.641A>T,p.His214Leu,p.H214L,H214L,214,2.66,3.18,3.91,1,1,1,1.87,1,61.966,None,0.984,Likely_Pathogenic,,Unclassified,Likely_pathogenic_Last_reviewed_May_31_2016
c.641A>G,p.His214Arg,p.H214R,H214R,214,1.21,8.57,9.60,520.47,1,1,1.87,1,96467.737,None,1.000,Pathogenic,,Pathogenic,Likely_pathogenic_Last_reviewed_Aug_28_2019
c.641A>C,p.His214Pro,p.H214P,H214P,214,2.29,10.95,21.49,1,1,1,1.87,1,1006.674,None,0.999,Pathogenic,,Unclassified,Uncertain_significance_Last_reviewed_Aug_21_2018
c.642T>G,p.His214Gln,p.H214Q,H214Q,214,0.55,0.05,0.05,0.73,1,1,0.75,1,0.001,None,0.001,Benign,,Likely_benign,Conflicting_interpretations_of_pathogenicity_Last_reviewed_Dec_31_2019
c.642T>A,p.His214Gln,p.H214Q,H214Q,214,0.55,0.05,0.05,0.08,1,1,1.87,1,0.000,None,0.000,Benign,,Likely_benign,NA
c.643A>G,p.Ser215Gly,p.S215G,S215G,215,1.05,3.09,32.43,5.79,1,1,1.87,1,1143.915,None,0.999,Pathogenic,,VUS,Conflicting_interpretations_of_pathogenicity_Last_reviewed_Nov_18_2019
c.643A>C,p.Ser215Arg,p.S215R,S215R,215,1.40,4.94,9.54,0.73,1,1,1.87,1,90.047,None,0.989,Likely_Pathogenic,,VUS,Uncertain_significance_Last_reviewed_Oct_12_2016
c.645T>G,p.Ser215Arg,p.S215R,S215R,215,1.40,4.94,9.54,11.80,1,1,1.87,1,1458.635,None,0.999,Pathogenic,,Likely_pathogenic,Uncertain_significance_Last_reviewed_May_10_2017
c.645T>A,p.Ser215Arg,p.S215R,S215R,215,1.40,4.94,9.54,1.36,1,1,1.87,1,167.725,None,0.994,Pathogenic,,VUS,NA
c.643A>T,p.Ser215Cys,p.S215C,S215C,215,0.29,16.69,1.00,2.24,1,1,1.87,1,20.460,None,0.953,Likely_Pathogenic,,VUS,NA
c.644G>T,p.Ser215Ile,p.S215I,S215I,215,1.36,54.08,3.08,28.29,1,1,1.87,1,12028.170,None,1.000,Pathogenic,,Pathogenic,Pathogenic_Last_reviewed_Dec_5_2019
c.644G>C,p.Ser215Thr,p.S215T,S215T,215,0.96,3.46,9.31,0.50,4.69,1,1.87,1,135.627,None,0.993,Pathogenic,,VUS,Uncertain_significance_Last_reviewed_Nov_22_2019
c.644G>A,p.Ser215Asn,p.S215N,S215N,215,0.81,0.36,13.32,13.36,1,1,1.87,1,98.318,None,0.990,Likely_Pathogenic,,VUS,Conflicting_interpretations_of_pathogenicity_Last_reviewed_Sep_3_2018
c.647T>G,p.Val216Gly,p.V216G,V216G,216,3.86,66.18,180.72,0.73,1,1,1.87,1,62878.631,None,1.000,Pathogenic,,Pathogenic,Uncertain_significance_Last_reviewed_Jun_26_2019
c.646G>T,p.Val216Leu,p.V216L,V216L,216,1.92,44.52,1.36,6.78,1,1,1.87,1,1468.483,None,0.999,Pathogenic,,Pathogenic,Uncertain_significance_Last_reviewed_Dec_18_2019
c.646G>C,p.Val216Leu,p.V216L,V216L,216,1.92,44.52,1.36,0.07,1,1,1.87,1,16.131,None,0.942,Model_not_applied,,VUS,Conflicting_interpretations_of_pathogenicity_Last_reviewed_Jun_2_2017
c.646G>A,p.Val216Met,p.V216M,V216M,216,1.50,42.08,26.38,680.30,1,1,1.87,1,2121535.101,None,1.000,Pathogenic,,Pathogenic,Conflicting_interpretations_of_pathogenicity_Last_reviewed_Sep_17_2020
c.647T>C,p.Val216Ala,p.V216A,V216A,216,3.30,56.81,0.17,0.50,1,1,1.87,1,30.226,None,0.968,Model_not_applied,,Likely_pathogenic,NA
c.647T>A,p.Val216Glu,p.V216E,V216E,216,3.59,76.98,6.75,1.36,1,1,1.87,1,4746.508,None,1.000,Pathogenic,,Pathogenic,Likely_pathogenic_Last_reviewed_May_31_2016
c.650T>G,p.Val217Gly,p.V217G,V217G,217,1.86,1.18,109.57,1.01,1,1,1.87,1,455.908,None,0.998,Pathogenic,,VUS,NA
c.649G>T,p.Val217Leu,p.V217L,V217L,217,0.97,0.06,0.18,0.50,1.37,1,1.87,1,0.013,None,0.013,Model_not_applied,,Likely_benign,NA
c.649G>C,p.Val217Leu,p.V217L,V217L,217,0.97,0.06,0.18,0.08,1,1,1.87,1,0.002,None,0.002,Likely_Benign,,Likely_benign,NA
c.649G>A,p.Val217Met,p.V217M,V217M,217,0.83,0.07,0.11,0.50,1,1,1.00,1,0.003,None,0.003,Likely_Benign,,Likely_benign,Uncertain_significance_Last_reviewed_Nov_23_2019
c.650T>C,p.Val217Ala,p.V217A,V217A,217,0.86,0.17,0.04,1.02,1,1,1.87,1,0.012,None,0.012,Model_not_applied,,VUS,NA
c.650T>A,p.Val217Glu,p.V217E,V217E,217,2.79,2.01,2.86,0.73,1,1,1.87,1,21.899,None,0.956,Likely_Pathogenic,,VUS,NA
c.653T>A,p.Val218Glu,p.V218E,V218E,218,2.24,76.19,3.34,3.41,1,1,1.87,1,3623.370,None,1.000,Pathogenic,,Pathogenic,NA
c.652G>A,p.Val218Met,p.V218M,V218M,218,0.50,4.36,1.00,9.06,1,1,1.87,1,36.667,None,0.973,Likely_Pathogenic,,Likely_pathogenic,Pathogenic_Last_reviewed_Jul_18_2018
c.652G>T,p.Val218Leu,p.V218L,V218L,218,0.59,3.49,0.06,0.18,1,1,1.87,1,0.044,None,0.042,Likely_Benign,,VUS,NA
c.652G>C,p.Val218Leu,p.V218L,V218L,218,0.59,3.49,0.06,0.18,1,1,1.87,1,0.044,None,0.042,Likely_Benign,,VUS,NA
c.653T>G,p.Val218Gly,p.V218G,V218G,218,2.41,76.34,138.95,4.91,1,1,1.87,1,234935.401,None,1.000,Pathogenic,,Pathogenic,Uncertain_significance_Last_reviewed_Jan_23_2020
c.653T>C,p.Val218Ala,p.V218A,V218A,218,2.06,34.57,0.14,1.77,1,1,1.87,1,33.108,None,0.971,Likely_Pathogenic,,Pathogenic,NA
c.656C>G,p.Pro219Arg,p.P219R,P219R,219,3.92,80.67,0.66,1,1,1,1.87,1,390.080,None,0.997,Pathogenic,,Unclassified,Uncertain_significance_Last_reviewed_Nov_15_2019
c.655C>A,p.Pro219Thr,p.P219T,P219T,219,2.17,80.80,0.08,0.17,1,1,1.87,1,4.461,None,0.817,Model_not_applied,,Likely_pathogenic,NA
c.655C>T,p.Pro219Ser,p.P219S,P219S,219,3.59,68.82,0.15,1.77,1,1,1.00,1,66.723,None,0.985,Likely_Pathogenic,,Pathogenic,Conflicting_interpretations_of_pathogenicity_Last_reviewed_Jul_10_2019
c.655C>G,p.Pro219Ala,p.P219A,P219A,219,1.73,68.16,10.11,1,1,1,1.87,1,2227.820,None,1.000,Pathogenic,,Unclassified,NA
c.656C>T,p.Pro219Leu,p.P219L,P219L,219,3.95,63.05,0.12,1.77,1,1,1.00,1,50.777,None,0.981,Likely_Pathogenic,,Pathogenic,Uncertain_significance_Last_reviewed_Oct_14_2019
c.656C>A,p.Pro219His,p.P219H,P219H,219,3.67,80.47,0.08,1,1,1,1.87,1,43.603,None,0.978,Likely_Pathogenic,,Unclassified,NA
c.658T>G,p.Tyr220Asp,p.Y220D,Y220D,220,2.05,77.29,70.11,0.73,1,1,1.87,1,15167.123,None,1.000,Pathogenic,,Pathogenic,Likely_pathogenic_Last_reviewed_May_31_2016
c.658T>A,p.Tyr220Asn,p.Y220N,Y220N,220,2.82,22.90,47.71,10.37,1,1,1.87,1,59820.569,None,1.000,Pathogenic,,Pathogenic,Pathogenic_Last_reviewed_Sep_18_2020
c.659A>C,p.Tyr220Ser,p.Y220S,Y220S,220,2.79,56.86,72.71,2.96,1,1,1.87,1,63751.897,None,1.000,Pathogenic,,Pathogenic,Pathogenic_Last_reviewed_Nov_16_2018
c.658T>C,p.Tyr220His,p.Y220H,Y220H,220,3.83,17.40,5.91,10.19,6.97,1,1.00,1,27958.352,None,1.000,Pathogenic,,Pathogenic,Conflicting_interpretations_of_pathogenicity_Last_reviewed_Oct_1_2020
c.659A>T,p.Tyr220Phe,p.Y220F,Y220F,220,1.52,1.22,0.16,1,1,1,1.87,1,0.540,None,0.351,Model_not_applied,,Unclassified,NA
c.659A>G,p.Tyr220Cys,p.Y220C,Y220C,220,0.84,48.37,27.65,3803.97,1,1,1.00,1,4282538.887,None,1.000,Pathogenic,,Pathogenic,Pathogenic_Last_reviewed_Aug_28_2019
c.661G>C,p.Glu221Gln,p.E221Q,E221Q,221,1.83,2.39,0.23,0.18,1,1,1.87,1,0.325,None,0.246,VUS,,VUS,NA
c.661G>A,p.Glu221Lys,p.E221K,E221K,221,3.01,24.12,0.19,1.36,1,1,1.00,1,18.619,None,0.949,VUS,,Likely_pathogenic,Uncertain_significance_Last_reviewed_Sep_25_2020
c.662A>T,p.Glu221Val,p.E221V,E221V,221,3.59,31.97,0.02,1,1,1,1.87,1,5.223,None,0.839,VUS,,Unclassified,NA
c.662A>G,p.Glu221Gly,p.E221G,E221G,221,3.95,17.59,1.00,0.73,1,1,1.87,1,94.957,None,0.990,Likely_Pathogenic,,Likely_pathogenic,NA
c.662A>C,p.Glu221Ala,p.E221A,E221A,221,3.90,16.22,1.00,0.32,1,1,1.87,1,37.259,None,0.974,Model_not_applied,,Likely_pathogenic,Uncertain_significance_Last_reviewed_Jun_14_2019
c.663G>T,p.Glu221Asp,p.E221D,E221D,221,2.49,0.69,0.11,0.08,1,1,1.87,1,0.026,None,0.026,Likely_Benign,,VUS,NA
c.663G>C,p.Glu221Asp,p.E221D,E221D,221,2.49,0.69,0.11,0.73,1,1,1.87,1,0.245,None,0.197,Model_not_applied,,VUS,NA
c.664C>T,p.Pro222Ser,p.P222S,P222S,222,0.60,0.07,0.02,0.73,1,1,1.87,1,0.001,None,0.001,Model_not_applied,,Likely_benign,Conflicting_interpretations_of_pathogenicity_Last_reviewed_Jan_16_2020
c.664C>G,p.Pro222Ala,p.P222A,P222A,222,0.60,0.13,1.39,1,1,1,1.87,1,0.200,None,0.167,Model_not_applied,,Unclassified,NA
c.664C>A,p.Pro222Thr,p.P222T,P222T,222,0.73,0.25,0.07,0.50,1,1,1.87,1,0.013,None,0.013,Likely_Benign,,VUS,NA
c.665C>T,p.Pro222Leu,p.P222L,P222L,222,2.25,1.04,0.05,1.57,0.20,1,1.00,0.66,0.025,None,0.024,Likely_Benign,,VUS,Conflicting_interpretations_of_pathogenicity_Last_reviewed_Sep_28_2020
c.665C>G,p.Pro222Arg,p.P222R,P222R,222,2.66,0.65,0.11,1,1,1,1.87,1,0.340,None,0.254,Model_not_applied,,Unclassified,NA
c.665C>A,p.Pro222Gln,p.P222Q,P222Q,222,1.60,0.48,0.03,0.50,1,1,1.87,1,0.023,None,0.023,Likely_Benign,,VUS,NA
c.667C>T,p.Pro223Ser,p.P223S,P223S,223,3.59,2.82,0.05,0.50,1,1,1.87,1,0.430,None,0.301,VUS,,VUS,NA
c.667C>G,p.Pro223Ala,p.P223A,P223A,223,1.73,0.51,2.16,1,1,1,1.87,1,3.545,None,0.780,VUS,,Unclassified,NA
c.667C>A,p.Pro223Thr,p.P223T,P223T,223,2.18,2.60,0.03,1,1,1,1.87,1,0.359,None,0.264,Model_not_applied,,Unclassified,NA
c.668C>T,p.Pro223Leu,p.P223L,P223L,223,3.95,0.46,1.28,1.02,1,1,1.87,1,4.369,None,0.814,VUS,,VUS,Uncertain_significance_Last_reviewed_Nov_7_2019
c.668C>G,p.Pro223Arg,p.P223R,P223R,223,3.94,4.94,0.08,1,1,1,1.87,1,2.777,None,0.735,VUS,,Unclassified,NA
c.668C>A,p.Pro223His,p.P223H,P223H,223,3.67,2.89,0.07,0.73,1,1,1.00,1,0.541,None,0.351,VUS,,VUS,NA
c.670G>C,p.Glu224Gln,p.E224Q,E224Q,224,0.51,0.08,1.00,1,1,1,1.87,1,0.076,None,0.070,Model_not_applied,,Unclassified,NA
c.670G>A,p.Glu224Lys,p.E224K,E224K,224,1.75,0.77,0.48,1.77,1.37,1,1.87,1,2.912,None,0.744,Model_not_applied,,VUS,Uncertain_significance_Last_reviewed_Dec_18_2018
c.671A>T,p.Glu224Val,p.E224V,E224V,224,2.48,1.71,0.05,1,1,1,1.87,1,0.420,Strong,0.296,Model_not_applied,Predicted_effects_on_splicing,Unclassified,NA
c.671A>G,p.Glu224Gly,p.E224G,E224G,224,2.42,0.61,1.00,0.32,1,1,1.87,1,0.872,Strong,0.466,Model_not_applied,Predicted_effects_on_splicing,VUS,Uncertain_significance_Last_reviewed_Mar_2_2019
c.671A>C,p.Glu224Ala,p.E224A,E224A,224,2.45,0.54,1.00,1,1,1,1.87,1,2.460,Strong,0.711,VUS,Predicted_effects_on_splicing,Unclassified,Uncertain_significance_Last_reviewed_Sep_13_2019
c.672G>T,p.Glu224Asp,p.E224D,E224D,224,1.56,0.33,0.05,3.41,1,1,1.00,1,0.086,Strong,0.079,Model_not_applied,Predicted_effects_on_splicing,VUS,not_provided
c.672G>C,p.Glu224Asp,p.E224D,E224D,224,1.56,0.33,0.05,2.24,1,1,1.87,1,0.105,Strong,0.095,Model_not_applied,Predicted_effects_on_splicing,VUS,NA
c.673G>T,p.Val225Phe,p.V225F,V225F,225,0.55,0.33,0.06,0.18,1,1,1.87,1,0.004,Moderate,0.004,Likely_Benign,Predicted_effects_on_splicing,Likely_benign,NA
c.673G>C,p.Val225Leu,p.V225L,V225L,225,0.30,0.04,4.57,0.08,1,1,1.00,1,0.004,Strong,0.004,VUS,"Previously_classified_as_Likely_Benign_by_the_model,_changed_to_VUS_due_to_predicted_effects_on_splicing",Benign,NA
c.673G>A,p.Val225Ile,p.V225I,V225I,225,0.30,0.06,0.09,0.73,6.97,1,1.87,1,0.015,None,0.014,Model_not_applied,,Likely_benign,Uncertain_significance_Last_reviewed_Aug_16_2019
c.674T>G,p.Val225Gly,p.V225G,V225G,225,1.15,0.58,5.83,1,1,1,1.87,1,7.252,None,0.879,VUS,,Unclassified,NA
c.674T>C,p.Val225Ala,p.V225A,V225A,225,0.30,0.09,0.16,0.50,1,1,1.87,1,0.004,None,0.004,Likely_Benign,,Likely_benign,NA
c.674T>A,p.Val225Asp,p.V225D,V225D,225,1.29,0.97,0.08,0.18,1,1,1.87,1,0.032,None,0.031,Likely_Benign,,VUS,Uncertain_significance_Last_reviewed_Feb_26_2019
c.676G>T,p.Gly226Cys,p.G226C,G226C,226,1.42,8.76,0.24,1,1,1,1.87,1,5.490,None,0.846,VUS,,Unclassified,NA
c.676G>C,p.Gly226Arg,p.G226R,G226R,226,1.30,4.12,0.08,1,1,1,1.87,1,0.776,None,0.437,Model_not_applied,,Unclassified,NA
c.676G>A,p.Gly226Ser,p.G226S,G226S,226,0.33,29.18,0.18,1.36,1,1,1.87,1,4.272,None,0.810,VUS,,VUS,Uncertain_significance_Last_reviewed_Feb_1_2019
c.677G>T,p.Gly226Val,p.G226V,G226V,226,1.37,5.19,0.05,0.50,1.85,0.48,1.87,1,0.292,None,0.226,VUS,,VUS,Uncertain_significance_Last_reviewed_Jan_10_2020
c.677G>C,p.Gly226Ala,p.G226A,G226A,226,1.05,1.42,2.49,0.32,1,1,1.87,1,2.175,None,0.685,Model_not_applied,,VUS,Uncertain_significance_Last_reviewed_Aug_15_2019
c.677G>A,p.Gly226Asp,p.G226D,G226D,226,0.30,94.21,0.09,0.73,1,1,1.87,1,3.431,None,0.774,VUS,,Likely_pathogenic,NA
c.679T>G,p.Ser227Ala,p.S227A,S227A,227,0.56,0.04,0.54,1,1,1,1.87,1,0.025,None,0.024,Model_not_applied,,Unclassified,NA
c.679T>C,p.Ser227Pro,p.S227P,S227P,227,0.56,0.92,0.35,1,1,1,1.87,1,0.340,None,0.254,Model_not_applied,,Unclassified,NA
c.679T>A,p.Ser227Thr,p.S227T,S227T,227,0.56,0.23,0.06,0.08,1,1,1.87,1,0.001,None,0.001,Likely_Benign,,Likely_benign,NA
c.680C>T,p.Ser227Phe,p.S227F,S227F,227,2.46,0.50,0.10,4.91,1,1,1.87,1,1.082,None,0.520,Model_not_applied,,VUS,NA
c.680C>G,p.Ser227Cys,p.S227C,S227C,227,0.56,0.21,0.03,0.32,1,1,1.87,1,0.002,None,0.002,Likely_Benign,,Likely_benign,NA
c.680C>A,p.Ser227Tyr,p.S227Y,S227Y,227,2.53,0.66,0.05,1,1,1,1.87,1,0.173,None,0.147,Model_not_applied,,Unclassified,NA
c.682G>T,p.Asp228Tyr,p.D228Y,D228Y,228,1.84,2.43,0.11,0.32,1,1,1.87,1,0.299,None,0.230,VUS,,VUS,NA
c.682G>C,p.Asp228His,p.D228H,D228H,228,1.20,1.11,0.04,0.18,1,1,1.87,1,0.017,None,0.017,Likely_Benign,,VUS,NA
c.682G>A,p.Asp228Asn,p.D228N,D228N,228,0.60,0.10,0.20,1.77,1,1,1.87,1,0.041,None,0.039,Model_not_applied,,VUS,NA
c.683A>T,p.Asp228Val,p.D228V,D228V,228,1.86,2.05,0.08,0.18,1,1,1.87,1,0.096,None,0.087,VUS,,VUS,NA
c.683A>G,p.Asp228Gly,p.D228G,D228G,228,1.89,0.61,0.14,1.02,1,1,1.87,1,0.299,None,0.230,Model_not_applied,,VUS,NA
c.683A>C,p.Asp228Ala,p.D228A,D228A,228,2.05,0.57,0.41,0.32,1,1,1.87,1,0.281,None,0.219,VUS,,VUS,NA
c.684C>G,p.Asp228Glu,p.D228E,D228E,228,0.42,0.02,0.16,0.73,1,1,1.87,1,0.002,None,0.002,Model_not_applied,,Likely_benign,Uncertain_significance_Last_reviewed_Nov_21_2018
c.684C>A,p.Asp228Glu,p.D228E,D228E,228,0.42,0.02,0.16,0.08,1,1,1.87,1,0.000,None,0.000,Benign,,Benign,Uncertain_significance_Last_reviewed_Nov_6_2019
c.685T>G,p.Cys229Gly,p.C229G,C229G,229,3.73,0.28,1.00,1,1,1,1.87,1,1.957,None,0.662,VUS,,Unclassified,NA
c.685T>C,p.Cys229Arg,p.C229R,C229R,229,1.07,0.23,1.00,0.05,1,1,1.00,1,0.013,None,0.013,Likely_Benign,,Likely_benign,Uncertain_significance_Last_reviewed_Dec_19_2019
c.685T>A,p.Cys229Ser,p.C229S,C229S,229,2.08,0.08,0.10,0.32,1,1,1.87,1,0.009,None,0.009,Likely_Benign,,VUS,NA
c.686G>T,p.Cys229Phe,p.C229F,C229F,229,1.44,0.04,0.10,1,1,1,1.87,1,0.011,None,0.011,Model_not_applied,,Unclassified,NA
c.686G>C,p.Cys229Ser,p.C229S,C229S,229,2.08,0.08,0.10,0.18,1,1,1.87,1,0.005,None,0.005,Likely_Benign,,Likely_benign,Uncertain_significance_Last_reviewed_Jun_10_2018
c.686G>A,p.Cys229Tyr,p.C229Y,C229Y,229,1.07,0.03,0.15,0.32,1,1,1.87,1,0.002,None,0.002,Likely_Benign,,Likely_benign,Uncertain_significance_Last_reviewed_Jun_11_2019
c.687T>G,p.Cys229Trp,p.C229W,C229W,229,1.07,0.11,1.00,1,1,1,1.87,1,0.214,None,0.177,Model_not_applied,,Unclassified,NA
c.688A>T,p.Thr230Ser,p.T230S,T230S,230,0.37,1.39,0.75,0.18,1,1,1.87,1,0.128,None,0.114,VUS,,VUS,NA
c.688A>G,p.Thr230Ala,p.T230A,T230A,230,1.23,9.88,1.00,0.50,1,1,1.87,1,11.299,None,0.919,Model_not_applied,,VUS,Uncertain_significance_Last_reviewed_Oct_10_2019
c.688A>C,p.Thr230Pro,p.T230P,T230P,230,0.74,41.00,42.56,0.18,1,1,1.87,1,423.967,None,0.998,Model_not_applied,,VUS,NA
c.689C>T,p.Thr230Ile,p.T230I,T230I,230,1.78,38.26,0.26,5.79,1,1,1.87,1,189.859,None,0.995,Pathogenic,,Pathogenic,NA
c.689C>G,p.Thr230Ser,p.T230S,T230S,230,0.37,1.39,0.75,1,1,1,1.87,1,0.727,None,0.421,Model_not_applied,,Unclassified,NA
c.689C>A,p.Thr230Asn,p.T230N,T230N,230,1.02,3.78,0.06,0.32,1,1,1.87,1,0.137,None,0.120,VUS,,VUS,NA
c.691A>T,p.Thr231Ser,p.T231S,T231S,231,3.04,3.07,1.00,0.50,1,1,1.87,1,8.702,None,0.897,Model_not_applied,,VUS,NA
c.691A>G,p.Thr231Ala,p.T231A,T231A,231,3.06,7.82,0.11,0.73,1,1,1.87,1,3.429,None,0.774,VUS,,VUS,Uncertain_significance_Last_reviewed_Feb_23_2019
c.691A>C,p.Thr231Pro,p.T231P,T231P,231,2.18,64.86,18.86,1,1,1,1.87,1,4984.445,None,1.000,Pathogenic,,Unclassified,NA
c.692C>T,p.Thr231Ile,p.T231I,T231I,231,3.91,29.97,0.28,0.73,1,1,1.87,1,44.022,None,0.978,Likely_Pathogenic,,Likely_pathogenic,Uncertain_significance_Last_reviewed_Jan_20_2017
c.692C>G,p.Thr231Ser,p.T231S,T231S,231,3.04,3.07,1.00,1,1,1,1.87,1,17.470,None,0.946,VUS,,Unclassified,Uncertain_significance_Last_reviewed_Nov_21_2018
c.692C>A,p.Thr231Asn,p.T231N,T231N,231,3.31,0.69,0.07,0.18,1,1,1.87,1,0.051,None,0.048,Likely_Benign,,VUS,NA
c.694A>C,p.Ile232Leu,p.I232L,I232L,232,0.48,0.39,0.32,0.17,1,1,1.87,1,0.019,None,0.019,Likely_Benign,,Likely_benign,Uncertain_significance_Last_reviewed_Jul_25_2018
c.695T>A,p.Ile232Asn,p.I232N,I232N,232,1.94,5.22,7.61,7.87,1,1,1.87,1,1132.861,None,0.999,Pathogenic,,Likely_pathogenic,Pathogenic_Last_reviewed_Apr_10_2020
c.695T>G,p.Ile232Ser,p.I232S,I232S,232,2.14,57.08,68.96,1.76,1,1,1.87,1,27798.390,None,1.000,Pathogenic,,Pathogenic,Likely_pathogenic_Last_reviewed_Dec_1_2018
c.695T>C,p.Ile232Thr,p.I232T,I232T,232,2.10,39.52,11.31,4.36,1,1,1.87,1,7654.264,None,1.000,Pathogenic,,Pathogenic,Likely_pathogenic_Last_reviewed_Jun_17_2019
c.694A>T,p.Ile232Phe,p.I232F,I232F,232,0.91,9.44,1.00,3.41,1,1,1.87,1,54.980,None,0.982,Likely_Pathogenic,,Likely_pathogenic,NA
c.694A>G,p.Ile232Val,p.I232V,I232V,232,0.49,0.06,0.08,1.36,1,1,1.87,1,0.006,None,0.006,Model_not_applied,,Likely_benign,NA
c.696C>G,p.Ile232Met,p.I232M,I232M,232,0.49,2.37,1.00,1,1,1,1.87,1,2.187,None,0.686,VUS,,Unclassified,NA
c.697C>T,p.His233Tyr,p.H233Y,H233Y,233,0.61,0.33,1.00,1.36,1,1,1.87,1,0.504,None,0.335,Model_not_applied,,VUS,NA
c.697C>G,p.His233Asp,p.H233D,H233D,233,1.38,10.56,1.96,0.20,1,1,1.87,1,10.479,None,0.913,Model_not_applied,,VUS,NA
c.697C>A,p.His233Asn,p.H233N,H233N,233,1.25,0.22,0.06,1,1,1,1.87,1,0.030,None,0.029,Model_not_applied,,Unclassified,NA
c.698A>T,p.His233Leu,p.H233L,H233L,233,0.30,0.15,0.07,0.18,1,1,1.87,1,0.001,None,0.001,Likely_Benign,,Likely_benign,NA
c.698A>G,p.His233Arg,p.H233R,H233R,233,0.45,0.99,0.02,0.18,1,1,1.87,1,0.003,None,0.003,Likely_Benign,,VUS,Uncertain_significance_Last_reviewed_Feb_27_2017
c.698A>C,p.His233Pro,p.H233P,H233P,233,1.20,4.39,21.29,1,1,1,1.87,1,209.957,None,0.995,Pathogenic,,Unclassified,NA
c.699C>G,p.His233Gln,p.H233Q,H233Q,233,0.59,0.21,0.07,0.50,1,1,1.87,1,0.008,None,0.008,Likely_Benign,,VUS,NA
c.699C>A,p.His233Gln,p.H233Q,H233Q,233,0.59,0.21,0.07,1,1,1,1.87,1,0.016,None,0.015,Model_not_applied,,Unclassified,NA
c.701A>G,p.Tyr234Cys,p.Y234C,Y234C,234,0.64,32.99,20.24,2318.27,1,1,1.87,1,1866665.745,None,1.000,Pathogenic,,Pathogenic,Pathogenic/Likely_pathogenic_Last_reviewed_Jul_14_2020
c.700T>C,p.Tyr234His,p.Y234H,Y234H,234,2.08,2.11,14.30,29.95,1,1,1.87,1,3520.255,None,1.000,Pathogenic,,Pathogenic,Pathogenic_Last_reviewed_Oct_14_2020
c.700T>A,p.Tyr234Asn,p.Y234N,Y234N,234,1.91,21.03,10.42,7.87,1,1,1.87,1,6173.247,None,1.000,Pathogenic,,Pathogenic,Conflicting_interpretations_of_pathogenicity_Last_reviewed_May_23_2019
c.701A>C,p.Tyr234Ser,p.Y234S,Y234S,234,1.99,9.30,144.70,1.76,1,1,1.87,1,8834.399,None,1.000,Pathogenic,,Likely_pathogenic,Likely_pathogenic_Last_reviewed_Aug_7_2019
c.700T>G,p.Tyr234Asp,p.Y234D,Y234D,234,1.48,26.51,32.76,1.02,1,1,1.87,1,2436.256,None,1.000,Pathogenic,,Likely_pathogenic,Conflicting_interpretations_of_pathogenicity_Last_reviewed_Mar_18_2016
c.701A>T,p.Tyr234Phe,p.Y234F,Y234F,234,0.47,0.13,0.09,1,1,1,1.87,1,0.010,None,0.010,Model_not_applied,,Unclassified,NA
c.703A>T,p.Asn235Tyr,p.N235Y,N235Y,235,1.42,3.69,1.00,0.73,1,1,1.87,1,7.139,None,0.877,VUS,,VUS,Uncertain_significance_Last_reviewed_Nov_1_2014
c.703A>G,p.Asn235Asp,p.N235D,N235D,235,0.58,0.42,16.07,4.11,1,1,1.87,1,30.322,None,0.968,Likely_Pathogenic,,VUS,Likely_pathogenic_Last_reviewed_Feb_5_2020
c.703A>C,p.Asn235His,p.N235H,N235H,235,0.46,0.51,1.22,1,1,1,1.87,1,0.541,None,0.351,Model_not_applied,,Unclassified,NA
c.704A>T,p.Asn235Ile,p.N235I,N235I,235,1.45,2.33,0.10,1.02,1,1,1.00,1,0.329,None,0.248,Model_not_applied,,VUS,NA
c.704A>G,p.Asn235Ser,p.N235S,N235S,235,0.88,0.06,0.13,0.16,1,1,0.27,0.19,0.000,None,0.000,Benign,,Likely_benign,Benign_Last_reviewed_Aug_28_2019
c.704A>C,p.Asn235Thr,p.N235T,N235T,235,0.90,0.35,2.52,0.50,1,1,1.87,1,0.748,None,0.428,VUS,,VUS,NA
c.705C>G,p.Asn235Lys,p.N235K,N235K,235,0.30,0.06,0.11,1,1,1,1.87,1,0.004,None,0.004,Model_not_applied,,Unclassified,NA
c.705C>A,p.Asn235Lys,p.N235K,N235K,235,0.30,0.06,0.11,1,1,1,1.87,1,0.004,None,0.004,Model_not_applied,,Unclassified,NA
c.706T>G,p.Tyr236Asp,p.Y236D,Y236D,236,1.50,20.48,45.55,2.24,1,1,1.87,1,5842.575,None,1.000,Pathogenic,,Likely_pathogenic,Conflicting_interpretations_of_pathogenicity_Last_reviewed_Jul_21_2019
c.707A>G,p.Tyr236Cys,p.Y236C,Y236C,236,0.62,8.09,14.87,843.35,1,1,1.87,1,117324.538,None,1.000,Pathogenic,,Pathogenic,Uncertain_significance_Last_reviewed_Nov_15_2019
c.706T>C,p.Tyr236His,p.Y236H,Y236H,236,2.65,0.60,3.92,10.37,1,1,1.87,1,121.132,None,0.992,Pathogenic,,VUS,Conflicting_interpretations_of_pathogenicity_Last_reviewed_Sep_21_2019
c.706T>A,p.Tyr236Asn,p.Y236N,Y236N,236,2.04,5.48,43.07,15.05,1,1,1.87,1,13560.602,None,1.000,Pathogenic,,Pathogenic,Uncertain_significance_Last_reviewed_May_3_2016
c.707A>T,p.Tyr236Phe,p.Y236F,Y236F,236,0.57,0.06,0.01,0.18,1,1,1.87,1,0.000,None,0.000,Benign,,Likely_benign,NA
c.707A>C,p.Tyr236Ser,p.Y236S,Y236S,236,2.04,2.34,47.53,0.32,1,1,1.87,1,133.634,None,0.993,Model_not_applied,,VUS,Uncertain_significance_Last_reviewed_Aug_18_2014
c.709A>T,p.Met237Leu,p.M237L,M237L,237,1.25,5.56,1.00,0.32,1,1,1.87,1,4.101,None,0.804,Model_not_applied,,VUS,NA
c.709A>G,p.Met237Val,p.M237V,M237V,237,1.52,15.07,2.43,4.91,1,1,1.87,1,509.335,None,0.998,Pathogenic,,Pathogenic,Uncertain_significance_Last_reviewed_Aug_27_2019
c.709A>C,p.Met237Leu,p.M237L,M237L,237,1.25,5.56,1.00,0.18,1,1,1.87,1,2.301,None,0.697,Model_not_applied,,VUS,NA
c.710T>G,p.Met237Arg,p.M237R,M237R,237,3.93,78.90,1.00,1.02,1,1,1.87,1,589.254,None,0.998,Pathogenic,,Pathogenic,Uncertain_significance_Last_reviewed_Jul_29_2015
c.710T>C,p.Met237Thr,p.M237T,M237T,237,3.78,28.67,1.00,0.50,1.85,0.48,1.87,1,89.719,None,0.989,Model_not_applied,,Likely_pathogenic,Uncertain_significance_Last_reviewed_May_24_2018
c.710T>A,p.Met237Lys,p.M237K,M237K,237,3.95,44.47,28.15,4.11,1,1,1.87,1,38037.605,None,1.000,Pathogenic,,Pathogenic,Likely_pathogenic_Last_reviewed_May_31_2016
c.711G>T,p.Met237Ile,p.M237I,M237I,237,1.11,12.22,4.69,198.82,1,1,1.87,1,23708.415,None,1.000,Pathogenic,,Pathogenic,Likely_pathogenic_Last_reviewed_Dec_1_2018
c.711G>C,p.Met237Ile,p.M237I,M237I,237,1.11,12.22,4.69,4.91,1,1,1.87,1,585.247,None,0.998,Pathogenic,,Likely_pathogenic,NA
c.711G>A,p.Met237Ile,p.M237I,M237I,237,1.11,12.22,4.69,1861.94,1,1,1.00,1,118729.582,None,1.000,Pathogenic,,Pathogenic,Pathogenic/Likely_pathogenic_Last_reviewed_Oct_19_2020
c.713G>T,p.Cys238Phe,p.C238F,C238F,238,0.57,74.22,1.28,126.24,1,1,1.87,1,12820.213,None,1.000,Pathogenic,,Pathogenic,Pathogenic_Last_reviewed_Oct_1_2019
c.714T>G,p.Cys238Trp,p.C238W,C238W,238,0.39,35.84,35.30,1.36,1,1,1.87,1,1252.684,None,0.999,Pathogenic,,Likely_pathogenic,Pathogenic_Last_reviewed_Aug_28_2015
c.713G>A,p.Cys238Tyr,p.C238Y,C238Y,238,0.83,74.21,106.47,293.29,1,1,1.00,1,1921897.248,None,1.000,Pathogenic,,Pathogenic,Pathogenic/Likely_pathogenic_Last_reviewed_Oct_19_2020
c.712T>A,p.Cys238Ser,p.C238S,C238S,238,3.81,74.22,5.35,11.80,1,1,1.87,1,33408.059,None,1.000,Pathogenic,,Pathogenic,Pathogenic_Last_reviewed_Oct_17_2016
c.712T>G,p.Cys238Gly,p.C238G,C238G,238,2.13,70.11,12.02,2.97,1,1,1.87,1,9958.875,None,1.000,Pathogenic,,Pathogenic,Likely_pathogenic_Last_reviewed_Dec_1_2018
c.713G>C,p.Cys238Ser,p.C238S,C238S,238,3.81,74.22,5.68,4.91,1,1,1.87,1,14739.310,None,1.000,Pathogenic,,Pathogenic,Pathogenic_Last_reviewed_Apr_16_2019
c.712T>C,p.Cys238Arg,p.C238R,C238R,238,1.28,80.91,8.23,20.97,1,1,1.87,1,33516.472,None,1.000,Pathogenic,,Pathogenic,Pathogenic_Last_reviewed_Apr_14_2019
c.716A>C,p.Asn239Thr,p.N239T,N239T,239,3.31,0.86,55.06,3.41,1,1,1.87,1,997.976,None,0.999,Pathogenic,,VUS,Uncertain_significance_Last_reviewed_Mar_26_2019
c.716A>G,p.Asn239Ser,p.N239S,N239S,239,2.55,0.27,4.73,51.77,1,1,1.87,1,309.579,None,0.997,Pathogenic,,Likely_pathogenic,Likely_pathogenic_Last_reviewed_Sep_22_2020
c.715A>T,p.Asn239Tyr,p.N239Y,N239Y,239,2.83,31.54,32.42,2.79,1,1,1.87,1,15053.878,None,1.000,Pathogenic,,Pathogenic,NA
c.715A>G,p.Asn239Asp,p.N239D,N239D,239,1.57,0.84,11.26,169.00,1,1,1.87,1,4699.386,None,1.000,Pathogenic,,Pathogenic,Conflicting_interpretations_of_pathogenicity_Last_reviewed_Dec_11_2019
c.715A>C,p.Asn239His,p.N239H,N239H,239,3.44,0.78,0.14,1,1,1,1.87,1,0.728,None,0.421,Model_not_applied,,Unclassified,NA
c.716A>T,p.Asn239Ile,p.N239I,N239I,239,2.54,7.59,3.62,0.18,1,1,1.87,1,23.074,None,0.958,Model_not_applied,,VUS,NA
c.717C>G,p.Asn239Lys,p.N239K,N239K,239,3.95,0.28,0.32,0.73,1,1,1.87,1,0.488,None,0.328,Model_not_applied,,VUS,Conflicting_interpretations_of_pathogenicity_Last_reviewed_May_13_2019
c.717C>A,p.Asn239Lys,p.N239K,N239K,239,3.95,0.28,0.32,0.73,1,1,1.87,1,0.488,None,0.328,Model_not_applied,,VUS,NA
c.718A>T,p.Ser240Cys,p.S240C,S240C,240,3.82,9.16,2.53,0.73,1,1,1.87,1,120.756,None,0.992,Pathogenic,,Likely_pathogenic,NA
c.718A>G,p.Ser240Gly,p.S240G,S240G,240,2.94,1.38,2.39,15.05,1,1,1.87,1,273.203,None,0.996,Pathogenic,,Likely_pathogenic,Conflicting_interpretations_of_pathogenicity_Last_reviewed_Dec_18_2019
c.718A>C,p.Ser240Arg,p.S240R,S240R,240,3.86,19.29,1.25,0.73,1,1,1.87,1,127.391,None,0.992,Pathogenic,,Likely_pathogenic,Likely_pathogenic_Last_reviewed_Dec_11_2019
c.719G>T,p.Ser240Ile,p.S240I,S240I,240,2.85,23.74,0.11,1.77,1,1,1.87,1,24.078,None,0.960,Likely_Pathogenic,,Pathogenic,NA
c.719G>C,p.Ser240Thr,p.S240T,S240T,240,3.04,1.13,0.09,1.02,1,1,1.87,1,0.603,None,0.376,Model_not_applied,,VUS,NA
c.719G>A,p.Ser240Asn,p.S240N,S240N,240,2.56,0.26,1.00,0.50,1,1,1.87,1,0.631,None,0.387,VUS,,VUS,NA
c.720T>G,p.Ser240Arg,p.S240R,S240R,240,3.86,19.29,1.25,0.73,1,1,1.87,1,127.391,None,0.992,Pathogenic,,Likely_pathogenic,Uncertain_significance_Last_reviewed_Apr_10_2017
c.720T>A,p.Ser240Arg,p.S240R,S240R,240,3.86,19.29,1.25,1.77,1,1,1.87,1,308.016,None,0.997,Pathogenic,,Pathogenic,NA
c.722C>A,p.Ser241Tyr,p.S241Y,S241Y,241,2.79,39.54,1.00,11.10,1,1,1.87,1,2287.351,None,1.000,Pathogenic,,Pathogenic,Pathogenic_Last_reviewed_Dec_24_2019
c.721T>G,p.Ser241Ala,p.S241A,S241A,241,3.95,4.06,20.99,5.79,1,1,1.87,1,3650.546,None,1.000,Pathogenic,,Likely_pathogenic,Uncertain_significance_Last_reviewed_Jan_6_2020
c.721T>C,p.Ser241Pro,p.S241P,S241P,241,3.59,38.13,10.05,4.11,1,1,1.87,1,10596.213,None,1.000,Pathogenic,,Pathogenic,Uncertain_significance_Last_reviewed_Feb_7_2019
c.721T>A,p.Ser241Thr,p.S241T,S241T,241,3.04,31.48,9.20,1.13,1,1,1.87,1,1861.457,None,0.999,Pathogenic,,Pathogenic,Uncertain_significance_Last_reviewed_Aug_5_2019
c.722C>T,p.Ser241Phe,p.S241F,S241F,241,2.28,39.60,89.86,1176.97,1,1,1.00,1,9555867.468,None,1.000,Pathogenic,,Pathogenic,Likely_pathogenic_Last_reviewed_Dec_22_2019
c.722C>G,p.Ser241Cys,p.S241C,S241C,241,3.82,26.58,135.73,56.02,1,1,1.87,1,1444262.749,None,1.000,Pathogenic,,Pathogenic,Likely_pathogenic_Last_reviewed_Oct_30_2018
c.724T>G,p.Cys242Gly,p.C242G,C242G,242,2.13,74.16,16.90,1.76,1,1,1.87,1,8796.960,None,1.000,Pathogenic,,Pathogenic,Uncertain_significance_Last_reviewed_Sep_5_2016
c.724T>C,p.Cys242Arg,p.C242R,C242R,242,1.27,80.76,3.10,5.79,1,1,1.87,1,3456.270,None,1.000,Pathogenic,,Pathogenic,Pathogenic_Last_reviewed_Aug_24_2018
c.725G>A,p.Cys242Tyr,p.C242Y,C242Y,242,0.83,74.42,12.14,133.57,1,1,1.87,1,187177.374,None,1.000,Pathogenic,,Pathogenic,Pathogenic_Last_reviewed_Aug_26_2019
c.725G>T,p.Cys242Phe,p.C242F,C242F,242,0.57,74.43,1.00,873.00,1,1,1.87,1,69566.086,None,1.000,Pathogenic,,Pathogenic,Uncertain_significance_Last_reviewed_Jul_3_2018
c.724T>A,p.Cys242Ser,p.C242S,C242S,242,3.82,59.93,18.21,6.78,1,1,1.87,1,52880.928,None,1.000,Pathogenic,,Pathogenic,Conflicting_interpretations_of_pathogenicity_Last_reviewed_Apr_1_2019
c.725G>C,p.Cys242Ser,p.C242S,C242S,242,3.82,59.93,18.21,15.05,1,1,1.87,1,117417.077,None,1.000,Pathogenic,,Pathogenic,Uncertain_significance_Last_reviewed_Dec_26_2018
c.726C>G,p.Cys242Trp,p.C242W,C242W,242,0.40,37.62,7.72,7.87,1,1,1.87,1,1727.657,None,0.999,Pathogenic,,Pathogenic,Likely_pathogenic_Last_reviewed_May_31_2016
c.727A>T,p.Met243Leu,p.M243L,M243L,243,1.24,0.22,1.00,1.76,1,1,1.87,1,0.879,None,0.468,Model_not_applied,,VUS,NA
c.727A>C,p.Met243Leu,p.M243L,M243L,243,1.24,0.22,1.00,0.50,1.85,2.09,1.87,1,0.958,None,0.489,Model_not_applied,,VUS,Uncertain_significance_Last_reviewed_Aug_27_2019
c.727A>G,p.Met243Val,p.M243V,M243V,243,1.52,0.09,0.31,0.32,1,1,1.87,1,0.026,None,0.025,Likely_Benign,,Likely_benign,Uncertain_significance_Last_reviewed_Dec_3_2019
c.728T>G,p.Met243Arg,p.M243R,M243R,243,3.93,3.58,19.73,0.18,1,1,1.87,1,91.906,None,0.989,Model_not_applied,,VUS,NA
c.728T>C,p.Met243Thr,p.M243T,M243T,243,3.78,2.42,1.00,2.24,1,1,1.87,1,38.329,None,0.975,Likely_Pathogenic,,Likely_pathogenic,Conflicting_interpretations_of_pathogenicity_Last_reviewed_Nov_29_2019
c.728T>A,p.Met243Lys,p.M243K,M243K,243,3.95,4.05,0.40,0.73,1,1,1.87,1,8.834,None,0.898,VUS,,VUS,NA
c.729G>T,p.Met243Ile,p.M243I,M243I,243,1.11,0.27,0.37,0.08,1,1,1.87,1,0.017,None,0.016,Likely_Benign,,Likely_benign,NA
c.729G>C,p.Met243Ile,p.M243I,M243I,243,1.11,0.27,0.37,0.32,1,1,1.87,1,0.066,None,0.062,VUS,,VUS,NA
c.729G>A,p.Met243Ile,p.M243I,M243I,243,1.11,0.27,0.37,3.41,1,1,1.87,1,0.714,None,0.417,Model_not_applied,,VUS,Uncertain_significance_Last_reviewed_Feb_1_2019
c.730G>T,p.Gly244Cys,p.G244C,G244C,244,2.13,60.00,1.00,231.17,1,1,1.87,1,55189.186,None,1.000,Pathogenic,,Pathogenic,Conflicting_interpretations_of_pathogenicity_Last_reviewed_Dec_28_2018
c.730G>C,p.Gly244Arg,p.G244R,G244R,244,3.47,67.64,35.24,1.36,1,1,1.87,1,20994.349,None,1.000,Pathogenic,,Pathogenic,Likely_pathogenic_Last_reviewed_May_31_2016
c.730G>A,p.Gly244Ser,p.G244S,G244S,244,2.94,15.49,14.04,123.58,1,1,1.87,1,147480.207,None,1.000,Pathogenic,,Pathogenic,Pathogenic_Last_reviewed_Oct_11_2019
c.731G>T,p.Gly244Val,p.G244V,G244V,244,3.86,71.93,1.49,16.30,1,1,1.87,1,12611.600,None,1.000,Pathogenic,,Pathogenic,Likely_pathogenic_Last_reviewed_Dec_1_2018
c.731G>A,p.Gly244Asp,p.G244D,G244D,244,3.93,71.91,19.61,322.73,1,1,1.87,1,3345297.487,None,1.000,Pathogenic,,Pathogenic,Pathogenic/Likely_pathogenic_Last_reviewed_Aug_21_2020
c.731G>C,p.Gly244Ala,p.G244A,G244A,244,3.13,11.75,68.84,3.41,1,1,1.87,1,16151.390,None,1.000,Pathogenic,,Pathogenic,Uncertain_significance_Last_reviewed_Jan_23_2017
c.733G>T,p.Gly245Cys,p.G245C,G245C,245,2.13,72.93,1.00,888.77,1,1,1.87,1,257904.335,None,1.000,Pathogenic,,Pathogenic,Pathogenic_Last_reviewed_Aug_19_2019
c.734G>A,p.Gly245Asp,p.G245D,G245D,245,3.93,73.24,1.00,5822.18,1,1,1.00,1,1676565.972,None,1.000,Pathogenic,,Pathogenic,Pathogenic/Likely_pathogenic_Last_reviewed_Jan_8_2020
c.733G>C,p.Gly245Arg,p.G245R,G245R,245,3.47,72.93,76.24,11.80,1,1,1.87,1,425910.747,None,1.000,Pathogenic,,Pathogenic,Conflicting_interpretations_of_pathogenicity_Last_reviewed_Jan_8_2020
c.733G>A,p.Gly245Ser,p.G245S,G245S,245,2.94,43.79,5.15,1173.49,1,1,1.87,1,1452862.659,None,1.000,Pathogenic,,Pathogenic,Pathogenic_Last_reviewed_Aug_28_2019
c.734G>T,p.Gly245Val,p.G245V,G245V,245,3.87,73.08,1.30,500.44,1,1,1.87,1,344818.569,None,1.000,Pathogenic,,Pathogenic,Pathogenic_Last_reviewed_Sep_17_2020
c.734G>C,p.Gly245Ala,p.G245A,G245A,245,3.13,66.15,24.48,6.78,1,1,1.87,1,64336.891,None,1.000,Pathogenic,,Pathogenic,Likely_pathogenic_Last_reviewed_Aug_12_2018
c.737T>A,p.Met246Lys,p.M246K,M246K,246,3.93,28.52,24.17,3.41,1,1,1.87,1,17281.599,None,1.000,Pathogenic,,Pathogenic,Likely_pathogenic_Last_reviewed_Apr_8_2019
c.737T>G,p.Met246Arg,p.M246R,M246R,246,3.92,21.71,63.49,6.78,1,1,1.87,1,68462.764,None,1.000,Pathogenic,,Pathogenic,Pathogenic_Last_reviewed_Jan_22_2014
c.737T>C,p.Met246Thr,p.M246T,M246T,246,3.77,5.74,20.92,5.79,1,1,1.87,1,4900.911,None,1.000,Pathogenic,,Pathogenic,Conflicting_interpretations_of_pathogenicity_Last_reviewed_Feb_19_2019
c.738G>T,p.Met246Ile,p.M246I,M246I,246,1.10,1.76,1.00,1.36,1,1,1.87,1,4.908,None,0.831,VUS,,VUS,Uncertain_significance_Last_reviewed_Nov_6_2019
c.738G>C,p.Met246Ile,p.M246I,M246I,246,1.10,1.76,1.00,0.73,1,1,1.87,1,2.635,None,0.725,VUS,,VUS,NA
c.738G>A,p.Met246Ile,p.M246I,M246I,246,1.10,1.76,1.00,60.38,1,1,1.87,1,218.312,None,0.995,Pathogenic,,Pathogenic,Conflicting_interpretations_of_pathogenicity_Last_reviewed_Aug_23_2018
c.736A>G,p.Met246Val,p.M246V,M246V,246,1.50,5.46,3.23,117.72,1,1,1.87,1,5830.752,None,1.000,Pathogenic,,Pathogenic,Pathogenic_Last_reviewed_Dec_11_2019
c.736A>T,p.Met246Leu,p.M246L,M246L,246,1.25,2.32,2.01,1.77,1,1,1.87,1,19.293,None,0.951,Likely_Pathogenic,,VUS,Uncertain_significance_Last_reviewed_Apr_26_2018
c.736A>C,p.Met246Leu,p.M246L,M246L,246,1.25,2.32,2.03,0.08,1,1,1.87,1,0.870,None,0.465,Model_not_applied,,VUS,Likely_pathogenic_Last_reviewed_Dec_26_2014
c.740A>T,p.Asn247Ile,p.N247I,N247I,247,2.54,19.22,15.61,1.76,1,1,1.87,1,2509.163,None,1.000,Pathogenic,,Likely_pathogenic,Uncertain_significance_Last_reviewed_May_19_2014
c.740A>C,p.Asn247Thr,p.N247T,N247T,247,3.31,2.56,3.37,2.24,1,1,1.87,1,119.179,None,0.992,Pathogenic,,Likely_pathogenic,NA
c.739A>T,p.Asn247Tyr,p.N247Y,N247Y,247,2.83,34.67,1.00,0.32,1,1,1.87,1,57.763,None,0.983,Model_not_applied,,Likely_pathogenic,NA
c.739A>G,p.Asn247Asp,p.N247D,N247D,247,1.57,0.96,1.00,1.77,1,1,1.87,1,4.986,None,0.833,VUS,,VUS,NA
c.739A>C,p.Asn247His,p.N247H,N247H,247,3.44,1.94,0.03,1,1,1,1.87,1,0.419,None,0.295,Model_not_applied,,Unclassified,NA
c.740A>G,p.Asn247Ser,p.N247S,N247S,247,2.56,0.41,0.08,2.24,1,1,1.87,1,0.347,None,0.258,Model_not_applied,,VUS,Uncertain_significance_Last_reviewed_Aug_7_2016
c.741C>G,p.Asn247Lys,p.N247K,N247K,247,3.95,0.36,0.14,0.08,1,1,1.87,1,0.030,None,0.029,Likely_Benign,,VUS,NA
c.741C>A,p.Asn247Lys,p.N247K,N247K,247,3.95,0.36,0.14,0.18,1,1,1.87,1,0.066,None,0.062,VUS,,VUS,NA
c.742C>G,p.Arg248Gly,p.R248G,R248G,248,3.47,34.84,85.31,28.28,1,1,1.87,1,545310.347,None,1.000,Pathogenic,,Pathogenic,Conflicting_interpretations_of_pathogenicity_Last_reviewed_Apr_8_2020
c.743G>T,p.Arg248Leu,p.R248L,R248L,248,3.93,53.01,1.68,2313.81,1,1,1.87,1,1512553.193,None,1.000,Pathogenic,,Pathogenic,Pathogenic_Last_reviewed_Aug_28_2019
c.743G>C,p.Arg248Pro,p.R248P,R248P,248,3.92,53.06,255.44,11.80,1,1,1.87,1,1173640.720,None,1.000,Pathogenic,,Pathogenic,Pathogenic_Last_reviewed_Jan_11_2019
c.742C>T,p.Arg248Trp,p.R248W,R248W,248,3.94,34.75,5.04,3980.85,1,1,1.00,1,2749584.593,None,1.000,Pathogenic,,Pathogenic,Pathogenic_Last_reviewed_Aug_28_2019
c.743G>A,p.Arg248Gln,p.R248Q,R248Q,248,2.41,17.56,15.18,12978.34,1,1,1.00,1,8336274.655,None,1.000,Pathogenic,,Pathogenic,Pathogenic_Last_reviewed_Aug_28_2019
c.745A>G,p.Arg249Gly,p.R249G,R249G,249,3.47,20.73,8.10,219.72,1,1,1.87,1,239314.918,None,1.000,Pathogenic,,Pathogenic,Uncertain_significance_Last_reviewed_Jun_17_2019
c.746G>C,p.Arg249Thr,p.R249T,R249T,249,3.51,51.12,34.79,44.05,0.39,1,1.87,1,200805.846,None,1.000,Pathogenic,,Pathogenic,Likely_pathogenic_Last_reviewed_May_31_2016
c.745A>T,p.Arg249Trp,p.R249W,R249W,249,3.93,23.26,23.83,150.52,1,1,1.87,1,613260.185,None,1.000,Pathogenic,,Pathogenic,Uncertain_significance_Last_reviewed_Apr_11_2014
c.747G>T,p.Arg249Ser,p.R249S,R249S,249,3.85,10.83,1.25,165311.82,1,1,1.87,1,16151748.554,None,1.000,Pathogenic,,Pathogenic,Conflicting_interpretations_of_pathogenicity_Last_reviewed_Sep_9_2018
c.747G>C,p.Arg249Ser,p.R249S,R249S,249,3.85,10.83,1.25,92.29,1,1,1.87,1,9017.301,None,1.000,Pathogenic,,Pathogenic,Uncertain_significance_Last_reviewed_Nov_14_2019
c.746G>T,p.Arg249Met,p.R249M,R249M,249,3.92,54.05,1.00,424.58,1,1,1.87,1,168148.782,None,1.000,Pathogenic,,Pathogenic,Uncertain_significance_Last_reviewed_Nov_13_2019
c.746G>A,p.Arg249Lys,p.R249K,R249K,249,1.69,15.16,1.00,51.82,2.53,1,1.87,1,6302.876,None,1.000,Pathogenic,,Pathogenic,Uncertain_significance_Last_reviewed_Aug_10_2017
c.749C>A,p.Pro250His,p.P250H,P250H,250,2.35,56.83,0.13,0.17,1,1,1.87,1,5.480,None,0.846,Model_not_applied,,Likely_pathogenic,NA
c.749C>T,p.Pro250Leu,p.P250L,P250L,250,2.55,76.94,4.16,177.86,1,1,1.87,1,271045.514,None,1.000,Pathogenic,,Pathogenic,Conflicting_interpretations_of_pathogenicity_Last_reviewed_Nov_26_2019
c.748C>T,p.Pro250Ser,p.P250S,P250S,250,2.32,55.06,0.04,13.36,1,1,1.87,1,136.528,None,0.993,Pathogenic,,Pathogenic,NA
c.748C>G,p.Pro250Ala,p.P250A,P250A,250,0.53,26.37,5.86,3.41,1,1,1.87,1,520.294,None,0.998,Pathogenic,,Likely_pathogenic,NA
c.748C>A,p.Pro250Thr,p.P250T,P250T,250,1.40,75.95,0.03,2.24,1,1,1.87,1,12.873,None,0.928,VUS,,Pathogenic,NA
c.749C>G,p.Pro250Arg,p.P250R,P250R,250,2.55,70.47,1.00,1,1,1,1.87,1,336.212,None,0.997,Pathogenic,,Unclassified,NA
c.752T>A,p.Ile251Asn,p.I251N,I251N,251,2.54,10.08,30.04,15.05,1,1,1.87,1,21600.786,None,1.000,Pathogenic,,Pathogenic,Uncertain_significance_Last_reviewed_Aug_24_2017
c.751A>T,p.Ile251Phe,p.I251F,I251F,251,1.51,70.19,6.33,2.24,1,1,1.87,1,2804.397,None,1.000,Pathogenic,,Pathogenic,NA
c.751A>G,p.Ile251Val,p.I251V,I251V,251,1.84,4.64,0.06,2.24,1,1,1.87,1,2.235,None,0.691,Model_not_applied,,Likely_pathogenic,NA
c.751A>C,p.Ile251Leu,p.I251L,I251L,251,0.95,27.74,66.24,1.36,1,1,1.87,1,4438.510,None,1.000,Pathogenic,,Likely_pathogenic,Pathogenic/Likely_pathogenic_Last_reviewed_Jun_25_2018
c.752T>G,p.Ile251Ser,p.I251S,I251S,251,2.85,73.54,59.80,25.68,1,1,1.87,1,601021.967,None,1.000,Pathogenic,,Pathogenic,Likely_pathogenic_Last_reviewed_Sep_23_2015
c.752T>C,p.Ile251Thr,p.I251T,I251T,251,3.91,34.69,1.00,1.02,1,1,1.87,1,257.635,None,0.996,Pathogenic,,Pathogenic,Uncertain_significance_Last_reviewed_Nov_23_2016
c.753C>G,p.Ile251Met,p.I251M,I251M,251,1.11,17.00,1.00,1,3.67,2.15,1.87,1,279.182,None,0.996,Pathogenic,,Unclassified,Uncertain_significance_Last_reviewed_Nov_6_2019
c.755T>C,p.Leu252Pro,p.L252P,L252P,252,3.94,59.19,9.95,2.24,1,1,1.87,1,9705.444,None,1.000,Pathogenic,,Pathogenic,Uncertain_significance_Last_reviewed_Jul_11_2019
c.754C>T,p.Leu252Phe,p.L252F,L252F,252,1.53,0.85,0.10,7.87,1,1,1.87,1,1.920,None,0.657,Model_not_applied,,VUS,NA
c.754C>G,p.Leu252Val,p.L252V,L252V,252,1.93,0.10,0.03,1,1,1,1.87,1,0.012,None,0.012,Model_not_applied,,Unclassified,NA
c.754C>A,p.Leu252Ile,p.L252I,L252I,252,0.95,0.06,0.04,0.18,1,1,1.87,1,0.001,None,0.001,Benign,,Likely_benign,NA
c.755T>G,p.Leu252Arg,p.L252R,L252R,252,3.94,47.47,0.03,1,1,1,1.87,1,9.454,None,0.904,VUS,,Unclassified,NA
c.755T>A,p.Leu252His,p.L252H,L252H,252,3.95,4.46,0.18,0.18,1,1,1.87,1,1.049,None,0.512,Model_not_applied,,VUS,NA
c.757A>T,p.Thr253Ser,p.T253S,T253S,253,1.23,0.88,0.11,0.73,1,1,1.87,1,0.169,None,0.144,Model_not_applied,,VUS,NA
c.757A>G,p.Thr253Ala,p.T253A,T253A,253,0.37,0.91,2.35,1.02,1.37,1,1.87,1,2.055,None,0.673,Model_not_applied,,VUS,Uncertain_significance_Last_reviewed_Jan_11_2018
c.757A>C,p.Thr253Pro,p.T253P,T253P,253,0.39,15.29,35.97,1.36,1,1,1.87,1,545.029,None,0.998,Pathogenic,,VUS,NA
c.758C>T,p.Thr253Ile,p.T253I,T253I,253,1.57,0.10,1.00,2.79,1,1,1.87,1,0.848,None,0.459,Model_not_applied,,VUS,Uncertain_significance_Last_reviewed_Mar_8_2019
c.758C>G,p.Thr253Ser,p.T253S,T253S,253,1.23,0.88,0.11,0.18,1,1,1.87,1,0.041,None,0.039,Likely_Benign,,VUS,NA
c.758C>A,p.Thr253Asn,p.T253N,T253N,253,1.50,1.16,0.11,0.32,1,1,1.87,1,0.115,None,0.103,VUS,,VUS,Uncertain_significance_Last_reviewed_Feb_26_2017
c.761T>G,p.Ile254Ser,p.I254S,I254S,254,2.84,73.36,33.83,2.24,1,1,1.87,1,29500.781,None,1.000,Pathogenic,,Pathogenic,Uncertain_significance_Last_reviewed_Oct_15_2019
c.760A>T,p.Ile254Phe,p.I254F,I254F,254,1.51,67.57,1.00,1.36,1,1,1.87,1,258.828,None,0.996,Pathogenic,,Pathogenic,NA
c.760A>G,p.Ile254Val,p.I254V,I254V,254,1.84,0.57,0.10,1.02,9.30,1,1.00,0.44,0.422,None,0.297,Model_not_applied,,VUS,Uncertain_significance_Last_reviewed_Jan_7_2020
c.760A>C,p.Ile254Leu,p.I254L,I254L,254,0.95,3.53,0.18,1,1,1,1.87,1,1.106,None,0.525,Model_not_applied,,Unclassified,NA
c.761T>C,p.Ile254Thr,p.I254T,I254T,254,3.91,72.76,8.87,2.44,1,1,1.87,1,11528.080,None,1.000,Pathogenic,,Pathogenic,NA
c.761T>A,p.Ile254Asn,p.I254N,I254N,254,2.54,39.54,140.82,4.91,1,1,1.87,1,129804.853,None,1.000,Pathogenic,,Pathogenic,Pathogenic_Last_reviewed_Mar_5_2019
c.762C>G,p.Ile254Met,p.I254M,I254M,254,1.11,19.05,1.00,0.18,1,1,1.87,1,7.005,None,0.875,Model_not_applied,,VUS,NA
c.763A>T,p.Ile255Phe,p.I255F,I255F,255,1.49,0.39,1.64,92.11,1,1,1.87,1,163.941,None,0.994,Model_not_applied,,Likely_pathogenic,Likely_pathogenic_Last_reviewed_Dec_1_2018
c.763A>G,p.Ile255Val,p.I255V,I255V,255,1.84,0.06,0.07,0.73,1,1,1.87,1,0.012,None,0.012,Model_not_applied,,VUS,NA
c.763A>C,p.Ile255Leu,p.I255L,I255L,255,0.95,0.07,0.07,1,1,1,1.87,1,0.009,None,0.009,Model_not_applied,,Unclassified,NA
c.764T>G,p.Ile255Ser,p.I255S,I255S,255,2.85,52.56,54.44,2.79,1,1,1.87,1,42405.318,None,1.000,Pathogenic,,Pathogenic,Uncertain_significance_Last_reviewed_Jul_3_2019
c.764T>C,p.Ile255Thr,p.I255T,I255T,255,3.91,41.39,7.87,9.06,1,1,1.87,1,21584.067,None,1.000,Pathogenic,,Pathogenic,Uncertain_significance_Last_reviewed_Oct_22_2016
c.764T>A,p.Ile255Asn,p.I255N,I255N,255,2.54,4.19,48.23,3.41,1,1,1.87,1,3269.630,None,1.000,Pathogenic,,Likely_pathogenic,Uncertain_significance_Last_reviewed_Dec_12_2017
c.765C>G,p.Ile255Met,p.I255M,I255M,255,1.11,1.35,0.04,0.32,1,1,1.87,1,0.037,None,0.035,Likely_Benign,,VUS,NA
c.766A>T,p.Thr256Ser,p.T256S,T256S,256,3.04,0.43,1.00,0.18,1,1,1.87,1,0.433,None,0.302,Model_not_applied,,VUS,NA
c.766A>G,p.Thr256Ala,p.T256A,T256A,256,3.06,39.78,0.12,3.41,1,1,1.87,1,91.475,None,0.989,Likely_Pathogenic,,Pathogenic,Conflicting_interpretations_of_pathogenicity_Last_reviewed_Oct_15_2018
c.766A>C,p.Thr256Pro,p.T256P,T256P,256,2.18,53.66,1.21,0.50,1,1,1.87,1,131.558,None,0.992,Model_not_applied,,Likely_pathogenic,Uncertain_significance_Last_reviewed_Jun_12_2018
c.767C>T,p.Thr256Ile,p.T256I,T256I,256,3.91,63.67,0.13,0.73,1,1,1.87,1,42.519,None,0.977,Likely_Pathogenic,,Pathogenic,Uncertain_significance_Last_reviewed_Jan_17_2019
c.767C>G,p.Thr256Arg,p.T256R,T256R,256,3.52,74.55,1.00,1,1,1,1.87,1,490.911,None,0.998,Pathogenic,,Unclassified,NA
c.767C>A,p.Thr256Lys,p.T256K,T256K,256,3.71,74.55,0.35,0.73,1,1,1.87,1,130.913,None,0.992,Pathogenic,,Pathogenic,NA
c.770T>G,p.Leu257Arg,p.L257R,L257R,257,3.93,64.79,33.70,0.50,1,1,1.87,1,7981.883,None,1.000,Model_not_applied,,Pathogenic,Conflicting_interpretations_of_pathogenicity_Last_reviewed_Dec_11_2019
c.770T>A,p.Leu257Gln,p.L257Q,L257Q,257,3.80,75.56,6.38,8.73,1,1,1.87,1,29882.745,None,1.000,Pathogenic,,Pathogenic,Uncertain_significance_Last_reviewed_Sep_3_2016
c.770T>C,p.Leu257Pro,p.L257P,L257P,257,3.94,78.77,40.90,7.86,1,1,1.87,1,186681.135,None,1.000,Pathogenic,,Pathogenic,Uncertain_significance_Last_reviewed_Feb_18_2019
c.769C>G,p.Leu257Val,p.L257V,L257V,257,1.93,32.18,9.46,1.36,1,1,1.87,1,1494.637,None,0.999,Pathogenic,,Likely_pathogenic,Uncertain_significance_Last_reviewed_Nov_20_2019
c.769C>A,p.Leu257Met,p.L257M,L257M,257,1.25,12.29,0.06,1,1,1,1.87,1,1.794,None,0.642,Model_not_applied,,Unclassified,NA
c.773A>C,p.Glu258Ala,p.E258A,E258A,258,3.89,38.73,28.53,1.01,1,1,1.87,1,8140.103,None,1.000,Pathogenic,,Pathogenic,Uncertain_significance_Last_reviewed_Apr_12_2019
c.773A>G,p.Glu258Gly,p.E258G,E258G,258,3.94,43.01,19.58,15.05,1,1,1.87,1,93384.550,None,1.000,Pathogenic,,Pathogenic,Uncertain_significance_Last_reviewed_May_16_2017
c.773A>T,p.Glu258Val,p.E258V,E258V,258,3.58,57.53,5.04,0.73,1,1,1.87,1,1415.172,None,0.999,Pathogenic,,Pathogenic,NA
c.772G>C,p.Glu258Gln,p.E258Q,E258Q,258,1.83,3.53,67.44,9.06,1,1,1.87,1,7364.652,None,1.000,Pathogenic,,Likely_pathogenic,NA
c.772G>A,p.Glu258Lys,p.E258K,E258K,258,3.01,71.91,46.65,372.65,1,1,1.87,1,7035469.966,None,1.000,Pathogenic,,Pathogenic,Pathogenic/Likely_pathogenic_Last_reviewed_May_21_2019
c.774A>T,p.Glu258Asp,p.E258D,E258D,258,2.49,5.59,4.85,1.77,1,1,1.87,1,222.596,None,0.996,Pathogenic,,Likely_pathogenic,NA
c.774A>C,p.Glu258Asp,p.E258D,E258D,258,2.49,5.59,4.85,0.50,1,1,1.87,1,62.815,None,0.984,Model_not_applied,,VUS,NA
c.777C>A,p.Asp259Glu,p.D259E,D259E,259,0.58,0.17,0.07,0.73,1,1,1.87,1,0.010,None,0.010,Model_not_applied,,VUS,NA
c.775G>T,p.Asp259Tyr,p.D259Y,D259Y,259,1.49,1.78,5.95,65.03,1,1,1.87,1,1922.154,None,0.999,Pathogenic,,Pathogenic,Likely_pathogenic_Last_reviewed_Dec_1_2018
c.777C>G,p.Asp259Glu,p.D259E,D259E,259,0.58,0.17,0.07,1,1,1,1.87,1,0.014,None,0.013,Model_not_applied,,Unclassified,NA
c.775G>C,p.Asp259His,p.D259H,D259H,259,0.81,1.22,0.14,0.73,1,1,1.87,1,0.189,None,0.159,Model_not_applied,,VUS,NA
c.775G>A,p.Asp259Asn,p.D259N,D259N,259,0.31,0.06,0.21,13.36,1,1,1.87,1,0.098,None,0.090,Model_not_applied,,VUS,NA
c.776A>T,p.Asp259Val,p.D259V,D259V,259,1.32,3.60,70.52,15.05,3.67,2.15,1.87,1,74447.173,None,1.000,Pathogenic,,Likely_pathogenic,Uncertain_significance_Last_reviewed_May_2_2018
c.776A>G,p.Asp259Gly,p.D259G,D259G,259,1.06,1.24,0.13,0.73,1,1,1.87,1,0.228,None,0.186,Model_not_applied,,VUS,Uncertain_significance_Last_reviewed_Oct_21_2019
c.776A>C,p.Asp259Ala,p.D259A,D259A,259,1.11,1.58,0.31,1,1,1,1.87,1,1.005,None,0.501,Model_not_applied,,Unclassified,NA
c.778T>A,p.Ser260Thr,p.S260T,S260T,260,0.37,0.08,0.05,1,1,1,1.87,1,0.002,None,0.002,Model_not_applied,,Unclassified,NA
c.778T>G,p.Ser260Ala,p.S260A,S260A,260,0.39,0.13,1.00,0.32,1,1,1.87,1,0.029,None,0.029,Likely_Benign,,Likely_benign,NA
c.778T>C,p.Ser260Pro,p.S260P,S260P,260,0.38,0.83,0.26,0.32,1,1,1.87,1,0.048,None,0.046,Likely_Benign,,VUS,NA
c.779C>T,p.Ser260Phe,p.S260F,S260F,260,0.56,1.10,0.20,1.02,1,1,1.87,1,0.242,None,0.195,Model_not_applied,,VUS,NA
c.779C>G,p.Ser260Cys,p.S260C,S260C,260,1.83,0.53,0.24,0.50,1,1,1.87,1,0.218,None,0.179,VUS,,VUS,NA
c.779C>A,p.Ser260Tyr,p.S260Y,S260Y,260,0.63,1.11,0.06,0.32,1,1,1.00,1,0.013,None,0.013,Likely_Benign,,VUS,Uncertain_significance_Last_reviewed_Dec_5_2019
c.781A>T,p.Ser261Cys,p.S261C,S261C,261,0.42,0.03,0.01,0.18,1,1,1.87,1,0.000,Strong,0.000,VUS,"Previously_classified_as_Benign_by_the_model,_changed_to_VUS_due_to_predicted_effects_on_splicing",Likely_benign,NA
c.781A>G,p.Ser261Gly,p.S261G,S261G,261,0.98,0.02,0.14,0.32,1,1,1.87,1,0.002,Strong,0.002,VUS,"Previously_classified_as_Likely_Benign_by_the_model,_changed_to_VUS_due_to_predicted_effects_on_splicing",Likely_benign,NA
c.781A>C,p.Ser261Arg,p.S261R,S261R,261,1.23,0.05,0.07,0.18,1,1,1.87,1,0.001,Strong,0.001,VUS,"Previously_classified_as_Likely_Benign_by_the_model,_changed_to_VUS_due_to_predicted_effects_on_splicing",Likely_benign,NA
c.782G>T,p.Ser261Ile,p.S261I,S261I,261,1.73,0.02,0.07,0.32,1,1,1.87,1,0.002,Strong,0.002,VUS,"Previously_classified_as_Likely_Benign_by_the_model,_changed_to_VUS_due_to_predicted_effects_on_splicing",Likely_benign,NA
c.782G>C,p.Ser261Thr,p.S261T,S261T,261,0.61,0.01,1.00,1,1.37,1,1.87,1,0.022,Strong,0.021,Model_not_applied,Predicted_effects_on_splicing,Unclassified,Uncertain_significance_Last_reviewed_Dec_29_2014
c.782G>A,p.Ser261Asn,p.S261N,S261N,261,0.42,0.01,1.00,0.18,1,1,1.87,1,0.001,Strong,0.001,VUS,"Previously_classified_as_Likely_Benign_by_the_model,_changed_to_VUS_due_to_predicted_effects_on_splicing",Benign,NA
c.783T>G,p.Ser261Arg,p.S261R,S261R,261,1.23,0.05,0.07,0.50,1,1,1.87,1,0.004,None,0.004,Likely_Benign,,Likely_benign,NA
c.783T>A,p.Ser261Arg,p.S261R,S261R,261,1.23,0.05,0.07,0.08,1,1,1.87,1,0.001,None,0.001,Benign,,Likely_benign,NA
c.784G>T,p.Gly262Cys,p.G262C,G262C,262,2.13,67.59,0.06,0.08,1,1,1.87,1,1.371,None,0.578,Model_not_applied,,VUS,NA
c.784G>C,p.Gly262Arg,p.G262R,G262R,262,3.48,50.09,0.33,1,1,1,1.87,1,107.619,None,0.991,Pathogenic,,Unclassified,NA
c.784G>A,p.Gly262Ser,p.G262S,G262S,262,2.94,46.60,0.20,1.36,6.16,1,1.00,1,234.677,Moderate,0.996,Pathogenic,Predicted_effects_on_splicing,Pathogenic,Uncertain_significance_Last_reviewed_Sep_4_2020
c.785G>T,p.Gly262Val,p.G262V,G262V,262,3.87,66.50,4.19,9.06,1,1,1.87,1,18281.359,None,1.000,Pathogenic,,Pathogenic,Uncertain_significance_Last_reviewed_May_1_2019
c.785G>C,p.Gly262Ala,p.G262A,G262A,262,3.13,58.49,1.00,1,1,1,1.87,1,342.806,None,0.997,Pathogenic,,Unclassified,NA
c.785G>A,p.Gly262Asp,p.G262D,G262D,262,3.95,59.44,1.00,1.02,1,1,1.87,1,445.376,None,0.998,Pathogenic,,Pathogenic,NA
c.787A>G,p.Asn263Asp,p.N263D,N263D,263,0.42,0.02,0.12,0.04,1,0.48,0.05,1,0.000,None,0.000,Benign,,Benign,Conflicting_interpretations_of_pathogenicity_Last_reviewed_Aug_26_2020
c.788A>T,p.Asn263Ile,p.N263I,N263I,263,0.41,0.02,0.96,0.31,1,1,1.87,1,0.005,None,0.005,Likely_Benign,,Likely_benign,NA
c.787A>T,p.Asn263Tyr,p.N263Y,N263Y,263,0.60,0.08,1.00,1,1,1,1.87,1,0.086,None,0.079,Model_not_applied,,Unclassified,NA
c.787A>C,p.Asn263His,p.N263H,N263H,263,0.42,0.02,0.04,0.18,1,1,1.87,1,0.000,None,0.000,Benign,,Likely_benign,Uncertain_significance_Last_reviewed_Sep_5_2017
c.788A>G,p.Asn263Ser,p.N263S,N263S,263,0.79,0.00,0.07,1,1,1,1.87,1,0.000,None,0.000,Model_not_applied,,Unclassified,Likely_benign_Last_reviewed_Aug_29_2019
c.788A>C,p.Asn263Thr,p.N263T,N263T,263,0.42,0.02,0.59,1,1,1,1.87,1,0.008,None,0.008,Model_not_applied,,Unclassified,NA
c.789T>G,p.Asn263Lys,p.N263K,N263K,263,0.42,0.00,0.09,1,1,1,1.87,1,0.000,None,0.000,Model_not_applied,,Unclassified,NA
c.789T>A,p.Asn263Lys,p.N263K,N263K,263,0.42,0.00,0.09,1,1,1,1.87,1,0.000,None,0.000,Model_not_applied,,Unclassified,Uncertain_significance_Last_reviewed_Apr_11_2017
c.791T>G,p.Leu264Arg,p.L264R,L264R,264,3.93,3.36,0.98,1.36,1,1,1.87,1,32.677,None,0.970,Likely_Pathogenic,,VUS,NA
c.790C>G,p.Leu264Val,p.L264V,L264V,264,1.93,0.02,0.29,1,1,1,1.87,1,0.016,None,0.016,Model_not_applied,,Unclassified,NA
c.790C>A,p.Leu264Ile,p.L264I,L264I,264,0.95,0.04,0.03,0.50,1,1,1.87,1,0.001,None,0.001,Likely_Benign,,Likely_benign,Uncertain_significance_Last_reviewed_Aug_16_2018
c.791T>C,p.Leu264Pro,p.L264P,L264P,264,3.95,2.80,1.00,1,1,1,1.87,1,20.675,None,0.954,Likely_Pathogenic,,Unclassified,Uncertain_significance_Last_reviewed_Aug_15_2017
c.791T>A,p.Leu264Gln,p.L264Q,L264Q,264,3.81,1.59,1.00,1,1,1,1.87,1,11.291,None,0.919,VUS,,Unclassified,NA
c.794T>C,p.Leu265Pro,p.L265P,L265P,265,3.94,64.88,7.59,18.85,1,1,1.87,1,68429.146,None,1.000,Pathogenic,,Pathogenic,Pathogenic/Likely_pathogenic_Last_reviewed_Mar_5_2018
c.794T>A,p.Leu265Gln,p.L265Q,L265Q,265,3.80,75.63,8.28,0.50,1,1,1.87,1,2208.839,None,1.000,Model_not_applied,,Pathogenic,Conflicting_interpretations_of_pathogenicity_Last_reviewed_Oct_11_2019
c.793C>G,p.Leu265Val,p.L265V,L265V,265,1.93,14.88,0.09,1,1,1,1.87,1,4.840,None,0.829,VUS,,Unclassified,NA
c.793C>A,p.Leu265Met,p.L265M,L265M,265,1.25,29.59,0.07,0.73,1,1,1.87,1,3.300,None,0.767,VUS,,Likely_pathogenic,NA
c.794T>G,p.Leu265Arg,p.L265R,L265R,265,3.94,75.39,70.80,0.73,1,1,1.87,1,28719.577,None,1.000,Pathogenic,,Pathogenic,NA
c.797G>A,p.Gly266Glu,p.G266E,G266E,266,3.94,73.62,17.47,937.19,1,1,1.87,1,8879937.031,None,1.000,Pathogenic,,Pathogenic,Pathogenic/Likely_pathogenic_Last_reviewed_Jul_24_2020
c.796G>C,p.Gly266Arg,p.G266R,G266R,266,3.47,73.25,36.38,11.80,1,1,1.87,1,204131.003,None,1.000,Pathogenic,,Pathogenic,Conflicting_interpretations_of_pathogenicity_Last_reviewed_Jul_2_2019
c.796G>A,p.Gly266Arg,p.G266R,G266R,266,3.47,73.25,36.38,219.64,1,1,1.87,1,3797936.636,None,1.000,Pathogenic,,Pathogenic,Conflicting_interpretations_of_pathogenicity_Last_reviewed_Aug_19_2019
c.797G>T,p.Gly266Val,p.G266V,G266V,266,3.86,73.62,1.19,281.25,1,1,1.87,1,178066.236,None,1.000,Pathogenic,,Pathogenic,Uncertain_significance_Last_reviewed_Aug_13_2015
c.797G>C,p.Gly266Ala,p.G266A,G266A,266,3.13,60.01,1.00,0.18,1,1,1.87,1,62.167,None,0.984,Model_not_applied,,Likely_pathogenic,NA
c.800G>C,p.Arg267Pro,p.R267P,R267P,267,3.92,66.47,63.36,13.36,1,1,1.87,1,412784.819,None,1.000,Pathogenic,,Pathogenic,Conflicting_interpretations_of_pathogenicity_Last_reviewed_Jul_15_2019
c.799C>T,p.Arg267Trp,p.R267W,R267W,267,3.93,38.52,1.00,29.95,1,1,1.87,1,8482.662,None,1.000,Pathogenic,,Pathogenic,Pathogenic/Likely_pathogenic_Last_reviewed_Feb_28_2020
c.799C>G,p.Arg267Gly,p.R267G,R267G,267,3.48,34.70,72.17,0.32,1,1,1.87,1,5132.958,None,1.000,Model_not_applied,,Likely_pathogenic,NA
c.800G>T,p.Arg267Leu,p.R267L,R267L,267,3.94,51.71,0.07,0.18,1,1,1.87,1,4.740,None,0.826,Model_not_applied,,Likely_pathogenic,Uncertain_significance_Last_reviewed_Jan_21_2019
c.800G>A,p.Arg267Gln,p.R267Q,R267Q,267,2.41,68.87,0.40,1.29,21.48,2.15,1.00,1,3996.583,None,1.000,Pathogenic,,Pathogenic,Uncertain_significance_Last_reviewed_Aug_11_2020
c.802A>T,p.Asn268Tyr,p.N268Y,N268Y,268,1.35,0.07,1.00,1,1,1,1.87,1,0.172,None,0.147,Model_not_applied,,Unclassified,Uncertain_significance_Last_reviewed_May_31_2019
c.802A>G,p.Asn268Asp,p.N268D,N268D,268,0.30,0.00,0.28,1,1,1,1.87,1,0.001,None,0.001,Model_not_applied,,Unclassified,NA
c.802A>C,p.Asn268His,p.N268H,N268H,268,0.35,0.02,1.00,0.32,1,1,1.87,1,0.004,None,0.004,Likely_Benign,,Likely_benign,NA
c.803A>T,p.Asn268Ile,p.N268I,N268I,268,1.45,0.15,3.28,0.18,1,1,1.87,1,0.229,None,0.186,VUS,,Likely_benign,NA
c.803A>G,p.Asn268Ser,p.N268S,N268S,268,0.69,0.01,0.06,2.24,1,1,1.87,1,0.002,None,0.002,Model_not_applied,,Likely_benign,NA
c.803A>C,p.Asn268Thr,p.N268T,N268T,268,0.69,0.03,2.05,1,1,1,1.87,1,0.086,None,0.079,Model_not_applied,,Unclassified,NA
c.804C>G,p.Asn268Lys,p.N268K,N268K,268,0.56,0.02,0.09,1,1,1,1.87,1,0.002,None,0.002,Model_not_applied,,Unclassified,NA
c.804C>A,p.Asn268Lys,p.N268K,N268K,268,0.56,0.02,0.09,1,1,1,1.87,1,0.002,None,0.002,Model_not_applied,,Unclassified,NA
c.805A>T,p.Ser269Cys,p.S269C,S269C,269,0.29,0.05,0.04,0.73,1,1,1.87,1,0.001,None,0.001,Model_not_applied,,Likely_benign,NA
c.805A>G,p.Ser269Gly,p.S269G,S269G,269,1.06,0.26,0.34,0.32,1,1,1.87,1,0.054,None,0.052,VUS,,VUS,NA
c.805A>C,p.Ser269Arg,p.S269R,S269R,269,1.41,1.39,0.08,0.18,1,1,1.87,1,0.051,None,0.049,Likely_Benign,,VUS,Uncertain_significance_Last_reviewed_Nov_9_2018
c.806G>T,p.Ser269Ile,p.S269I,S269I,269,1.36,0.85,1.00,1,1,1,1.87,1,2.159,None,0.683,VUS,,Unclassified,NA
c.806G>C,p.Ser269Thr,p.S269T,S269T,269,0.96,0.09,1.00,0.18,1,1,1.87,1,0.030,None,0.029,Likely_Benign,,Likely_benign,NA
c.806G>A,p.Ser269Asn,p.S269N,S269N,269,0.81,0.06,1.00,4.11,1,1,1.87,1,0.405,None,0.288,Model_not_applied,,VUS,NA
c.807C>G,p.Ser269Arg,p.S269R,S269R,269,1.41,1.39,0.08,1,1,1,1.87,1,0.290,None,0.225,Model_not_applied,,Unclassified,NA
c.807C>A,p.Ser269Arg,p.S269R,S269R,269,1.41,1.39,0.08,0.08,1,1,1.87,1,0.023,None,0.022,Likely_Benign,,VUS,NA
c.809T>G,p.Phe270Cys,p.F270C,F270C,270,0.57,47.83,37.40,28.28,1,1,1.87,1,54160.826,None,1.000,Pathogenic,,Pathogenic,Likely_pathogenic_Last_reviewed_May_31_2016
c.808T>A,p.Phe270Ile,p.F270I,F270I,270,1.49,25.89,39.50,5.79,1,1,1.87,1,16543.267,None,1.000,Pathogenic,,Pathogenic,Likely_pathogenic_Last_reviewed_Dec_1_2018
c.809T>C,p.Phe270Ser,p.F270S,F270S,270,2.28,59.23,19.55,11.80,1,1,1.87,1,58187.441,None,1.000,Pathogenic,,Pathogenic,Pathogenic/Likely_pathogenic_Last_reviewed_Sep_24_2018
c.808T>G,p.Phe270Val,p.F270V,F270V,270,2.72,28.86,7.48,2.24,1,1,1.87,1,2457.943,None,1.000,Pathogenic,,Pathogenic,Uncertain_significance_Last_reviewed_Oct_2_2018
c.808T>C,p.Phe270Leu,p.F270L,F270L,270,1.53,4.74,34.27,13.36,1,1,1.87,1,6200.980,None,1.000,Pathogenic,,Likely_pathogenic,Likely_pathogenic_Last_reviewed_Dec_1_2018
c.809T>A,p.Phe270Tyr,p.F270Y,F270Y,270,1.52,18.92,1.00,1.36,1,1,1.87,1,73.087,None,0.987,Likely_Pathogenic,,Likely_pathogenic,NA
c.810T>G,p.Phe270Leu,p.F270L,F270L,270,1.53,4.74,34.27,0.73,1,1,1.87,1,338.775,None,0.997,Pathogenic,,VUS,Likely_pathogenic_Last_reviewed_May_31_2016
c.810T>A,p.Phe270Leu,p.F270L,F270L,270,1.53,4.74,34.27,1.77,1,1,1.87,1,819.119,None,0.999,Pathogenic,,VUS,NA
c.811G>C,p.Glu271Gln,p.E271Q,E271Q,271,1.83,29.85,1.00,1.02,1,1,1.87,1,103.536,None,0.990,Pathogenic,,Likely_pathogenic,NA
c.811G>A,p.Glu271Lys,p.E271K,E271K,271,3.01,63.70,51.56,70.03,1,1,1.87,1,1294345.973,None,1.000,Pathogenic,,Pathogenic,Uncertain_significance_Last_reviewed_Apr_5_2019
c.812A>T,p.Glu271Val,p.E271V,E271V,271,3.59,71.82,6.55,2.24,1,1,1.87,1,7080.032,None,1.000,Pathogenic,,Pathogenic,NA
c.812A>G,p.Glu271Gly,p.E271G,E271G,271,3.95,50.98,1.00,0.73,1,1,1.87,1,275.212,None,0.996,Pathogenic,,Pathogenic,NA
c.812A>C,p.Glu271Ala,p.E271A,E271A,271,3.90,56.27,1.00,0.18,1,1,1.87,1,72.495,None,0.986,Model_not_applied,,Likely_pathogenic,NA
c.813G>T,p.Glu271Asp,p.E271D,E271D,271,2.49,3.27,1.00,0.08,1,1,1.87,1,1.201,None,0.546,Model_not_applied,,VUS,Uncertain_significance_Last_reviewed_Jan_7_2019
c.813G>C,p.Glu271Asp,p.E271D,E271D,271,2.49,3.27,1.00,0.73,1,1,1.87,1,11.115,None,0.917,VUS,,VUS,NA
c.815T>A,p.Val272Glu,p.V272E,V272E,272,3.58,15.28,28.37,4.11,1,1,1.87,1,11954.185,None,1.000,Pathogenic,,Pathogenic,Uncertain_significance_Last_reviewed_Sep_19_2019
c.815T>G,p.Val272Gly,p.V272G,V272G,272,3.86,1.58,45.54,1.36,1,1,1.87,1,704.115,None,0.999,Pathogenic,,VUS,Uncertain_significance_Last_reviewed_Aug_3_2015
c.814G>A,p.Val272Met,p.V272M,V272M,272,1.50,23.97,33.82,1172.11,1.85,1,1.00,1,2641352.308,None,1.000,Pathogenic,,Pathogenic,Conflicting_interpretations_of_pathogenicity_Last_reviewed_Sep_23_2020
c.814G>T,p.Val272Leu,p.V272L,V272L,272,1.93,11.61,8.03,92.29,1,1,1.87,1,31088.415,None,1.000,Pathogenic,,Pathogenic,Conflicting_interpretations_of_pathogenicity_Last_reviewed_May_8_2020
c.814G>C,p.Val272Leu,p.V272L,V272L,272,1.93,11.61,8.17,2.79,1,1,1.87,1,954.509,None,0.999,Pathogenic,,Likely_pathogenic,Uncertain_significance_Last_reviewed_Aug_21_2018
c.815T>C,p.Val272Ala,p.V272A,V272A,272,3.30,0.82,1.00,1.57,1,1,1.87,1,7.971,None,0.889,VUS,,VUS,Uncertain_significance_Last_reviewed_Nov_4_2019
c.818G>A,p.Arg273His,p.R273H,R273H,273,1.80,31.90,82.04,3237.15,1,1,1.00,1,15209873.220,None,1.000,Pathogenic,,Pathogenic,Pathogenic_Last_reviewed_Aug_28_2019
c.818G>C,p.Arg273Pro,p.R273P,R273P,273,3.92,69.12,55.98,69.93,1,1,1.87,1,1984880.807,None,1.000,Pathogenic,,Pathogenic,Pathogenic_Last_reviewed_Sep_3_2020
c.817C>A,p.Arg273Ser,p.R273S,R273S,273,3.85,50.31,26.37,5.12,1,1,1.87,1,48964.482,None,1.000,Pathogenic,,Pathogenic,Pathogenic/Likely_pathogenic_Last_reviewed_Dec_23_2019
c.817C>G,p.Arg273Gly,p.R273G,R273G,273,3.47,46.41,137.60,11.81,1,1,1.87,1,489317.955,None,1.000,Pathogenic,,Pathogenic,Pathogenic_Last_reviewed_Feb_23_2019
c.817C>T,p.Arg273Cys,p.R273C,R273C,273,1.28,43.73,12.37,13261.06,1,1,1.00,1,9211082.906,None,1.000,Pathogenic,,Pathogenic,Pathogenic/Likely_pathogenic_Last_reviewed_Dec_2_2019
c.818G>T,p.Arg273Leu,p.R273L,R273L,273,3.94,67.25,10.69,5238.82,1,1,1.87,1,27762612.080,None,1.000,Pathogenic,,Pathogenic,Pathogenic_Last_reviewed_Dec_23_2019
c.821T>C,p.Val274Ala,p.V274A,V274A,274,3.29,2.75,15.80,15.05,1,1,1.87,1,4021.860,None,1.000,Pathogenic,,Pathogenic,Uncertain_significance_Last_reviewed_Mar_21_2019
c.821T>A,p.Val274Asp,p.V274D,V274D,274,2.40,61.76,126.69,2.78,1,1,1.87,1,97734.619,None,1.000,Pathogenic,,Pathogenic,Uncertain_significance_Last_reviewed_Oct_14_2019
c.820G>T,p.Val274Phe,p.V274F,V274F,274,2.71,2.92,16.30,51.77,1,1,1.87,1,12470.413,None,1.000,Pathogenic,,Pathogenic,Pathogenic/Likely_pathogenic_Last_reviewed_Apr_30_2019
c.821T>G,p.Val274Gly,p.V274G,V274G,274,3.86,13.86,27.23,2.78,1,1,1.87,1,7580.474,None,1.000,Pathogenic,,Pathogenic,Conflicting_interpretations_of_pathogenicity_Last_reviewed_Nov_25_2019
c.820G>C,p.Val274Leu,p.V274L,V274L,274,1.92,0.17,113.39,7.87,1,1,1.87,1,544.858,None,0.998,Pathogenic,,VUS,Uncertain_significance_Last_reviewed_Apr_24_2018
c.820G>A,p.Val274Ile,p.V274I,V274I,274,1.84,0.01,0.04,1.77,1,1,1.87,1,0.003,None,0.003,Model_not_applied,,Likely_benign,NA
c.824G>T,p.Cys275Phe,p.C275F,C275F,275,0.57,74.77,14.39,101.29,1,1,1.87,1,116691.581,None,1.000,Pathogenic,,Pathogenic,Likely_pathogenic_Last_reviewed_Dec_1_2018
c.823T>G,p.Cys275Gly,p.C275G,C275G,275,2.13,78.72,132.32,1.76,1,1,1.87,1,73098.804,None,1.000,Pathogenic,,Pathogenic,NA
c.823T>C,p.Cys275Arg,p.C275R,C275R,275,1.27,78.72,71.60,7.86,1,1,1.87,1,105656.572,None,1.000,Pathogenic,,Pathogenic,Likely_pathogenic_Last_reviewed_Apr_3_2020
c.825T>G,p.Cys275Trp,p.C275W,C275W,275,0.39,44.18,142.02,2.78,1,1,1.87,1,12741.451,None,1.000,Pathogenic,,Likely_pathogenic,Likely_pathogenic_Last_reviewed_Jan_9_2017
c.824G>A,p.Cys275Tyr,p.C275Y,C275Y,275,0.83,74.77,81.03,759.37,1,1,1.87,1,7134898.368,None,1.000,Pathogenic,,Pathogenic,Pathogenic/Likely_pathogenic_Last_reviewed_Sep_11_2020
c.823T>A,p.Cys275Ser,p.C275S,C275S,275,3.82,74.52,0.70,0.08,1,1,1.87,1,29.445,None,0.967,Model_not_applied,,Likely_pathogenic,Uncertain_significance_Last_reviewed_Sep_9_2019
c.824G>C,p.Cys275Ser,p.C275S,C275S,275,3.82,74.52,0.70,0.18,1,1,1.87,1,65.975,None,0.985,Model_not_applied,,Likely_pathogenic,Conflicting_interpretations_of_pathogenicity_Last_reviewed_Apr_3_2020
c.827C>A,p.Ala276Asp,p.A276D,A276D,276,3.45,72.58,2.05,5.79,1,1,1.87,1,5565.184,None,1.000,Pathogenic,,Pathogenic,Likely_pathogenic_Last_reviewed_Feb_5_2016
c.826G>C,p.Ala276Pro,p.A276P,A276P,276,1.71,50.96,172.05,11.80,1,1,1.87,1,331929.086,None,1.000,Pathogenic,,Pathogenic,Conflicting_interpretations_of_pathogenicity_Last_reviewed_Jul_29_2020
c.826G>T,p.Ala276Ser,p.A276S,A276S,276,3.95,3.44,0.19,15.05,1,1,1.87,1,73.007,None,0.986,Likely_Pathogenic,,Pathogenic,NA
c.826G>A,p.Ala276Thr,p.A276T,A276T,276,3.06,16.18,0.04,4.91,1,1,1.87,1,17.986,None,0.947,VUS,,Pathogenic,Uncertain_significance_Last_reviewed_Apr_26_2019
c.827C>T,p.Ala276Val,p.A276V,A276V,276,3.30,32.49,0.10,4.91,1,1,1.87,1,93.532,None,0.989,Likely_Pathogenic,,Pathogenic,NA
c.827C>G,p.Ala276Gly,p.A276G,A276G,276,3.13,8.34,17.59,1.36,1,1,1.87,1,1168.473,None,0.999,Pathogenic,,Likely_pathogenic,Pathogenic_Last_reviewed_Jun_3_2015
c.829T>C,p.Cys277Arg,p.C277R,C277R,277,1.27,77.68,0.17,0.17,1,1,1.87,1,5.273,None,0.841,Model_not_applied,,VUS,Conflicting_interpretations_of_pathogenicity_Last_reviewed_Jan_11_2019
c.831T>G,p.Cys277Trp,p.C277W,C277W,277,0.39,14.29,0.47,1.01,1,1,1.87,1,4.930,None,0.831,VUS,,VUS,NA
c.830G>A,p.Cys277Tyr,p.C277Y,C277Y,277,0.83,56.69,7.03,24.56,1,1,1.87,1,15182.383,None,1.000,Pathogenic,,Pathogenic,Conflicting_interpretations_of_pathogenicity_Last_reviewed_Mar_11_2020
c.829T>G,p.Cys277Gly,p.C277G,C277G,277,2.13,6.67,33.71,1.77,1,1,1.87,1,1582.999,None,0.999,Pathogenic,,Likely_pathogenic,NA
c.829T>A,p.Cys277Ser,p.C277S,C277S,277,3.82,53.95,1.06,1,1,1,1.87,1,410.196,None,0.998,Pathogenic,,Unclassified,NA
c.830G>T,p.Cys277Phe,p.C277F,C277F,277,0.59,55.98,5.92,188.50,1,1,1.87,1,68474.518,None,1.000,Pathogenic,,Pathogenic,Uncertain_significance_Last_reviewed_Jul_17_2017
c.830G>C,p.Cys277Ser,p.C277S,C277S,277,3.82,53.95,1.06,0.18,1,1,1.87,1,72.508,None,0.986,Model_not_applied,,Likely_pathogenic,Uncertain_significance_Last_reviewed_Aug_13_2018
c.833C>A,p.Pro278His,p.P278H,P278H,278,3.66,81.44,8.10,6.78,1,1,1.87,1,30562.869,None,1.000,Pathogenic,,Pathogenic,Uncertain_significance_Last_reviewed_May_11_2019
c.833C>T,p.Pro278Leu,p.P278L,P278L,278,3.94,61.79,81.51,233.56,1,1,1.87,1,8667798.239,None,1.000,Pathogenic,,Pathogenic,Conflicting_interpretations_of_pathogenicity_Last_reviewed_Aug_27_2019
c.833C>G,p.Pro278Arg,p.P278R,P278R,278,3.92,81.44,107.71,104.86,1,1,1.87,1,6747640.688,None,1.000,Pathogenic,,Pathogenic,Uncertain_significance_Last_reviewed_Nov_5_2018
c.832C>T,p.Pro278Ser,p.P278S,P278S,278,3.59,74.81,93.30,1002.66,1,1,1.87,1,46914732.349,None,1.000,Pathogenic,,Pathogenic,Conflicting_interpretations_of_pathogenicity_Last_reviewed_Jan_8_2020
c.832C>A,p.Pro278Thr,p.P278T,P278T,278,2.17,70.00,8.52,51.77,1,1,1.87,1,125156.601,None,1.000,Pathogenic,,Pathogenic,Likely_pathogenic_drug_response_Last_reviewed_Dec_1_2018
c.832C>G,p.Pro278Ala,p.P278A,P278A,278,1.73,51.17,259.70,13.85,1,1,1.87,1,594692.217,None,1.000,Pathogenic,,Pathogenic,Conflicting_interpretations_of_pathogenicity_Last_reviewed_Nov_18_2019
c.836G>A,p.Gly279Glu,p.G279E,G279E,279,3.94,122.03,22.22,8.12,1,1,1.87,1,162203.551,None,1.000,Pathogenic,,Pathogenic,Pathogenic/Likely_pathogenic_Last_reviewed_Feb_21_2020
c.835G>C,p.Gly279Arg,p.G279R,G279R,279,3.47,3.72,0.13,0.18,1,1,1.87,1,0.563,None,0.360,Model_not_applied,,VUS,NA
c.835G>A,p.Gly279Arg,p.G279R,G279R,279,3.47,3.72,0.13,1.76,1,1,1.87,1,5.636,None,0.849,VUS,,Likely_pathogenic,Uncertain_significance_Last_reviewed_Mar_31_2019
c.835G>T,p.Gly279Trp,p.G279W,G279W,279,1.14,10.75,0.37,0.73,1,1,1.87,1,6.125,None,0.860,VUS,,VUS,NA
c.836G>T,p.Gly279Val,p.G279V,G279V,279,3.87,19.37,0.06,0.73,1,1,1.87,1,5.722,None,0.851,VUS,,Likely_pathogenic,NA
c.836G>C,p.Gly279Ala,p.G279A,G279A,279,3.13,2.59,0.02,1,1,1,1.87,1,0.369,None,0.269,Model_not_applied,,Unclassified,NA
c.839G>T,p.Arg280Ile,p.R280I,R280I,280,3.94,71.83,16.12,25.68,1,1,1.87,1,219065.850,None,1.000,Pathogenic,,Pathogenic,Uncertain_significance_Last_reviewed_Oct_3_2017
c.839G>A,p.Arg280Lys,p.R280K,R280K,280,1.68,68.05,133.34,540.24,1,1,1.87,1,15397394.184,None,1.000,Pathogenic,,Pathogenic,Conflicting_interpretations_of_pathogenicity_Last_reviewed_Mar_16_2020
c.839G>C,p.Arg280Thr,p.R280T,R280T,280,3.59,71.51,222.27,1526.47,1,1,1.87,1,162654619.958,None,1.000,Pathogenic,,Pathogenic,Uncertain_significance_Last_reviewed_Dec_12_2019
c.840A>T,p.Arg280Ser,p.R280S,R280S,280,3.85,29.66,31.44,20.97,1,1,1.87,1,140823.962,None,1.000,Pathogenic,,Pathogenic,Pathogenic
c.840A>C,p.Arg280Ser,p.R280S,R280S,280,3.85,29.66,31.44,1.02,1,1,1.87,1,6819.621,None,1.000,Pathogenic,,Pathogenic,Likely_pathogenic_Last_reviewed_Dec_1_2018
c.838A>G,p.Arg280Gly,p.R280G,R280G,280,3.48,36.29,35.61,119.10,1,1,1.87,1,1001185.377,None,1.000,Pathogenic,,Pathogenic,Conflicting_interpretations_of_pathogenicity_Last_reviewed_Dec_27_2019
c.842A>C,p.Asp281Ala,p.D281A,D281A,281,3.45,75.23,265.40,1.01,1,1,1.87,1,130614.159,None,1.000,Pathogenic,,Pathogenic,Likely_pathogenic_Last_reviewed_May_31_2016
c.843C>G,p.Asp281Glu,p.D281E,D281E,281,2.48,40.32,2.97,28.28,1,1,1.87,1,15718.136,None,1.000,Pathogenic,,Pathogenic,Uncertain_significance_Last_reviewed_Jan_3_2018
c.843C>A,p.Asp281Glu,p.D281E,D281E,281,2.48,40.32,3.09,24.56,1,1,1.87,1,14186.507,None,1.000,Pathogenic,,Pathogenic,Uncertain_significance_Last_reviewed_Dec_9_2019
c.842A>G,p.Asp281Gly,p.D281G,D281G,281,3.93,75.16,16.58,10.37,1,1,1.87,1,95066.383,None,1.000,Pathogenic,,Pathogenic,Pathogenic_Last_reviewed_Nov_4_2019
c.841G>C,p.Asp281His,p.D281H,D281H,281,3.77,55.33,356.84,98.34,1,1,1.87,1,13695452.830,None,1.000,Pathogenic,,Pathogenic,Likely_pathogenic_Last_reviewed_Oct_30_2020
c.842A>T,p.Asp281Val,p.D281V,D281V,281,2.40,75.23,115.48,0.73,1,1,1.87,1,28369.217,None,1.000,Pathogenic,,Pathogenic,Pathogenic/Likely_pathogenic_Last_reviewed_Mar_18_2019
c.841G>T,p.Asp281Tyr,p.D281Y,D281Y,281,2.05,74.32,26.18,2.44,1,1,1.87,1,18210.281,None,1.000,Pathogenic,,Pathogenic,Pathogenic_Last_reviewed_Aug_8_2019
c.841G>A,p.Asp281Asn,p.D281N,D281N,281,1.57,0.62,152.65,20.15,1,1,1.00,1,2987.626,None,1.000,Pathogenic,,Likely_pathogenic,Pathogenic_Last_reviewed_Aug_26_2019
c.844C>G,p.Arg282Gly,p.R282G,R282G,282,3.47,19.56,34.15,150.68,1,1,1.87,1,653187.705,None,1.000,Pathogenic,,Pathogenic,Pathogenic_Last_reviewed_Mar_1_2019
c.845G>C,p.Arg282Pro,p.R282P,R282P,282,3.92,45.44,338.85,16.88,1,1,1.87,1,1905907.216,None,1.000,Pathogenic,,Pathogenic,Pathogenic/Likely_pathogenic_Last_reviewed_Oct_29_2019
c.844C>T,p.Arg282Trp,p.R282W,R282W,282,3.94,38.15,6.49,7200.31,1,1,1.00,1,7030577.356,None,1.000,Pathogenic,,Pathogenic,Pathogenic/Likely_pathogenic_Last_reviewed_Jan_1_2020
c.845G>T,p.Arg282Leu,p.R282L,R282L,282,3.94,4.85,0.05,1.77,1,1,1.87,1,2.956,None,0.747,Model_not_applied,,Likely_pathogenic,Uncertain_significance_Last_reviewed_Dec_20_2019
c.845G>A,p.Arg282Gln,p.R282Q,R282Q,282,2.41,18.37,1.00,29.60,6.97,1,1.00,1,9128.119,None,1.000,Pathogenic,,Pathogenic,Conflicting_interpretations_of_pathogenicity_Last_reviewed_Sep_29_2020
c.848G>C,p.Arg283Pro,p.R283P,R283P,283,2.58,1.78,76.45,60.38,1.85,2.09,1.87,1,153218.878,None,1.000,Pathogenic,,Pathogenic,Uncertain_significance_Last_reviewed_Aug_12_2016
c.847C>T,p.Arg283Cys,p.R283C,R283C,283,0.89,3.47,0.08,0.96,1.00,0.82,0.92,0.66,0.113,None,0.102,VUS,,VUS,Uncertain_significance_Last_reviewed_Sep_16_2019
c.847C>G,p.Arg283Gly,p.R283G,R283G,283,2.38,1.40,0.06,0.73,1,1,1.87,1,0.256,None,0.204,Model_not_applied,,VUS,Uncertain_significance_Last_reviewed_Apr_19_2018
c.847C>A,p.Arg283Ser,p.R283S,R283S,283,2.57,0.57,0.19,0.08,1,1,1.00,1,0.022,None,0.021,Likely_Benign,,VUS,NA
c.848G>T,p.Arg283Leu,p.R283L,R283L,283,2.59,0.55,0.11,1.77,1,1,1.87,1,0.535,None,0.349,Model_not_applied,,VUS,NA
c.848G>A,p.Arg283His,p.R283H,R283H,283,1.04,2.47,0.26,2.16,1,1,1.00,1,1.439,None,0.590,Model_not_applied,,VUS,Conflicting_interpretations_of_pathogenicity_Last_reviewed_Jun_15_2020
c.850A>C,p.Thr284Pro,p.T284P,T284P,284,0.73,0.65,407.67,4.11,1,1,1.87,1,1495.109,None,0.999,Pathogenic,,VUS,NA
c.850A>T,p.Thr284Ser,p.T284S,T284S,284,0.37,0.10,0.01,1,1,1,1.87,1,0.001,None,0.001,Model_not_applied,,Unclassified,Uncertain_significance_Last_reviewed_Dec_26_2019
c.850A>G,p.Thr284Ala,p.T284A,T284A,284,1.23,0.04,0.04,0.32,1,1,1.87,1,0.001,None,0.001,Likely_Benign,,Likely_benign,Uncertain_significance_Last_reviewed_Nov_4_2019
c.851C>T,p.Thr284Ile,p.T284I,T284I,284,1.78,0.72,0.05,0.18,0.39,1,1.87,1,0.008,None,0.008,Likely_Benign,,VUS,Uncertain_significance_Last_reviewed_Sep_26_2019
c.851C>G,p.Thr284Arg,p.T284R,T284R,284,1.55,0.71,0.06,1,1,1,1.87,1,0.117,None,0.105,Model_not_applied,,Unclassified,NA
c.851C>A,p.Thr284Lys,p.T284K,T284K,284,1.63,0.56,0.15,0.18,1,1,1.87,1,0.045,None,0.043,Likely_Benign,,VUS,NA
c.853G>A,p.Glu285Lys,p.E285K,E285K,285,3.00,12.59,101.25,4424.32,1,1,1.87,1,31655925.618,None,1.000,Pathogenic,,Pathogenic,Pathogenic/Likely_pathogenic_Last_reviewed_Sep_24_2019
c.853G>C,p.Glu285Gln,p.E285Q,E285Q,285,1.83,4.72,0.02,1.77,1,1,1.87,1,0.509,None,0.337,Model_not_applied,,VUS,Uncertain_significance_Last_reviewed_Jul_9_2019
c.854A>T,p.Glu285Val,p.E285V,E285V,285,3.59,14.01,38.51,8.74,1,1,1.87,1,31696.983,None,1.000,Pathogenic,,Pathogenic,Pathogenic_Last_reviewed_Jan_5_2019
c.854A>G,p.Glu285Gly,p.E285G,E285G,285,3.95,1.98,1.00,0.73,1,1,1.87,1,10.704,None,0.915,VUS,,VUS,Uncertain_significance_Last_reviewed_Mar_23_2020
c.854A>C,p.Glu285Ala,p.E285A,E285A,285,3.90,1.52,0.03,1,1,1,1.87,1,0.290,None,0.225,Model_not_applied,,Unclassified,NA
c.855G>T,p.Glu285Asp,p.E285D,E285D,285,2.49,0.04,1.00,0.08,1,1,1.87,1,0.013,None,0.013,Likely_Benign,,Likely_benign,NA
c.855G>C,p.Glu285Asp,p.E285D,E285D,285,2.49,0.04,1.00,0.08,1,1,1.87,1,0.013,None,0.013,Likely_Benign,,Likely_benign,NA
c.857A>C,p.Glu286Ala,p.E286A,E286A,286,3.89,34.79,506.52,0.17,1,1,1.87,1,21819.217,None,1.000,Model_not_applied,,Likely_pathogenic,Likely_pathogenic_Last_reviewed_May_31_2016
c.858A>T,p.Glu286Asp,p.E286D,E286D,286,2.48,0.67,5.82,0.31,1,1,1.87,1,5.662,None,0.850,Model_not_applied,,VUS,NA
c.858A>C,p.Glu286Asp,p.E286D,E286D,286,2.48,0.67,5.82,0.07,1,1,1.87,1,1.341,None,0.573,Model_not_applied,,VUS,NA
c.857A>G,p.Glu286Gly,p.E286G,E286G,286,3.94,5.83,129.75,15.05,1,1,1.87,1,83854.522,None,1.000,Pathogenic,,Pathogenic,Uncertain_significance_Last_reviewed_Feb_28_2017
c.856G>C,p.Glu286Gln,p.E286Q,E286Q,286,1.81,1.67,213.65,7.87,1,1,1.87,1,9518.670,None,1.000,Pathogenic,,Likely_pathogenic,Uncertain_significance_Last_reviewed_Dec_27_2019
c.857A>T,p.Glu286Val,p.E286V,E286V,286,3.58,7.97,74.68,1.36,1,1,1.87,1,5419.027,None,1.000,Pathogenic,,Likely_pathogenic,Likely_pathogenic_Last_reviewed_May_31_2016
c.856G>A,p.Glu286Lys,p.E286K,E286K,286,3.01,56.38,70.61,451.01,1,1,1.87,1,10103466.247,None,1.000,Pathogenic,,Pathogenic,Pathogenic_Last_reviewed_Jan_14_2020
c.859G>C,p.Glu287Gln,p.E287Q,E287Q,287,0.34,0.16,0.01,1,1,1,1.87,1,0.001,None,0.001,Model_not_applied,,Unclassified,NA
c.859G>A,p.Glu287Lys,p.E287K,E287K,287,1.10,0.14,0.11,9.06,1,1,1.00,1,0.162,None,0.140,Model_not_applied,,VUS,Uncertain_significance_Last_reviewed_Aug_21_2019
c.860A>T,p.Glu287Val,p.E287V,E287V,287,1.44,0.30,1.00,0.18,1,1,1.87,1,0.141,None,0.124,VUS,,VUS,NA
c.860A>G,p.Glu287Gly,p.E287G,E287G,287,0.73,0.21,0.02,0.32,1,1,1.87,1,0.002,None,0.002,Likely_Benign,,Likely_benign,NA
c.860A>C,p.Glu287Ala,p.E287A,E287A,287,1.26,0.18,0.01,1,1,1,1.87,1,0.005,None,0.004,Model_not_applied,,Unclassified,NA
c.861G>T,p.Glu287Asp,p.E287D,E287D,287,0.31,0.02,0.05,0.08,1,1,1.87,1,0.000,None,0.000,Benign,,Benign,Uncertain_significance_Last_reviewed_May_30_2019
c.861G>C,p.Glu287Asp,p.E287D,E287D,287,0.31,0.02,0.05,0.73,1.85,1,1.00,1,0.000,None,0.000,Model_not_applied,,Likely_benign,Uncertain_significance_Last_reviewed_Sep_6_2019
c.862A>T,p.Asn288Tyr,p.N288Y,N288Y,288,2.83,0.32,0.06,1.02,1,1,1.87,1,0.102,None,0.092,Model_not_applied,,VUS,NA
c.862A>G,p.Asn288Asp,p.N288D,N288D,288,1.57,0.04,0.20,1,1,1,1.87,1,0.022,None,0.021,Model_not_applied,,Unclassified,NA
c.862A>C,p.Asn288His,p.N288H,N288H,288,3.44,0.09,0.12,1,1,1,1.87,1,0.065,None,0.061,Model_not_applied,,Unclassified,NA
c.863A>T,p.Asn288Ile,p.N288I,N288I,288,2.54,0.27,0.10,1,1,1,1.87,1,0.127,None,0.113,Model_not_applied,,Unclassified,NA
c.863A>G,p.Asn288Ser,p.N288S,N288S,288,2.56,0.03,0.07,1.77,1,1,1.87,1,0.016,None,0.016,Model_not_applied,,VUS,NA
c.863A>C,p.Asn288Thr,p.N288T,N288T,288,3.31,0.12,0.02,0.18,1,1,1.87,1,0.003,None,0.003,Likely_Benign,,VUS,NA
c.864T>G,p.Asn288Lys,p.N288K,N288K,288,3.95,0.19,0.03,1,1,1,1.87,1,0.043,None,0.041,Model_not_applied,,Unclassified,NA
c.864T>A,p.Asn288Lys,p.N288K,N288K,288,3.95,0.19,0.03,0.18,1,1,1.87,1,0.008,None,0.008,Likely_Benign,,VUS,NA
c.865C>T,p.Leu289Phe,p.L289F,L289F,289,0.36,0.01,0.09,4.11,1,1,1.87,1,0.001,None,0.001,Model_not_applied,,Likely_benign,Likely_benign_Last_reviewed_Jan_31_2019
c.865C>G,p.Leu289Val,p.L289V,L289V,289,0.36,0.03,0.08,0.32,1,1,1.87,1,0.000,None,0.000,Benign,,Likely_benign,Uncertain_significance_Last_reviewed_Oct_6_2016
c.865C>A,p.Leu289Ile,p.L289I,L289I,289,0.36,0.01,0.04,1,1,1,1.87,1,0.000,None,0.000,Model_not_applied,,Unclassified,NA
c.866T>G,p.Leu289Arg,p.L289R,L289R,289,0.66,0.04,0.02,1,1,1,1.87,1,0.001,None,0.001,Model_not_applied,,Unclassified,NA
c.866T>C,p.Leu289Pro,p.L289P,L289P,289,0.36,0.07,0.04,0.32,1,1,1.87,1,0.001,None,0.001,Benign,,Likely_benign,NA
c.866T>A,p.Leu289His,p.L289H,L289H,289,0.63,0.04,0.04,0.18,1,1,1.87,1,0.000,None,0.000,Benign,,Likely_benign,NA
c.868C>T,p.Arg290Cys,p.R290C,R290C,290,1.08,0.44,0.05,2.63,0.39,1,1.00,1,0.026,None,0.025,Model_not_applied,,VUS,Conflicting_interpretations_of_pathogenicity_Last_reviewed_Feb_20_2020
c.868C>G,p.Arg290Gly,p.R290G,R290G,290,1.14,0.29,0.01,1,1,1,1.87,1,0.005,None,0.005,Model_not_applied,,Unclassified,Uncertain_significance_Last_reviewed_Aug_9_2018
c.868C>A,p.Arg290Ser,p.R290S,R290S,290,1.12,0.29,0.05,1,1,1,1.87,1,0.031,None,0.030,Model_not_applied,,Unclassified,NA
c.869G>T,p.Arg290Leu,p.R290L,R290L,290,0.30,0.53,0.12,0.38,1,1,1.87,1,0.013,None,0.013,Likely_Benign,,VUS,Conflicting_interpretations_of_pathogenicity_Last_reviewed_Sep_9_2020
c.869G>C,p.Arg290Pro,p.R290P,R290P,290,0.67,0.24,0.40,1,1,1,1.87,1,0.122,None,0.108,Model_not_applied,,Unclassified,Uncertain_significance_Last_reviewed_Apr_24_2017
c.869G>A,p.Arg290His,p.R290H,R290H,290,0.30,0.23,0.10,0.92,1,0.14,0.44,0.05,0.000,None,0.000,Benign,,VUS,Benign_Last_reviewed_Sep_16_2019
c.871A>G,p.Lys291Glu,p.K291E,K291E,291,3.01,0.21,0.03,0.32,1,1,1.87,1,0.012,None,0.012,Likely_Benign,,VUS,Uncertain_significance_Last_reviewed_Oct_21_2019
c.871A>C,p.Lys291Gln,p.K291Q,K291Q,291,2.86,0.33,0.18,0.18,1,1,1.87,1,0.056,None,0.053,VUS,,VUS,NA
c.872A>T,p.Lys291Met,p.K291M,K291M,291,3.95,0.81,0.03,0.32,1,1,1.87,1,0.059,None,0.056,VUS,,VUS,NA
c.872A>G,p.Lys291Arg,p.K291R,K291R,291,1.69,0.27,0.21,1.02,1,1,1.00,1,0.096,None,0.088,Model_not_applied,,VUS,NA
c.872A>C,p.Lys291Thr,p.K291T,K291T,291,3.71,0.66,0.02,0.32,1,1,1.87,1,0.032,None,0.031,Likely_Benign,,VUS,NA
c.873G>T,p.Lys291Asn,p.K291N,K291N,291,3.95,0.15,0.05,0.08,1,1,1.87,1,0.004,None,0.004,Likely_Benign,,Likely_benign,NA
c.873G>C,p.Lys291Asn,p.K291N,K291N,291,3.95,0.15,0.05,0.73,1,1,1.87,1,0.041,None,0.039,Model_not_applied,,VUS,Uncertain_significance_Last_reviewed_Dec_14_2018
c.874A>G,p.Lys292Glu,p.K292E,K292E,292,0.34,0.21,0.42,0.32,1,1,1.87,1,0.017,None,0.017,Likely_Benign,,Likely_benign,NA
c.874A>C,p.Lys292Gln,p.K292Q,K292Q,292,0.34,0.08,0.04,1,1,1,1.87,1,0.002,None,0.002,Model_not_applied,,Unclassified,NA
c.875A>T,p.Lys292Ile,p.K292I,K292I,292,1.07,2.87,0.03,0.08,1,1,1.87,1,0.012,None,0.011,Likely_Benign,"No_stars_on_ClinVar,_somatic_origin",VUS,Pathogenic_Last_reviewed_Sep_1_1999
c.875A>G,p.Lys292Arg,p.K292R,K292R,292,0.39,0.09,0.17,2.24,6.79,0.38,1.00,1,0.036,None,0.035,Model_not_applied,,VUS,Uncertain_significance_Last_reviewed_Aug_31_2018
c.875A>C,p.Lys292Thr,p.K292T,K292T,292,0.34,0.25,0.05,0.73,1,1,1.87,1,0.005,None,0.005,Model_not_applied,,VUS,NA
c.876A>T,p.Lys292Asn,p.K292N,K292N,292,0.34,0.05,0.13,0.18,1,1,1.87,1,0.001,None,0.001,Benign,,Likely_benign,NA
c.876A>C,p.Lys292Asn,p.K292N,K292N,292,0.34,0.05,0.13,0.18,1,1,1.87,1,0.001,None,0.001,Benign,,Likely_benign,NA
c.878G>C,p.Gly293Ala,p.G293A,G293A,293,0.33,0.01,0.09,1,1,1,1.87,1,0.001,None,0.001,Model_not_applied,,Unclassified,NA
c.877G>T,p.Gly293Trp,p.G293W,G293W,293,1.37,0.81,0.06,0.35,85.28,0.18,1.00,0.66,0.225,None,0.183,Model_not_applied,,VUS,Likely_benign_Last_reviewed_Aug_11_2020
c.877G>C,p.Gly293Arg,p.G293R,G293R,293,0.34,0.08,0.65,0.73,1,1,1.87,1,0.023,None,0.022,Model_not_applied,,Likely_benign,NA
c.877G>A,p.Gly293Arg,p.G293R,G293R,293,0.34,0.08,0.65,0.32,1,1,1.00,1,0.005,None,0.005,Likely_Benign,,Likely_benign,Uncertain_significance_Last_reviewed_Mar_28_2019
c.878G>T,p.Gly293Val,p.G293V,G293V,293,0.87,0.06,0.04,0.18,1,1,1.87,1,0.001,None,0.001,Benign,,Likely_benign,NA
c.878G>A,p.Gly293Glu,p.G293E,G293E,293,0.34,0.01,0.17,1,1,1,1.87,1,0.001,None,0.001,Model_not_applied,,Unclassified,NA
c.880G>C,p.Glu294Gln,p.E294Q,E294Q,294,0.33,0.02,0.06,0.18,1,1,1.87,1,0.000,None,0.000,Benign,,Likely_benign,NA
c.880G>A,p.Glu294Lys,p.E294K,E294K,294,0.82,0.06,0.15,1.02,1,1,1.87,1,0.015,None,0.015,Model_not_applied,,VUS,NA
c.881A>T,p.Glu294Val,p.E294V,E294V,294,0.33,0.04,0.04,0.18,1,1,1.87,1,0.000,None,0.000,Benign,,Likely_benign,NA
c.881A>G,p.Glu294Gly,p.E294G,E294G,294,0.33,0.02,1.67,0.50,1,1,1.87,1,0.009,None,0.009,Likely_Benign,,Likely_benign,NA
c.881A>C,p.Glu294Ala,p.E294A,E294A,294,0.33,0.05,0.11,1,1,1,1.87,1,0.003,None,0.003,Model_not_applied,,Unclassified,NA
c.882G>T,p.Glu294Asp,p.E294D,E294D,294,0.80,0.02,0.25,0.32,1,1,1.87,1,0.003,None,0.003,Likely_Benign,,Likely_benign,NA
c.882G>C,p.Glu294Asp,p.E294D,E294D,294,0.80,0.02,0.25,1,1,1,1.00,1,0.005,None,0.005,Model_not_applied,,Unclassified,NA
c.884C>G,p.Pro295Arg,p.P295R,P295R,295,0.45,0.06,0.08,1,1,1,1.87,1,0.005,None,0.005,Model_not_applied,,Unclassified,NA
c.883C>T,p.Pro295Ser,p.P295S,P295S,295,0.38,0.01,1.00,1.57,1,1,1.00,1,0.005,None,0.005,Model_not_applied,,Likely_benign,Uncertain_significance_Last_reviewed_Sep_16_2019
c.884C>A,p.Pro295His,p.P295H,P295H,295,0.37,0.02,0.08,1,1,1,1.87,1,0.001,None,0.001,Model_not_applied,,Unclassified,NA
c.883C>A,p.Pro295Thr,p.P295T,P295T,295,0.38,0.03,0.07,1,1,1,1.87,1,0.002,None,0.002,Model_not_applied,,Unclassified,NA
c.883C>G,p.Pro295Ala,p.P295A,P295A,295,0.39,0.03,6.00,1,1,1,1.87,1,0.125,None,0.111,Model_not_applied,,Unclassified,NA
c.884C>T,p.Pro295Leu,p.P295L,P295L,295,0.38,0.03,0.86,1.97,1,1,0.28,1,0.005,None,0.005,Likely_Benign,,Likely_benign,Conflicting_interpretations_of_pathogenicity_Last_reviewed_Nov_10_2019
c.887A>G,p.His296Arg,p.H296R,H296R,296,2.23,0.01,0.09,1,1,1,1.87,1,0.004,None,0.004,Model_not_applied,,Unclassified,Likely_pathogenic
c.886C>T,p.His296Tyr,p.H296Y,H296Y,296,2.90,0.02,0.11,3.41,1,1,1.87,1,0.041,None,0.039,Model_not_applied,,VUS,Likely_benign_Last_reviewed_Aug_11_2020
c.886C>G,p.His296Asp,p.H296D,H296D,296,3.34,0.02,0.06,1.02,1,1,1.87,1,0.009,None,0.009,Model_not_applied,,VUS,NA
c.886C>A,p.His296Asn,p.H296N,H296N,296,1.74,0.01,0.06,0.32,1,1,1.87,1,0.000,None,0.000,Benign,,Likely_benign,NA
c.887A>T,p.His296Leu,p.H296L,H296L,296,2.35,0.03,1.00,1.77,1,1,1.87,1,0.259,None,0.206,Model_not_applied,,VUS,NA
c.887A>C,p.His296Pro,p.H296P,H296P,296,1.74,0.03,0.55,1,1,1,1.87,1,0.055,None,0.052,Model_not_applied,,Unclassified,NA
c.888C>G,p.His296Gln,p.H296Q,H296Q,296,1.74,0.01,0.07,0.32,1,1,1.87,1,0.000,None,0.000,Benign,,Likely_benign,NA
c.888C>A,p.His296Gln,p.H296Q,H296Q,296,1.74,0.01,0.07,1,1,1,1.87,1,0.002,None,0.002,Model_not_applied,,Unclassified,NA
c.889C>T,p.His297Tyr,p.H297Y,H297Y,297,1.00,0.01,0.16,1.36,1,1,1.87,1,0.004,None,0.004,Model_not_applied,,Likely_benign,NA
c.891C>G,p.His297Gln,p.H297Q,H297Q,297,1.00,0.00,0.16,1,1,1,1.87,1,0.000,None,0.000,Model_not_applied,,Unclassified,Uncertain_significance_Last_reviewed_Nov_8_2019
c.891C>A,p.His297Gln,p.H297Q,H297Q,297,1.00,0.00,0.16,1,1,1,1.87,1,0.000,None,0.000,Model_not_applied,,Unclassified,Uncertain_significance_Last_reviewed_Nov_8_2018
c.889C>G,p.His297Asp,p.H297D,H297D,297,1.00,0.02,0.28,1,1,1,1.87,1,0.008,None,0.008,Model_not_applied,,Unclassified,NA
c.889C>A,p.His297Asn,p.H297N,H297N,297,1.00,0.01,0.06,1,1,1,1.87,1,0.001,None,0.001,Model_not_applied,,Unclassified,NA
c.890A>T,p.His297Leu,p.H297L,H297L,297,1.00,0.02,0.09,1,1,1,1.87,1,0.002,None,0.002,Model_not_applied,,Unclassified,NA
c.890A>G,p.His297Arg,p.H297R,H297R,297,1.00,0.01,0.16,0.32,1,1,1.87,1,0.001,None,0.001,Benign,,Likely_benign,Uncertain_significance_Last_reviewed_May_28_2015
c.890A>C,p.His297Pro,p.H297P,H297P,297,1.00,0.01,5.19,0.32,1,1,1.87,1,0.023,None,0.022,Likely_Benign,,Likely_benign,NA
c.892G>C,p.Glu298Gln,p.E298Q,E298Q,298,1.83,0.01,0.06,2.79,1,1,1.00,1,0.003,None,0.003,Model_not_applied,,Likely_benign,NA
c.892G>A,p.Glu298Lys,p.E298K,E298K,298,2.80,0.01,0.10,1.43,1,1,1.00,1,0.004,None,0.004,Model_not_applied,,Likely_benign,Likely_benign_Last_reviewed_Aug_28_2019
c.893A>T,p.Glu298Val,p.E298V,E298V,298,1.83,0.11,0.05,0.50,1,1,1.87,1,0.009,None,0.009,Likely_Benign,,VUS,NA
c.893A>G,p.Glu298Gly,p.E298G,E298G,298,1.83,0.09,0.06,1,1,1,1.87,1,0.017,None,0.017,Model_not_applied,,Unclassified,Uncertain_significance_Last_reviewed_Oct_3_2019
c.893A>C,p.Glu298Ala,p.E298A,E298A,298,1.83,0.08,0.03,1,1,1,1.87,1,0.008,None,0.008,Model_not_applied,,Unclassified,NA
c.894G>T,p.Glu298Asp,p.E298D,E298D,298,1.83,0.01,0.24,0.32,1,1,1.87,1,0.004,None,0.004,Likely_Benign,,Likely_benign,NA
c.894G>C,p.Glu298Asp,p.E298D,E298D,298,1.83,0.01,0.24,1,1,1,1.87,1,0.011,None,0.011,Model_not_applied,,Unclassified,NA
c.895C>G,p.Leu299Val,p.L299V,L299V,299,1.92,0.02,0.23,1,1,1,1.87,1,0.013,None,0.013,Model_not_applied,,Unclassified,NA
c.895C>A,p.Leu299Met,p.L299M,L299M,299,1.92,0.03,0.07,1,1,1,1.87,1,0.009,None,0.009,Model_not_applied,,Unclassified,NA
c.896T>G,p.Leu299Arg,p.L299R,L299R,299,2.25,0.03,0.11,1,1,1,1.87,1,0.012,None,0.012,Model_not_applied,,Unclassified,NA
c.896T>C,p.Leu299Pro,p.L299P,L299P,299,1.92,0.01,0.41,0.32,1,1,1.87,1,0.003,None,0.003,Likely_Benign,,Likely_benign,NA
c.896T>A,p.Leu299Gln,p.L299Q,L299Q,299,1.92,0.01,1.00,0.18,1,1,1.87,1,0.006,None,0.006,Likely_Benign,,Likely_benign,NA
c.898C>A,p.Pro300Thr,p.P300T,P300T,300,0.71,0.04,0.10,1,1,1,1.87,1,0.005,None,0.005,Model_not_applied,,Unclassified,NA
c.898C>T,p.Pro300Ser,p.P300S,P300S,300,0.72,0.03,0.11,0.50,1,1,1.87,1,0.002,None,0.002,Likely_Benign,,Likely_benign,NA
c.898C>G,p.Pro300Ala,p.P300A,P300A,300,0.72,0.06,12.22,0.18,1,1,1.87,1,0.164,None,0.141,VUS,,Likely_benign,NA
c.899C>T,p.Pro300Leu,p.P300L,P300L,300,3.13,0.11,0.19,2.79,1,1,1.87,1,0.328,None,0.247,Model_not_applied,,VUS,NA
c.899C>G,p.Pro300Arg,p.P300R,P300R,300,3.01,0.14,1.00,1,1,1,1.87,1,0.816,None,0.449,Model_not_applied,,Unclassified,NA
c.899C>A,p.Pro300His,p.P300H,P300H,300,2.04,0.16,0.10,1,1,1,1.87,1,0.065,None,0.061,Model_not_applied,,Unclassified,NA
c.901C>T,p.Pro301Ser,p.P301S,P301S,301,1.27,0.02,0.55,1.77,1,1,1.87,1,0.051,None,0.049,Model_not_applied,,Likely_benign,NA
c.901C>G,p.Pro301Ala,p.P301A,P301A,301,1.27,0.04,0.47,0.18,1,1,1.87,1,0.007,None,0.007,Likely_Benign,,Likely_benign,NA
c.901C>A,p.Pro301Thr,p.P301T,P301T,301,1.27,0.02,0.15,1,1,1,1.87,1,0.008,None,0.008,Model_not_applied,,Unclassified,NA
c.902C>T,p.Pro301Leu,p.P301L,P301L,301,4.25,0.05,0.42,0.73,1,2.09,1.87,1,0.271,None,0.213,Model_not_applied,,VUS,Uncertain_significance_Last_reviewed_Apr_1_2016
c.902C>G,p.Pro301Arg,p.P301R,P301R,301,1.49,0.03,2.04,1,1,1,1.87,1,0.168,None,0.143,Model_not_applied,,Unclassified,NA
c.902C>A,p.Pro301Gln,p.P301Q,P301Q,301,1.27,0.04,10.98,0.18,1,1,1.87,1,0.202,None,0.168,VUS,,Likely_benign,NA
c.904G>T,p.Gly302Trp,p.G302W,G302W,302,5.93,0.10,0.04,1,1,1,1.87,1,0.050,None,0.048,Model_not_applied,,Unclassified,NA
c.904G>C,p.Gly302Arg,p.G302R,G302R,302,1.39,0.02,0.38,1,1,1,1.87,1,0.020,None,0.020,Model_not_applied,,Unclassified,Uncertain_significance_Last_reviewed_Aug_29_2015
c.904G>A,p.Gly302Arg,p.G302R,G302R,302,1.39,0.02,0.38,0.32,1,1,1.87,1,0.006,None,0.006,Likely_Benign,,Likely_benign,NA
c.905G>T,p.Gly302Val,p.G302V,G302V,302,4.17,0.09,0.05,0.32,1,1,1.87,1,0.010,None,0.010,Likely_Benign,,VUS,NA
c.905G>C,p.Gly302Ala,p.G302A,G302A,302,1.78,0.03,0.09,1,1,1,1.87,1,0.008,None,0.008,Model_not_applied,,Unclassified,NA
c.905G>A,p.Gly302Glu,p.G302E,G302E,302,1.39,0.03,0.19,1.77,1,1,1.87,1,0.026,None,0.025,Model_not_applied,,VUS,Uncertain_significance_Last_reviewed_Sep_26_2018
c.907A>T,p.Ser303Cys,p.S303C,S303C,303,1.74,0.20,0.02,0.18,1,1,1.87,1,0.002,None,0.002,Likely_Benign,,VUS,NA
c.907A>G,p.Ser303Gly,p.S303G,S303G,303,0.36,0.04,0.11,1,1.37,2.09,1.87,1,0.008,None,0.008,Model_not_applied,,Unclassified,Conflicting_interpretations_of_pathogenicity_Last_reviewed_Jul_7_2020
c.907A>C,p.Ser303Arg,p.S303R,S303R,303,0.42,0.19,0.05,1,1,1,1.87,1,0.008,None,0.008,Model_not_applied,,Unclassified,NA
c.908G>T,p.Ser303Ile,p.S303I,S303I,303,1.14,0.54,0.04,0.18,1,1,1.87,1,0.008,None,0.008,Likely_Benign,,VUS,NA
c.908G>C,p.Ser303Thr,p.S303T,S303T,303,0.36,0.03,1.17,0.50,1,1,1.87,1,0.013,None,0.013,Likely_Benign,,Likely_benign,NA
c.908G>A,p.Ser303Asn,p.S303N,S303N,303,0.42,0.02,0.05,1.77,1,1,1.87,1,0.002,None,0.002,Model_not_applied,,Likely_benign,Uncertain_significance_Last_reviewed_Jun_1_2018
c.909C>G,p.Ser303Arg,p.S303R,S303R,303,0.42,0.19,0.05,1,1,1,1.87,1,0.008,None,0.008,Model_not_applied,,Unclassified,NA
c.909C>A,p.Ser303Arg,p.S303R,S303R,303,0.42,0.19,0.05,1,1,1,1.87,1,0.008,None,0.008,Model_not_applied,,Unclassified,NA
c.911C>T,p.Thr304Ile,p.T304I,T304I,304,0.42,0.02,0.19,0.73,1,1,1.87,1,0.002,None,0.002,Model_not_applied,,Likely_benign,NA
c.911C>A,p.Thr304Asn,p.T304N,T304N,304,0.42,0.01,0.11,1,1,1,1.87,1,0.001,None,0.000,Model_not_applied,,Unclassified,NA
c.910A>T,p.Thr304Ser,p.T304S,T304S,304,0.43,0.01,0.07,1,1,1,1.87,1,0.001,None,0.001,Model_not_applied,,Unclassified,NA
c.910A>G,p.Thr304Ala,p.T304A,T304A,304,0.43,0.01,0.18,1.97,7.81,1,1.00,1,0.011,None,0.011,Model_not_applied,,Likely_benign,Uncertain_significance_Last_reviewed_Dec_18_2019
c.910A>C,p.Thr304Pro,p.T304P,T304P,304,0.43,0.09,0.68,1,1,1,1.87,1,0.052,None,0.049,Model_not_applied,,Unclassified,NA
c.911C>G,p.Thr304Ser,p.T304S,T304S,304,0.43,0.01,0.07,1,1,1,1.87,1,0.001,None,0.001,Model_not_applied,,Unclassified,NA
c.913A>G,p.Lys305Glu,p.K305E,K305E,305,3.00,0.26,0.10,1,1,1,1.87,1,0.148,None,0.129,Model_not_applied,,Unclassified,NA
c.914A>T,p.Lys305Met,p.K305M,K305M,305,3.93,3.93,0.06,0.08,1,1,1.87,1,0.133,None,0.118,VUS,,VUS,NA
c.914A>G,p.Lys305Arg,p.K305R,K305R,305,1.68,0.19,0.06,0.18,1,1,1.87,1,0.007,None,0.007,Likely_Benign,,VUS,NA
c.913A>C,p.Lys305Gln,p.K305Q,K305Q,305,2.85,0.46,1.53,1,1,1,1.87,1,3.731,None,0.789,VUS,,Unclassified,NA
c.914A>C,p.Lys305Thr,p.K305T,K305T,305,3.71,0.42,1.24,0.08,1,1,1.87,1,0.284,None,0.221,Model_not_applied,,VUS,NA
c.915G>T,p.Lys305Asn,p.K305N,K305N,305,3.95,0.21,0.18,2.24,1,1,1.87,1,0.630,None,0.386,Model_not_applied,,VUS,NA
c.915G>C,p.Lys305Asn,p.K305N,K305N,305,3.95,0.21,0.18,0.08,1,1,1.87,1,0.022,None,0.022,Likely_Benign,,VUS,NA
c.916C>G,p.Arg306Gly,p.R306G,R306G,306,2.38,2.30,0.36,1,1,1,1.87,1,3.656,None,0.785,VUS,,Unclassified,NA
c.917G>T,p.Arg306Leu,p.R306L,R306L,306,2.59,3.16,0.02,1,1,1,1.87,1,0.372,None,0.271,Model_not_applied,,Unclassified,NA
c.917G>C,p.Arg306Pro,p.R306P,R306P,306,2.59,14.66,0.03,1,1,1,1.87,1,2.173,None,0.685,VUS,,Unclassified,NA
c.917G>A,p.Arg306Gln,p.R306Q,R306Q,306,1.45,1.65,0.07,0.18,1.85,1,1.00,1,0.058,None,0.055,VUS,,VUS,Conflicting_interpretations_of_pathogenicity_Last_reviewed_Nov_20_2019
c.919G>T,p.Ala307Ser,p.A307S,A307S,307,0.34,0.05,0.12,0.32,1,1,1.87,1,0.001,Strong,0.001,VUS,"Previously_classified_as_Likely_Benign_by_the_model,_changed_to_VUS_due_to_predicted_effects_on_splicing",Likely_benign,NA
c.919G>C,p.Ala307Pro,p.A307P,A307P,307,0.34,0.10,0.02,1,1,1,1.87,1,0.001,Moderate,0.001,Model_not_applied,Predicted_effects_on_splicing,Unclassified,NA
c.919G>A,p.Ala307Thr,p.A307T,A307T,307,0.34,0.02,0.07,0.32,1,1,1.87,1,0.000,Moderate,0.000,Benign,Predicted_effects_on_splicing,Likely_benign,NA
c.920C>T,p.Ala307Val,p.A307V,A307V,307,0.34,0.10,0.04,1,1,1,1.87,1,0.002,None,0.002,Model_not_applied,,Unclassified,Uncertain_significance_Last_reviewed_Aug_20_2019
c.920C>G,p.Ala307Gly,p.A307G,A307G,307,0.74,0.14,0.27,1,1,1,1.87,1,0.052,None,0.049,Model_not_applied,,Unclassified,Uncertain_significance_Last_reviewed_Jan_20_2016
c.920C>A,p.Ala307Glu,p.A307E,A307E,307,0.34,0.21,0.10,1,1,1,1.87,1,0.013,None,0.012,Model_not_applied,,Unclassified,NA
c.923T>A,p.Leu308Gln,p.L308Q,L308Q,308,3.07,0.49,0.02,1,1,1,1.87,1,0.052,None,0.049,Model_not_applied,,Unclassified,NA
c.922C>G,p.Leu308Val,p.L308V,L308V,308,1.19,0.06,0.05,1,1,1,1.87,1,0.007,None,0.007,Model_not_applied,,Unclassified,NA
c.922C>A,p.Leu308Met,p.L308M,L308M,308,0.64,0.05,0.07,0.18,1,1,1.87,1,0.001,None,0.001,Benign,,Likely_benign,NA
c.923T>G,p.Leu308Arg,p.L308R,L308R,308,3.07,0.41,0.02,1,1,1,1.87,1,0.039,None,0.037,Model_not_applied,,Unclassified,NA
c.923T>C,p.Leu308Pro,p.L308P,L308P,308,3.03,0.61,0.03,1,1,1,1.87,1,0.122,None,0.108,Model_not_applied,,Unclassified,NA
c.925C>T,p.Pro309Ser,p.P309S,P309S,309,1.05,0.40,0.02,1.02,1,1,1.87,1,0.017,None,0.017,Model_not_applied,,VUS,Uncertain_significance_Last_reviewed_Jun_17_2020
c.925C>G,p.Pro309Ala,p.P309A,P309A,309,0.30,0.11,1.54,1,1,1,1.87,1,0.092,None,0.084,Model_not_applied,,Unclassified,NA
c.925C>A,p.Pro309Thr,p.P309T,P309T,309,0.34,0.19,0.05,1,1,1,1.87,1,0.006,None,0.006,Model_not_applied,,Unclassified,NA
c.926C>T,p.Pro309Leu,p.P309L,P309L,309,0.48,0.26,0.03,1,1,1,1.87,1,0.008,None,0.007,Model_not_applied,,Unclassified,NA
c.926C>G,p.Pro309Arg,p.P309R,P309R,309,0.30,0.14,0.06,1,1,1,1.87,1,0.005,None,0.005,Model_not_applied,,Unclassified,NA
c.926C>A,p.Pro309His,p.P309H,P309H,309,0.30,0.23,0.04,1,1,1,1.87,1,0.006,None,0.006,Model_not_applied,,Unclassified,NA
c.928A>T,p.Asn310Tyr,p.N310Y,N310Y,310,0.82,0.03,0.07,1,1,1,1.87,1,0.003,None,0.003,Model_not_applied,,Unclassified,NA
c.928A>G,p.Asn310Asp,p.N310D,N310D,310,0.46,0.01,0.01,1,1,1,1.87,1,0.000,None,0.000,Model_not_applied,,Unclassified,Conflicting_interpretations_of_pathogenicity_Last_reviewed_Jun_19_2020
c.928A>C,p.Asn310His,p.N310H,N310H,310,0.32,0.01,0.46,1,1,1,1.87,1,0.003,None,0.003,Model_not_applied,,Unclassified,NA
c.929A>T,p.Asn310Ile,p.N310I,N310I,310,1.02,0.02,0.01,1,1,1,1.87,1,0.000,None,0.000,Model_not_applied,,Unclassified,NA
c.929A>G,p.Asn310Ser,p.N310S,N310S,310,0.39,0.00,0.08,1,1,1,1.87,1,0.000,None,0.000,Model_not_applied,,Unclassified,NA
c.929A>C,p.Asn310Thr,p.N310T,N310T,310,0.32,0.00,8.23,0.18,1,1,1.87,1,0.003,None,0.003,Likely_Benign,,Benign,NA
c.930C>G,p.Asn310Lys,p.N310K,N310K,310,0.32,0.00,0.06,1,1,1,1.00,1,0.000,None,0.000,Model_not_applied,,Unclassified,Uncertain_significance_Last_reviewed_Nov_11_2013
c.930C>A,p.Asn310Lys,p.N310K,N310K,310,0.32,0.00,0.06,1,1,1,1.87,1,0.000,None,0.000,Model_not_applied,,Unclassified,Uncertain_significance_Last_reviewed_Oct_17_2019
c.931A>T,p.Asn311Tyr,p.N311Y,N311Y,311,2.96,0.02,0.01,1,1,1,1.87,1,0.001,None,0.001,Model_not_applied,,Unclassified,NA
c.931A>G,p.Asn311Asp,p.N311D,N311D,311,1.20,0.00,0.10,1,1,1,1.87,1,0.001,None,0.001,Model_not_applied,,Unclassified,NA
c.931A>C,p.Asn311His,p.N311H,N311H,311,1.23,0.01,2.77,0.32,1,1,1.87,1,0.018,None,0.018,Likely_Benign,,Likely_benign,Conflicting_interpretations_of_pathogenicity_Last_reviewed_Jan_17_2018
c.932A>T,p.Asn311Ile,p.N311I,N311I,311,1.84,0.02,0.02,1,1,1,1.87,1,0.001,None,0.001,Model_not_applied,,Unclassified,NA
c.932A>G,p.Asn311Ser,p.N311S,N311S,311,0.85,0.00,0.07,1,1,1,1.87,1,0.000,None,0.000,Model_not_applied,,Unclassified,Uncertain_significance_Last_reviewed_May_4_2019
c.932A>C,p.Asn311Thr,p.N311T,N311T,311,0.85,0.00,2.25,0.18,1,1,1.87,1,0.002,None,0.002,Likely_Benign,,Benign,Uncertain_significance_Last_reviewed_Jul_12_2019
c.933C>G,p.Asn311Lys,p.N311K,N311K,311,2.18,0.01,0.06,1,1,1,1.87,1,0.002,None,0.002,Model_not_applied,,Unclassified,NA
c.933C>A,p.Asn311Lys,p.N311K,N311K,311,2.18,0.01,0.06,1,1,1,1.87,1,0.002,None,0.002,Model_not_applied,,Unclassified,NA
c.934A>T,p.Thr312Ser,p.T312S,T312S,312,0.32,0.07,0.03,0.50,1,1,1.87,0.66,0.000,None,0.000,Benign,,Likely_benign,NA
c.934A>G,p.Thr312Ala,p.T312A,T312A,312,0.68,0.08,0.16,1,1,1,1.87,1,0.015,None,0.015,Model_not_applied,,Unclassified,NA
c.934A>C,p.Thr312Pro,p.T312P,T312P,312,0.32,0.03,0.84,1,1,1,1.87,1,0.016,None,0.015,Model_not_applied,,Unclassified,NA
c.935C>T,p.Thr312Ile,p.T312I,T312I,312,1.40,0.18,0.01,0.18,1,1,1.87,1,0.001,None,0.001,Likely_Benign,,Likely_benign,NA
c.935C>G,p.Thr312Ser,p.T312S,T312S,312,0.32,0.07,0.03,0.03,1,1,0.21,0.66,0.000,None,0.000,Benign,,Benign,Benign_Last_reviewed_Sep_16_2019
c.935C>A,p.Thr312Asn,p.T312N,T312N,312,0.88,0.11,0.03,1,1,1,1.87,1,0.006,None,0.006,Model_not_applied,,Unclassified,NA
c.937A>T,p.Ser313Cys,p.S313C,S313C,313,0.49,0.12,0.02,1,1,1,1.87,1,0.002,None,0.002,Model_not_applied,,Unclassified,NA
c.937A>G,p.Ser313Gly,p.S313G,S313G,313,1.09,0.02,0.05,1,1,1,1.87,1,0.002,None,0.002,Model_not_applied,,Unclassified,NA
c.937A>C,p.Ser313Arg,p.S313R,S313R,313,0.49,0.13,0.06,1,1,1,1.87,1,0.007,None,0.007,Model_not_applied,,Unclassified,NA
c.938G>T,p.Ser313Ile,p.S313I,S313I,313,1.49,0.11,0.04,1,1,1,1.87,1,0.011,None,0.011,Model_not_applied,,Unclassified,NA
c.938G>C,p.Ser313Thr,p.S313T,S313T,313,0.49,0.02,0.43,1,1,1,1.87,1,0.009,None,0.009,Model_not_applied,,Unclassified,NA
c.938G>A,p.Ser313Asn,p.S313N,S313N,313,0.82,0.01,0.05,0.18,1,1,1.87,1,0.000,None,0.000,Benign,,Likely_benign,NA
c.939C>G,p.Ser313Arg,p.S313R,S313R,313,0.49,0.13,0.06,1,1,1,1.87,1,0.007,None,0.007,Model_not_applied,,Unclassified,NA
c.939C>A,p.Ser313Arg,p.S313R,S313R,313,0.49,0.13,0.06,1,1,1,1.87,1,0.007,None,0.007,Model_not_applied,,Unclassified,NA
c.940T>G,p.Ser314Ala,p.S314A,S314A,314,0.30,0.03,0.15,1,1,1,1.87,1,0.003,None,0.003,Model_not_applied,,Unclassified,NA
c.940T>C,p.Ser314Pro,p.S314P,S314P,314,0.31,0.06,0.60,1,1,1,1.87,1,0.021,None,0.020,Model_not_applied,,Unclassified,NA
c.940T>A,p.Ser314Thr,p.S314T,S314T,314,0.67,0.05,0.05,1,1,1,1.87,1,0.003,None,0.003,Model_not_applied,,Unclassified,NA
c.941C>T,p.Ser314Phe,p.S314F,S314F,314,1.39,0.18,0.11,0.08,1,1,1.00,1,0.002,None,0.002,Likely_Benign,,Likely_benign,Uncertain_significance_Last_reviewed_Jun_29_2019
c.941C>G,p.Ser314Cys,p.S314C,S314C,314,1.43,0.15,0.16,1,1,1,1.87,1,0.062,None,0.058,Model_not_applied,,Unclassified,Uncertain_significance_Last_reviewed_May_22_2019
c.941C>A,p.Ser314Tyr,p.S314Y,S314Y,314,1.40,0.21,0.04,1,1,1,1.87,1,0.024,None,0.023,Model_not_applied,,Unclassified,NA
c.943T>G,p.Ser315Ala,p.S315A,S315A,315,0.31,0.08,0.06,1,1,1,1.87,1,0.003,None,0.003,Model_not_applied,,Unclassified,NA
c.943T>C,p.Ser315Pro,p.S315P,S315P,315,0.32,0.16,0.23,1,1,1,1.87,1,0.022,None,0.022,Model_not_applied,,Unclassified,NA
c.943T>A,p.Ser315Thr,p.S315T,S315T,315,0.31,0.05,0.07,1,1.37,1,1.00,1,0.001,None,0.001,Model_not_applied,,Unclassified,Conflicting_interpretations_of_pathogenicity_Last_reviewed_Aug_31_2020
c.944C>T,p.Ser315Phe,p.S315F,S315F,315,1.30,0.26,0.14,1,1,1,1.87,1,0.088,None,0.081,Model_not_applied,,Unclassified,NA
c.944C>G,p.Ser315Cys,p.S315C,S315C,315,1.49,0.24,0.01,0.18,1,1,1.87,1,0.001,None,0.001,Likely_Benign,,VUS,Uncertain_significance_Last_reviewed_Nov_19_2019
c.944C>A,p.Ser315Tyr,p.S315Y,S315Y,315,1.21,0.28,0.05,1,1,1,1.87,1,0.032,None,0.031,Model_not_applied,,Unclassified,NA
c.946C>T,p.Pro316Ser,p.P316S,P316S,316,0.32,0.11,0.44,1,1,1,1.87,1,0.028,None,0.027,Model_not_applied,,Unclassified,Uncertain_significance_Last_reviewed_Aug_6_2019
c.946C>G,p.Pro316Ala,p.P316A,P316A,316,0.67,0.13,0.08,1,1,1,1.87,1,0.014,None,0.014,Model_not_applied,,Unclassified,NA
c.946C>A,p.Pro316Thr,p.P316T,P316T,316,0.71,0.07,0.05,1,1,1,1.87,1,0.004,None,0.004,Model_not_applied,,Unclassified,Uncertain_significance_Last_reviewed_Sep_28_2020
c.947C>T,p.Pro316Leu,p.P316L,P316L,316,1.55,0.29,0.07,0.50,1,1,1.87,1,0.027,None,0.027,Likely_Benign,,VUS,Uncertain_significance_Last_reviewed_Dec_3_2019
c.947C>G,p.Pro316Arg,p.P316R,P316R,316,1.55,0.24,0.08,1,1,1,1.87,1,0.054,None,0.051,Model_not_applied,,Unclassified,NA
c.947C>A,p.Pro316His,p.P316H,P316H,316,1.33,0.15,0.05,1,1,1,1.87,1,0.019,None,0.019,Model_not_applied,,Unclassified,NA
c.949C>G,p.Gln317Glu,p.Q317E,Q317E,317,0.43,0.02,0.01,1,1,1,1.87,1,0.000,None,0.000,Model_not_applied,,Unclassified,NA
c.949C>A,p.Gln317Lys,p.Q317K,Q317K,317,0.43,0.01,0.05,0.50,1,1,1.00,0.66,0.000,None,0.000,Benign,,Likely_benign,Conflicting_interpretations_of_pathogenicity_Last_reviewed_Oct_24_2019
c.950A>T,p.Gln317Leu,p.Q317L,Q317L,317,0.43,0.03,0.06,1,1,1,1.87,1,0.001,None,0.001,Model_not_applied,,Unclassified,Uncertain_significance_Last_reviewed_Apr_10_2019
c.950A>G,p.Gln317Arg,p.Q317R,Q317R,317,0.50,0.01,0.09,0.18,1,1,1.00,1,0.000,None,0.000,Benign,,Likely_benign,Uncertain_significance_Last_reviewed_Dec_23_2019
c.950A>C,p.Gln317Pro,p.Q317P,Q317P,317,0.43,0.01,0.17,1,1,1,1.87,1,0.002,None,0.002,Model_not_applied,,Unclassified,NA
c.951G>T,p.Gln317His,p.Q317H,Q317H,317,0.43,0.02,0.07,0.08,1,1,1.87,1,0.000,None,0.000,Benign,,Benign,Uncertain_significance_Last_reviewed_Oct_18_2016
c.951G>C,p.Gln317His,p.Q317H,Q317H,317,0.43,0.02,0.07,1,1,1,1.87,1,0.001,None,0.001,Model_not_applied,,Unclassified,NA
c.952C>T,p.Pro318Ser,p.P318S,P318S,318,0.36,0.03,0.03,0.18,1,1,1.87,1,0.000,None,0.000,Benign,,Likely_benign,NA
c.952C>G,p.Pro318Ala,p.P318A,P318A,318,0.54,0.03,1.30,0.18,1,1,1.87,1,0.007,None,0.007,Likely_Benign,,Likely_benign,NA
c.952C>A,p.Pro318Thr,p.P318T,P318T,318,0.36,0.03,0.03,1,1,1,1.87,1,0.001,None,0.001,Model_not_applied,,Unclassified,NA
c.953C>T,p.Pro318Leu,p.P318L,P318L,318,0.73,0.06,0.04,0.32,1,1,1.87,1,0.001,None,0.001,Likely_Benign,,Likely_benign,Uncertain_significance_Last_reviewed_May_16_2019
c.953C>G,p.Pro318Arg,p.P318R,P318R,318,0.36,0.05,0.03,1,1,1,1.87,1,0.001,None,0.001,Model_not_applied,,Unclassified,NA
c.953C>A,p.Pro318Gln,p.P318Q,P318Q,318,0.36,0.01,0.42,1,1,1,1.87,1,0.004,None,0.004,Model_not_applied,,Unclassified,NA
c.955A>G,p.Lys319Glu,p.K319E,K319E,319,0.88,0.78,0.04,0.50,1,1,1.87,1,0.027,None,0.026,Likely_Benign,,VUS,NA
c.955A>C,p.Lys319Gln,p.K319Q,K319Q,319,0.80,0.39,0.02,1,1,1,1.87,1,0.014,None,0.014,Model_not_applied,,Unclassified,NA
c.956A>T,p.Lys319Met,p.K319M,K319M,319,0.81,0.41,0.06,1,1,1,1.87,1,0.037,None,0.036,Model_not_applied,,Unclassified,NA
c.956A>G,p.Lys319Arg,p.K319R,K319R,319,0.56,0.25,0.28,1,1,1,1.87,1,0.073,None,0.068,Model_not_applied,,Unclassified,NA
c.956A>C,p.Lys319Thr,p.K319T,K319T,319,0.61,0.30,0.03,1,1,1,1.87,1,0.012,None,0.011,Model_not_applied,,Unclassified,NA
c.957G>T,p.Lys319Asn,p.K319N,K319N,319,1.24,0.20,0.06,0.18,1,1,1.87,1,0.004,None,0.004,Likely_Benign,,Likely_benign,NA
c.957G>C,p.Lys319Asn,p.K319N,K319N,319,1.24,0.20,0.06,1,1,1,1.87,1,0.025,None,0.025,Model_not_applied,,Unclassified,NA
c.958A>G,p.Lys320Glu,p.K320E,K320E,320,3.01,0.50,0.52,1,1,1,1.87,1,1.468,None,0.595,Model_not_applied,,Unclassified,NA
c.958A>C,p.Lys320Gln,p.K320Q,K320Q,320,2.86,0.43,0.08,1,1,1,1.87,1,0.182,None,0.154,Model_not_applied,,Unclassified,NA
c.959A>T,p.Lys320Met,p.K320M,K320M,320,3.95,0.26,0.02,1,1,1,1.87,1,0.035,None,0.034,Model_not_applied,,Unclassified,NA
c.959A>G,p.Lys320Arg,p.K320R,K320R,320,1.69,0.14,1.14,1,1,1,1.87,1,0.507,None,0.336,Model_not_applied,,Unclassified,NA
c.959A>C,p.Lys320Thr,p.K320T,K320T,320,3.71,0.34,0.03,1,1,1,1.87,1,0.071,None,0.067,Model_not_applied,,Unclassified,NA
c.960G>T,p.Lys320Asn,p.K320N,K320N,320,3.95,0.14,0.05,0.08,1,1,1.87,1,0.004,None,0.004,Likely_Benign,,Likely_benign,NA
c.960G>C,p.Lys320Asn,p.K320N,K320N,320,3.95,0.14,0.05,0.73,1,1,1.87,1,0.040,None,0.038,Model_not_applied,,VUS,NA
c.961A>G,p.Lys321Glu,p.K321E,K321E,321,0.59,1.68,0.19,1,1,1,1.87,1,0.348,None,0.258,Model_not_applied,,Unclassified,NA
c.961A>C,p.Lys321Gln,p.K321Q,K321Q,321,0.48,0.72,0.06,1,1,1,1.87,1,0.037,None,0.036,Model_not_applied,,Unclassified,NA
c.962A>T,p.Lys321Ile,p.K321I,K321I,321,0.93,0.62,0.02,1,1,1,1.87,1,0.023,None,0.023,Model_not_applied,,Unclassified,NA
c.962A>G,p.Lys321Arg,p.K321R,K321R,321,0.29,0.20,0.12,1,1,1,1.87,1,0.013,None,0.013,Model_not_applied,,Unclassified,NA
c.962A>C,p.Lys321Thr,p.K321T,K321T,321,0.33,0.43,0.04,1,1,1,1.87,1,0.010,None,0.010,Model_not_applied,,Unclassified,NA
c.963A>T,p.Lys321Asn,p.K321N,K321N,321,0.93,0.12,1.19,1,1,1,1.87,1,0.247,None,0.198,Model_not_applied,,Unclassified,NA
c.963A>C,p.Lys321Asn,p.K321N,K321N,321,0.93,0.12,1.19,1,1,1,1.87,1,0.247,None,0.198,Model_not_applied,,Unclassified,NA
c.964C>T,p.Pro322Ser,p.P322S,P322S,322,0.38,0.12,0.05,1,3.67,1,1.87,1,0.016,None,0.016,Model_not_applied,,Unclassified,Uncertain_significance_Last_reviewed_Nov_4_2019
c.964C>G,p.Pro322Ala,p.P322A,P322A,322,0.38,0.10,0.05,1,1,1,1.87,1,0.003,None,0.003,Model_not_applied,,Unclassified,NA
c.964C>A,p.Pro322Thr,p.P322T,P322T,322,0.38,0.16,0.16,1,1,1,1.87,1,0.018,None,0.018,Model_not_applied,,Unclassified,Uncertain_significance_Last_reviewed_Apr_28_2015
c.965C>T,p.Pro322Leu,p.P322L,P322L,322,0.38,0.06,0.04,0.50,1,1,1.87,1,0.001,None,0.001,Benign,,Likely_benign,NA
c.965C>G,p.Pro322Arg,p.P322R,P322R,322,0.45,0.10,0.04,0.18,1,1,1.87,1,0.001,None,0.001,Benign,,Likely_benign,NA
c.965C>A,p.Pro322Gln,p.P322Q,P322Q,322,0.38,0.15,0.07,1,1,1,1.87,1,0.007,None,0.007,Model_not_applied,,Unclassified,NA
c.967C>G,p.Leu323Val,p.L323V,L323V,323,0.45,0.02,0.01,1,1,1,1.00,1,0.000,None,0.000,Model_not_applied,,Unclassified,NA
c.967C>A,p.Leu323Met,p.L323M,L323M,323,0.44,0.03,0.01,1,1,1,1.87,1,0.000,None,0.000,Model_not_applied,,Unclassified,NA
c.968T>G,p.Leu323Arg,p.L323R,L323R,323,0.66,0.13,0.04,1,1,1,1.87,1,0.007,None,0.007,Model_not_applied,,Unclassified,NA
c.968T>C,p.Leu323Pro,p.L323P,L323P,323,0.44,0.06,0.09,1,1,1,1.87,1,0.004,None,0.004,Model_not_applied,,Unclassified,Uncertain_significance_Last_reviewed_Jan_30_2019
c.968T>A,p.Leu323Gln,p.L323Q,L323Q,323,0.44,0.12,0.07,1,1,1,1.87,1,0.007,None,0.007,Model_not_applied,,Unclassified,NA
c.970G>T,p.Asp324Tyr,p.D324Y,D324Y,324,1.84,2.35,0.03,1,1,1,1.87,1,0.283,None,0.221,Model_not_applied,,Unclassified,Uncertain_significance_Last_reviewed_Nov_19_2018
c.970G>C,p.Asp324His,p.D324H,D324H,324,1.20,1.65,0.02,1,1,1,1.00,1,0.035,None,0.034,Model_not_applied,,Unclassified,Uncertain_significance_Last_reviewed_Sep_2_2020
c.970G>A,p.Asp324Asn,p.D324N,D324N,324,0.60,0.06,0.10,1,1,1,1.00,1,0.003,None,0.003,Model_not_applied,,Unclassified,NA
c.971A>T,p.Asp324Val,p.D324V,D324V,324,1.86,3.19,0.04,1,1,1,1.87,1,0.488,None,0.328,Model_not_applied,,Unclassified,NA
c.971A>G,p.Asp324Gly,p.D324G,D324G,324,1.89,1.07,0.56,1,1,1,1.00,1,1.133,None,0.531,Model_not_applied,,Unclassified,NA
c.971A>C,p.Asp324Ala,p.D324A,D324A,324,2.05,0.68,0.01,1,1,1,1.87,1,0.037,None,0.035,Model_not_applied,,Unclassified,NA
c.972T>G,p.Asp324Glu,p.D324E,D324E,324,0.42,0.06,0.04,0.18,1,1,1.87,1,0.000,None,0.000,Benign,,Likely_benign,NA
c.972T>A,p.Asp324Glu,p.D324E,D324E,324,0.42,0.06,0.04,0.08,1,1,1.87,1,0.000,None,0.000,Benign,,Likely_benign,NA
c.974G>C,p.Gly325Ala,p.G325A,G325A,325,1.03,0.02,0.03,1,1,1,1.87,1,0.001,None,0.001,Model_not_applied,,Unclassified,NA
c.973G>C,p.Gly325Arg,p.G325R,G325R,325,0.85,0.14,0.14,1,1,1,1.87,1,0.031,None,0.030,Model_not_applied,,Unclassified,NA
c.973G>A,p.Gly325Arg,p.G325R,G325R,325,0.85,0.14,0.14,1,1,1,1.87,1,0.031,None,0.030,Model_not_applied,,Unclassified,Uncertain_significance_Last_reviewed_May_26_2016
c.974G>T,p.Gly325Val,p.G325V,G325V,325,1.27,0.60,0.04,0.04,7.64,1,1.00,1,0.010,None,0.010,Likely_Benign,,Likely_benign,Uncertain_significance_Last_reviewed_Oct_29_2019
c.974G>A,p.Gly325Glu,p.G325E,G325E,325,0.29,0.01,0.21,0.50,1,1,1.87,1,0.001,None,0.001,Benign,,Likely_benign,Conflicting_interpretations_of_pathogenicity_Last_reviewed_Sep_29_2020
c.976G>C,p.Glu326Gln,p.E326Q,E326Q,326,0.32,2.53,0.01,1,1,1,1.87,1,0.009,None,0.009,Model_not_applied,,Unclassified,NA
c.976G>A,p.Glu326Lys,p.E326K,E326K,326,0.93,15.68,0.11,0.18,1,1,1.87,1,0.523,None,0.344,Model_not_applied,,VUS,NA
c.977A>T,p.Glu326Val,p.E326V,E326V,326,1.29,21.66,0.03,1,1,1,1.87,1,1.785,None,0.641,Model_not_applied,,Unclassified,NA
c.977A>G,p.Glu326Gly,p.E326G,E326G,326,0.30,18.64,0.05,1,1,1,1.87,1,0.495,None,0.331,Model_not_applied,,Unclassified,NA
c.977A>C,p.Glu326Ala,p.E326A,E326A,326,1.04,4.02,0.06,1,1,1,1.87,1,0.475,None,0.322,Model_not_applied,,Unclassified,NA
c.978A>T,p.Glu326Asp,p.E326D,E326D,326,0.73,0.80,0.38,1,1,1,1.87,1,0.420,None,0.296,Model_not_applied,,Unclassified,NA
c.978A>C,p.Glu326Asp,p.E326D,E326D,326,0.73,0.80,0.38,1,1,1,1.00,1,0.225,None,0.184,Model_not_applied,,Unclassified,NA
c.979T>G,p.Tyr327Asp,p.Y327D,Y327D,327,1.41,16.28,0.17,1,1,1,1.87,1,7.104,None,0.877,VUS,,Unclassified,NA
c.979T>C,p.Tyr327His,p.Y327H,Y327H,327,0.84,1.25,0.01,1,1,1,1.87,1,0.014,None,0.014,Model_not_applied,,Unclassified,NA
c.979T>A,p.Tyr327Asn,p.Y327N,Y327N,327,1.40,3.09,0.39,1,1,1,1.87,1,3.190,None,0.761,VUS,,Unclassified,NA
c.980A>T,p.Tyr327Phe,p.Y327F,Y327F,327,0.29,0.40,1.20,1,1,1,1.87,1,0.265,None,0.210,Model_not_applied,,Unclassified,NA
c.980A>G,p.Tyr327Cys,p.Y327C,Y327C,327,0.71,0.28,0.03,1,1,1,1.87,1,0.012,None,0.012,Model_not_applied,,Unclassified,NA
c.980A>C,p.Tyr327Ser,p.Y327S,Y327S,327,1.30,3.05,0.04,1,1,1,1.87,1,0.275,None,0.216,Model_not_applied,,Unclassified,NA
c.982T>C,p.Phe328Leu,p.F328L,F328L,328,1.10,1.56,0.06,0.32,1,1,1.87,1,0.056,None,0.053,VUS,,VUS,NA
c.984C>G,p.Phe328Leu,p.F328L,F328L,328,1.10,1.56,0.06,1,1,1,1.87,1,0.177,None,0.151,Model_not_applied,,Unclassified,NA
c.984C>A,p.Phe328Leu,p.F328L,F328L,328,1.10,1.56,0.06,1,1,1,1.87,1,0.177,None,0.151,Model_not_applied,,Unclassified,NA
c.982T>G,p.Phe328Val,p.F328V,F328V,328,1.86,15.70,0.02,1,1,1,1.87,1,1.247,None,0.555,Model_not_applied,,Unclassified,NA
c.982T>A,p.Phe328Ile,p.F328I,F328I,328,1.05,4.07,0.44,1,1,1,1.87,1,3.488,None,0.777,VUS,,Unclassified,NA
c.983T>G,p.Phe328Cys,p.F328C,F328C,328,0.63,18.74,0.07,1,1,1,1.87,1,1.637,None,0.621,Model_not_applied,,Unclassified,NA
c.983T>C,p.Phe328Ser,p.F328S,F328S,328,2.04,22.39,3.75,0.18,1,1,1.87,1,56.521,None,0.983,Model_not_applied,,VUS,Uncertain_significance_Last_reviewed_Dec_18_2018
c.983T>A,p.Phe328Tyr,p.F328Y,F328Y,328,0.57,0.15,0.04,1,1,1,1.87,1,0.006,None,0.006,Model_not_applied,,Unclassified,NA
c.985A>C,p.Thr329Pro,p.T329P,T329P,329,0.32,56.68,15.70,1,1,1,1.87,1,530.720,None,0.998,Pathogenic,,Unclassified,NA
c.985A>T,p.Thr329Ser,p.T329S,T329S,329,0.32,0.30,0.23,1,1,1,1.87,1,0.040,None,0.039,Model_not_applied,,Unclassified,NA
c.985A>G,p.Thr329Ala,p.T329A,T329A,329,0.33,1.94,0.09,1,1,1,1.87,1,0.112,None,0.100,Model_not_applied,,Unclassified,Uncertain_significance_Last_reviewed_Oct_10_2019
c.986C>T,p.Thr329Ile,p.T329I,T329I,329,0.32,0.54,0.02,1,1,1,1.00,1,0.004,None,0.004,Model_not_applied,,Unclassified,Uncertain_significance_Last_reviewed_Oct_9_2019
c.986C>G,p.Thr329Ser,p.T329S,T329S,329,0.32,0.30,0.23,1,1,1,1.87,1,0.040,None,0.039,Model_not_applied,,Unclassified,NA
c.986C>A,p.Thr329Asn,p.T329N,T329N,329,0.87,0.34,0.03,1,1,1,1.87,1,0.014,None,0.014,Model_not_applied,,Unclassified,NA
c.989T>G,p.Leu330Arg,p.L330R,L330R,330,3.93,51.52,2.90,0.31,1,1,1.87,1,345.293,None,0.997,Model_not_applied,,Likely_pathogenic,NA
c.988C>T,p.Leu330Phe,p.L330F,L330F,330,1.53,16.10,5.61,1,1,1,1.87,1,258.017,None,0.996,Pathogenic,,Unclassified,NA
c.988C>G,p.Leu330Val,p.L330V,L330V,330,1.93,6.60,0.03,1,1,1,1.87,1,0.675,None,0.403,Model_not_applied,,Unclassified,NA
c.988C>A,p.Leu330Ile,p.L330I,L330I,330,0.95,1.12,0.05,1,1,1,1.87,1,0.094,None,0.086,Model_not_applied,,Unclassified,NA
c.989T>C,p.Leu330Pro,p.L330P,L330P,330,3.95,51.47,40.37,1,1,1,1.87,1,15365.976,None,1.000,Pathogenic,,Unclassified,Uncertain_significance_Last_reviewed_Oct_10_2018
c.989T>A,p.Leu330His,p.L330H,L330H,330,3.95,52.42,0.71,0.50,1,1,1.87,1,136.091,None,0.993,Model_not_applied,,Pathogenic,NA
c.991C>G,p.Gln331Glu,p.Q331E,Q331E,331,0.61,0.13,0.06,1,1,1,1.87,1,0.009,Moderate,0.009,Model_not_applied,Predicted_effects_on_splicing,Unclassified,NA
c.991C>A,p.Gln331Lys,p.Q331K,Q331K,331,0.37,0.04,0.05,1,1,1,1.87,1,0.002,None,0.002,Model_not_applied,,Unclassified,Uncertain_significance_Last_reviewed_Nov_14_2019
c.992A>T,p.Gln331Leu,p.Q331L,Q331L,331,1.81,0.69,0.12,1,1,1,1.87,1,0.271,Strong,0.213,Model_not_applied,Predicted_effects_on_splicing,Unclassified,NA
c.992A>G,p.Gln331Arg,p.Q331R,Q331R,331,0.37,0.15,3.06,0.18,1,1,1.87,1,0.055,Strong,0.052,VUS,Predicted_effects_on_splicing,Likely_benign,Uncertain_significance_Last_reviewed_Jan_31_2019
c.992A>C,p.Gln331Pro,p.Q331P,Q331P,331,1.56,1.96,1.21,0.08,1,1,1.87,1,0.547,Strong,0.353,Model_not_applied,Predicted_effects_on_splicing,VUS,NA
c.993G>T,p.Gln331His,p.Q331H,Q331H,331,0.39,0.19,0.05,0.50,1,1,1.87,1,0.004,Strong,0.004,VUS,"Previously_classified_as_Likely_Benign_by_the_model,_changed_to_VUS_due_to_predicted_effects_on_splicing",Likely_benign,NA
c.993G>C,p.Gln331His,p.Q331H,Q331H,331,0.39,0.19,0.05,1,1,1,1.87,1,0.007,Strong,0.007,Model_not_applied,Predicted_effects_on_splicing,Unclassified,NA
c.994A>T,p.Ile332Phe,p.I332F,I332F,332,0.94,3.95,0.04,1,1,1,1.87,1,0.299,Moderate,0.230,Model_not_applied,Predicted_effects_on_splicing,Unclassified,NA
c.994A>G,p.Ile332Val,p.I332V,I332V,332,0.51,0.01,0.04,1,1,1,1.87,1,0.000,None,0.000,Model_not_applied,,Unclassified,NA
c.994A>C,p.Ile332Leu,p.I332L,I332L,332,0.59,0.19,0.31,1,1,1,1.87,1,0.066,None,0.062,Model_not_applied,,Unclassified,NA
c.995T>G,p.Ile332Ser,p.I332S,I332S,332,2.21,37.97,199.91,1,1,1,1.87,1,31365.881,None,1.000,Pathogenic,,Unclassified,NA
c.995T>C,p.Ile332Thr,p.I332T,I332T,332,2.17,22.16,2.39,1,1,1,1.87,1,214.179,None,0.995,Pathogenic,,Unclassified,NA
c.995T>A,p.Ile332Asn,p.I332N,I332N,332,2.00,3.84,322.38,1,2.43,1,1.87,1,11229.596,None,1.000,Pathogenic,,Unclassified,NA
c.996C>G,p.Ile332Met,p.I332M,I332M,332,0.51,5.25,0.01,1,1,1,1.87,1,0.062,None,0.058,Model_not_applied,,Unclassified,Uncertain_significance_Last_reviewed_Mar_31_2017
c.997C>T,p.Arg333Cys,p.R333C,R333C,333,0.92,1.20,0.04,1,9.30,0.48,1.00,1,0.221,None,0.181,Model_not_applied,,Unclassified,Uncertain_significance_Last_reviewed_Feb_28_2020
c.997C>G,p.Arg333Gly,p.R333G,R333G,333,2.20,1.47,0.18,1,1,1,1.00,1,0.591,None,0.372,Model_not_applied,,Unclassified,NA
c.997C>A,p.Arg333Ser,p.R333S,R333S,333,2.15,1.20,0.06,1,1,1,1.00,1,0.160,None,0.138,Model_not_applied,,Unclassified,NA
c.998G>T,p.Arg333Leu,p.R333L,R333L,333,2.18,0.18,0.06,1,1,1,1.87,1,0.044,None,0.042,Model_not_applied,,Unclassified,NA
c.998G>C,p.Arg333Pro,p.R333P,R333P,333,2.02,6.81,0.52,1,1,1,1.87,1,13.493,None,0.931,VUS,,Unclassified,NA
c.998G>A,p.Arg333His,p.R333H,R333H,333,0.45,0.03,0.02,1,1.00,2.15,1.63,1,0.001,None,0.001,Model_not_applied,,Unclassified,Uncertain_significance_Last_reviewed_Feb_25_2020
c.1000G>T,p.Gly334Trp,p.G334W,G334W,334,1.21,53.98,0.54,1,1,1,1.87,1,65.463,None,0.985,Likely_Pathogenic,,Unclassified,Likely_pathogenic_Last_reviewed_Apr_10_2019
c.1000G>C,p.Gly334Arg,p.G334R,G334R,334,1.35,53.44,0.29,1,1,1,1.87,1,39.127,None,0.975,Likely_Pathogenic,,Unclassified,Uncertain_significance_Last_reviewed_Sep_17_2019
c.1000G>A,p.Gly334Arg,p.G334R,G334R,334,1.35,53.44,0.29,1,1,1,1.87,1,39.127,None,0.975,Likely_Pathogenic,,Unclassified,Uncertain_significance_Last_reviewed_Dec_22_2016
c.1001G>T,p.Gly334Val,p.G334V,G334V,334,1.44,52.00,1.04,0.50,1,1,1.87,1,72.520,None,0.986,Model_not_applied,,Likely_pathogenic,NA
c.1001G>C,p.Gly334Ala,p.G334A,G334A,334,1.11,37.72,1.02,1,1,1,1.87,1,79.938,None,0.988,Likely_Pathogenic,,Unclassified,NA
c.1001G>A,p.Gly334Glu,p.G334E,G334E,334,0.72,53.57,0.08,1,1,1,1.00,1,3.199,None,0.762,Model_not_applied,,Unclassified,Uncertain_significance_Last_reviewed_May_31_2019
c.1004G>C,p.Arg335Pro,p.R335P,R335P,335,1.45,17.50,0.12,1,1,1,1.87,1,5.530,None,0.847,VUS,,Unclassified,Uncertain_significance_Last_reviewed_Apr_4_2019
c.1003C>T,p.Arg335Cys,p.R335C,R335C,335,0.75,1.84,0.06,1,1,2.09,1.87,1,0.336,None,0.251,Model_not_applied,,Unclassified,Uncertain_significance_Last_reviewed_Sep_4_2020
c.1003C>G,p.Arg335Gly,p.R335G,R335G,335,1.30,7.25,0.23,1,1,1,1.87,1,4.117,None,0.805,VUS,,Unclassified,NA
c.1003C>A,p.Arg335Ser,p.R335S,R335S,335,1.42,3.59,0.04,1,1,1,1.87,1,0.428,None,0.300,Model_not_applied,,Unclassified,NA
c.1004G>T,p.Arg335Leu,p.R335L,R335L,335,0.45,1.22,0.09,1,1,1,1.87,1,0.094,None,0.086,Model_not_applied,,Unclassified,NA
c.1004G>A,p.Arg335His,p.R335H,R335H,335,0.65,0.13,0.16,0.08,1,1,1.00,1,0.001,None,0.001,Likely_Benign,,Likely_benign,Uncertain_significance_Last_reviewed_Aug_5_2019
c.1006G>C,p.Glu336Gln,p.E336Q,E336Q,336,0.30,0.01,0.02,1,1,1,1.87,1,0.000,None,0.000,Model_not_applied,,Unclassified,NA
c.1006G>A,p.Glu336Lys,p.E336K,E336K,336,0.30,0.01,0.06,1,1,1,1.87,1,0.000,None,0.000,Model_not_applied,,Unclassified,NA
c.1007A>T,p.Glu336Val,p.E336V,E336V,336,1.12,0.11,0.01,1,1,1,1.87,1,0.003,None,0.003,Model_not_applied,,Unclassified,NA
c.1007A>G,p.Glu336Gly,p.E336G,E336G,336,0.67,0.05,0.02,1,1,1,1.87,1,0.001,None,0.001,Model_not_applied,,Unclassified,NA
c.1007A>C,p.Glu336Ala,p.E336A,E336A,336,0.66,0.02,0.00,1,1,1,1.87,1,0.000,None,0.000,Model_not_applied,,Unclassified,NA
c.1008G>T,p.Glu336Asp,p.E336D,E336D,336,0.42,0.01,0.03,1,1,1,1.87,1,0.000,None,0.000,Model_not_applied,,Unclassified,NA
c.1008G>C,p.Glu336Asp,p.E336D,E336D,336,0.42,0.01,0.03,1,1,1,1.87,1,0.000,None,0.000,Model_not_applied,,Unclassified,NA
c.1010G>C,p.Arg337Pro,p.R337P,R337P,337,2.31,8.24,252.37,0.20,1,1,1.00,1,938.413,None,0.999,Model_not_applied,,VUS,Likely_pathogenic_Last_reviewed_Dec_11_2018
c.1009C>T,p.Arg337Cys,p.R337C,R337C,337,1.04,2.95,21.61,1.58,1,1,1.87,1,196.111,None,0.995,Pathogenic,,VUS,Pathogenic/Likely_pathogenic_Last_reviewed_Aug_26_2019
c.1009C>G,p.Arg337Gly,p.R337G,R337G,337,2.49,0.49,35.58,1,1,1,1.87,1,81.712,None,0.988,Likely_Pathogenic,,Unclassified,Uncertain_significance_Last_reviewed_Jun_23_2017
c.1009C>A,p.Arg337Ser,p.R337S,R337S,337,2.44,0.47,16.63,1,1,1,1.87,1,35.830,None,0.973,Likely_Pathogenic,,Unclassified,NA
c.1010G>T,p.Arg337Leu,p.R337L,R337L,337,2.49,0.18,7.52,2.44,1,1,1.87,1,15.235,None,0.938,VUS,,VUS,Likely_pathogenic_Last_reviewed_Sep_26_2016
c.1010G>A,p.Arg337His,p.R337H,R337H,337,0.51,0.62,0.18,1,1,1,1.00,1,0.058,None,0.055,Model_not_applied,,Unclassified,Pathogenic_Last_reviewed_Dec_30_2019
c.1012T>G,p.Phe338Val,p.F338V,F338V,338,1.86,0.25,0.03,1,1,1,1.87,1,0.025,None,0.025,Model_not_applied,,Unclassified,NA
c.1012T>C,p.Phe338Leu,p.F338L,F338L,338,1.07,0.05,0.26,1,1,1,1.00,1,0.013,None,0.013,Model_not_applied,,Unclassified,NA
c.1012T>A,p.Phe338Ile,p.F338I,F338I,338,1.05,0.24,0.02,1,1,1,1.87,1,0.010,None,0.010,Model_not_applied,,Unclassified,NA
c.1013T>G,p.Phe338Cys,p.F338C,F338C,338,0.63,0.20,0.05,1,1,1,1.87,1,0.012,None,0.012,Model_not_applied,,Unclassified,Uncertain_significance_Last_reviewed_Dec_13_2018
c.1013T>C,p.Phe338Ser,p.F338S,F338S,338,2.04,0.28,2.57,1,1,1,1.87,1,2.721,None,0.731,VUS,,Unclassified,Uncertain_significance_Last_reviewed_Feb_7_2017
c.1013T>A,p.Phe338Tyr,p.F338Y,F338Y,338,0.57,0.00,0.01,1,1,1,1.87,1,0.000,None,0.000,Model_not_applied,,Unclassified,NA
c.1014C>G,p.Phe338Leu,p.F338L,F338L,338,1.07,0.05,0.26,1,2.43,1,1.00,1,0.031,None,0.030,Model_not_applied,,Unclassified,Uncertain_significance_Last_reviewed_Aug_26_2019
c.1014C>A,p.Phe338Leu,p.F338L,F338L,338,1.07,0.05,0.26,1,1,1,1.87,1,0.024,None,0.023,Model_not_applied,,Unclassified,NA
c.1016A>C,p.Glu339Ala,p.E339A,E339A,339,1.79,0.41,0.01,1,1,1,1.87,1,0.011,None,0.011,Model_not_applied,,Unclassified,NA
c.1016A>G,p.Glu339Gly,p.E339G,E339G,339,1.84,0.71,0.02,1,1,1,1.87,1,0.041,None,0.040,Model_not_applied,,Unclassified,Uncertain_significance_Last_reviewed_Sep_30_2019
c.1016A>T,p.Glu339Val,p.E339V,E339V,339,1.85,1.30,0.01,1,1,1,1.00,1,0.020,None,0.019,Model_not_applied,,Unclassified,Uncertain_significance_Last_reviewed_Oct_27_2019
c.1015G>C,p.Glu339Gln,p.E339Q,E339Q,339,0.38,0.13,0.01,1,1,1,1.00,1,0.001,None,0.001,Model_not_applied,,Unclassified,Uncertain_significance_Last_reviewed_Dec_27_2019
c.1015G>A,p.Glu339Lys,p.E339K,E339K,339,0.72,0.04,0.08,0.01,1,0.79,0.22,1,0.000,None,0.000,Benign,,Benign,Conflicting_interpretations_of_pathogenicity_Last_reviewed_Jan_30_2020
c.1017G>T,p.Glu339Asp,p.E339D,E339D,339,1.17,0.07,0.05,1,1,1,1.87,1,0.008,None,0.008,Model_not_applied,,Unclassified,NA
c.1017G>C,p.Glu339Asp,p.E339D,E339D,339,1.17,0.07,0.05,1,1,1,1.87,1,0.008,None,0.008,Model_not_applied,,Unclassified,NA
c.1019T>C,p.Met340Thr,p.M340T,M340T,340,3.28,0.03,0.05,1,1,1,1.87,1,0.010,None,0.010,Model_not_applied,,Unclassified,NA
c.1018A>T,p.Met340Leu,p.M340L,M340L,340,0.64,0.01,0.01,1,1,1,1.87,1,0.000,None,0.000,Model_not_applied,,Unclassified,NA
c.1018A>G,p.Met340Val,p.M340V,M340V,340,1.19,0.03,0.08,1,1,1,1.87,1,0.004,None,0.004,Model_not_applied,,Unclassified,NA
c.1018A>C,p.Met340Leu,p.M340L,M340L,340,0.64,0.01,0.01,1,1,1,1.87,1,0.000,None,0.000,Model_not_applied,,Unclassified,NA
c.1019T>G,p.Met340Arg,p.M340R,M340R,340,3.07,0.28,0.01,1,1,1,1.87,1,0.012,None,0.012,Model_not_applied,,Unclassified,NA
c.1019T>A,p.Met340Lys,p.M340K,M340K,340,3.09,0.23,0.01,1,1,1,1.87,1,0.011,None,0.010,Model_not_applied,,Unclassified,Uncertain_significance_Last_reviewed_Jun_18_2019
c.1020G>T,p.Met340Ile,p.M340I,M340I,340,0.64,0.01,0.03,1,1,1,1.87,1,0.000,None,0.000,Model_not_applied,,Unclassified,NA
c.1020G>C,p.Met340Ile,p.M340I,M340I,340,0.64,0.01,0.03,1,1,1,1.87,1,0.000,None,0.000,Model_not_applied,,Unclassified,NA
c.1020G>A,p.Met340Ile,p.M340I,M340I,340,0.64,0.01,0.03,1,1,1,1.87,1,0.000,None,0.000,Model_not_applied,,Unclassified,NA
c.1022T>C,p.Phe341Ser,p.F341S,F341S,341,1.98,1.70,117.27,1,1,1,1.87,1,739.277,None,0.999,Pathogenic,,Unclassified,NA
c.1021T>C,p.Phe341Leu,p.F341L,F341L,341,0.58,0.00,0.02,1,1,1,1.00,1,0.000,None,0.000,Model_not_applied,,Unclassified,NA
c.1023C>G,p.Phe341Leu,p.F341L,F341L,341,0.58,0.00,0.02,1,1,1,1.87,1,0.000,None,0.000,Model_not_applied,,Unclassified,NA
c.1023C>A,p.Phe341Leu,p.F341L,F341L,341,0.58,0.00,0.02,1,1,1,1.87,1,0.000,None,0.000,Model_not_applied,,Unclassified,NA
c.1021T>G,p.Phe341Val,p.F341V,F341V,341,1.28,0.06,1.16,1,1,1,1.00,1,0.089,None,0.082,Model_not_applied,,Unclassified,NA
c.1021T>A,p.Phe341Ile,p.F341I,F341I,341,0.57,0.01,0.01,1,1,1,1.87,1,0.000,None,0.000,Model_not_applied,,Unclassified,NA
c.1022T>G,p.Phe341Cys,p.F341C,F341C,341,0.52,0.75,137.48,0.18,1,1,1.87,1,17.793,None,0.947,Model_not_applied,,VUS,NA
c.1022T>A,p.Phe341Tyr,p.F341Y,F341Y,341,1.06,0.16,25.51,1,1,1,1.87,1,8.280,None,0.892,VUS,,Unclassified,NA
c.1024C>G,p.Arg342Gly,p.R342G,R342G,342,2.38,0.03,0.02,1,1,1,1.87,1,0.003,None,0.003,Model_not_applied,,Unclassified,NA
c.1025G>T,p.Arg342Leu,p.R342L,R342L,342,2.59,0.00,0.03,1,1,1,1.87,1,0.001,None,0.001,Model_not_applied,,Unclassified,NA
c.1025G>C,p.Arg342Pro,p.R342P,R342P,342,2.59,1.37,261.44,0.35,1,1,1.87,1,605.235,None,0.998,Model_not_applied,,VUS,Pathogenic/Likely_pathogenic_Last_reviewed_Jan_1_2020
c.1025G>A,p.Arg342Gln,p.R342Q,R342Q,342,1.45,0.00,0.14,0.20,14.13,1,1.00,1,0.002,None,0.002,Model_not_applied,,Likely_benign,Uncertain_significance_Last_reviewed_Jul_18_2019
c.1029G>T,p.Glu343Asp,p.E343D,E343D,343,0.93,0.01,0.04,1,1,1,1.87,1,0.001,None,0.001,Model_not_applied,,Unclassified,NA
c.1029G>C,p.Glu343Asp,p.E343D,E343D,343,0.93,0.01,0.04,1,1,1,1.87,1,0.001,None,0.001,Model_not_applied,,Unclassified,NA
c.1027G>C,p.Glu343Gln,p.E343Q,E343Q,343,0.30,0.01,0.00,1,1,1,1.87,1,0.000,None,0.000,Model_not_applied,,Unclassified,NA
c.1027G>A,p.Glu343Lys,p.E343K,E343K,343,0.30,0.00,0.02,1,1,1,1.87,1,0.000,None,0.000,Model_not_applied,,Unclassified,NA
c.1028A>T,p.Glu343Val,p.E343V,E343V,343,0.30,0.06,0.00,1,1,1,1.87,1,0.000,None,0.000,Model_not_applied,,Unclassified,NA
c.1028A>G,p.Glu343Gly,p.E343G,E343G,343,1.40,0.04,0.01,0.18,1,1,1.87,1,0.000,None,0.000,Benign,,Likely_benign,NA
c.1028A>C,p.Glu343Ala,p.E343A,E343A,343,1.05,0.03,0.00,1,1,1,1.87,1,0.000,None,0.000,Model_not_applied,,Unclassified,NA
c.1030C>G,p.Leu344Val,p.L344V,L344V,344,1.69,0.01,0.00,1,1,1,1.87,1,0.000,None,0.000,Model_not_applied,,Unclassified,Uncertain_significance_Last_reviewed_Oct_2_2019
c.1030C>A,p.Leu344Met,p.L344M,L344M,344,1.02,0.02,0.01,1,1,1,1.87,1,0.000,None,0.000,Model_not_applied,,Unclassified,NA
c.1031T>G,p.Leu344Arg,p.L344R,L344R,344,3.62,2.14,56.52,1,1,1,1.87,1,819.583,None,0.999,Pathogenic,,Unclassified,NA
c.1031T>C,p.Leu344Pro,p.L344P,L344P,344,3.62,20.10,69.42,0.02,1,1,1.87,1,203.753,None,0.995,Model_not_applied,,VUS,Likely_pathogenic_Last_reviewed_Aug_28_2019
c.1031T>A,p.Leu344Gln,p.L344Q,L344Q,344,3.55,1.29,0.06,1,1,1,1.87,1,0.509,None,0.338,Model_not_applied,,Unclassified,NA
c.1033A>C,p.Asn345His,p.N345H,N345H,345,0.34,0.08,0.01,1,1,1,1.87,1,0.001,None,0.001,Model_not_applied,,Unclassified,NA
c.1033A>T,p.Asn345Tyr,p.N345Y,N345Y,345,0.69,0.39,0.02,1,1,1,1.87,1,0.009,None,0.009,Model_not_applied,,Unclassified,NA
c.1033A>G,p.Asn345Asp,p.N345D,N345D,345,0.65,0.06,0.50,1,1,1,1.87,1,0.037,None,0.036,Model_not_applied,,Unclassified,NA
c.1034A>T,p.Asn345Ile,p.N345I,N345I,345,0.34,0.34,0.02,1,1,1,1.87,1,0.004,None,0.003,Model_not_applied,,Unclassified,NA
c.1034A>G,p.Asn345Ser,p.N345S,N345S,345,0.68,0.04,0.01,1,1,1,1.87,1,0.001,None,0.001,Model_not_applied,,Unclassified,NA
c.1034A>C,p.Asn345Thr,p.N345T,N345T,345,0.34,0.13,0.02,1,1,1,1.87,1,0.002,None,0.002,Model_not_applied,,Unclassified,NA
c.1035T>G,p.Asn345Lys,p.N345K,N345K,345,0.43,0.01,0.07,1,1,1,1.87,1,0.000,None,0.000,Model_not_applied,,Unclassified,NA
c.1035T>A,p.Asn345Lys,p.N345K,N345K,345,0.43,0.01,0.07,1,1,1,1.87,1,0.000,None,0.000,Model_not_applied,,Unclassified,NA
c.1037A>C,p.Glu346Ala,p.E346A,E346A,346,1.96,0.24,0.01,1,1,1,1.87,1,0.004,None,0.004,Model_not_applied,,Unclassified,NA
c.1036G>C,p.Glu346Gln,p.E346Q,E346Q,346,0.69,0.12,0.01,1,1,1,1.87,1,0.001,None,0.001,Model_not_applied,,Unclassified,NA
c.1036G>A,p.Glu346Lys,p.E346K,E346K,346,1.45,0.23,0.04,1,1,1,1.87,1,0.024,None,0.023,Model_not_applied,,Unclassified,Uncertain_significance_Last_reviewed_Nov_4_2019
c.1037A>T,p.Glu346Val,p.E346V,E346V,346,1.90,0.99,0.01,1,1,1,1.87,1,0.038,None,0.037,Model_not_applied,,Unclassified,NA
c.1037A>G,p.Glu346Gly,p.E346G,E346G,346,1.70,0.44,0.04,1,1,1,1.87,1,0.051,None,0.048,Model_not_applied,,Unclassified,NA
c.1038G>T,p.Glu346Asp,p.E346D,E346D,346,0.40,0.00,0.02,1,1,1,1.87,1,0.000,None,0.000,Model_not_applied,,Unclassified,NA
c.1038G>C,p.Glu346Asp,p.E346D,E346D,346,0.40,0.00,0.02,1,1,1,1.87,1,0.000,None,0.000,Model_not_applied,,Unclassified,Likely_benign_Last_reviewed_Sep_10_2020
c.1039G>T,p.Ala347Ser,p.A347S,A347S,347,0.29,0.00,0.02,1,1,1,1.87,1,0.000,None,0.000,Model_not_applied,,Unclassified,NA
c.1039G>C,p.Ala347Pro,p.A347P,A347P,347,0.31,1.93,491.83,1,1,1,1.87,1,550.939,None,0.998,Pathogenic,,Unclassified,NA
c.1039G>A,p.Ala347Thr,p.A347T,A347T,347,0.66,0.07,0.04,0.50,1,1,1.87,1,0.002,None,0.002,Likely_Benign,,Likely_benign,Conflicting_interpretations_of_pathogenicity_Last_reviewed_Sep_13_2019
c.1040C>T,p.Ala347Val,p.A347V,A347V,347,1.18,0.11,0.00,1,1,1,1.87,1,0.001,None,0.001,Model_not_applied,,Unclassified,Uncertain_significance_Last_reviewed_Oct_23_2017
c.1040C>G,p.Ala347Gly,p.A347G,A347G,347,0.29,0.01,0.49,1,1,1,1.87,1,0.003,None,0.003,Model_not_applied,,Unclassified,NA
c.1040C>A,p.Ala347Asp,p.A347D,A347D,347,1.20,1.11,0.06,1,1,1,1.87,1,0.143,None,0.125,Model_not_applied,,Unclassified,Likely_pathogenic_Last_reviewed_Aug_28_2019
c.1042T>G,p.Leu348Val,p.L348V,L348V,348,1.93,0.27,0.04,1,1,1,1.87,1,0.035,None,0.034,Model_not_applied,,Unclassified,Uncertain_significance_Last_reviewed_Apr_16_2016
c.1042T>A,p.Leu348Met,p.L348M,L348M,348,1.25,0.14,0.01,1,1,1,1.87,1,0.002,None,0.002,Model_not_applied,,Unclassified,NA
c.1043T>G,p.Leu348Trp,p.L348W,L348W,348,3.17,23.99,0.98,1,1,1,1.87,1,139.025,None,0.993,Pathogenic,,Unclassified,NA
c.1043T>C,p.Leu348Ser,p.L348S,L348S,348,2.75,39.08,0.26,1,1,1,1.87,1,51.541,None,0.981,Likely_Pathogenic,,Unclassified,NA
c.1044G>T,p.Leu348Phe,p.L348F,L348F,348,1.53,0.17,0.02,1,1,1,1.87,1,0.008,None,0.008,Model_not_applied,,Unclassified,NA
c.1044G>C,p.Leu348Phe,p.L348F,L348F,348,1.53,0.17,0.02,1,1,1,1.87,1,0.008,None,0.008,Model_not_applied,,Unclassified,NA
c.1045G>C,p.Glu349Gln,p.E349Q,E349Q,349,1.83,0.38,0.02,1,1,1,1.87,1,0.020,None,0.020,Model_not_applied,,Unclassified,Uncertain_significance_Last_reviewed_Jul_9_2018
c.1045G>A,p.Glu349Lys,p.E349K,E349K,349,3.01,8.11,0.19,1,1,1,1.87,1,8.834,None,0.898,VUS,,Unclassified,Uncertain_significance_Last_reviewed_Dec_3_2019
c.1046A>T,p.Glu349Val,p.E349V,E349V,349,3.59,22.78,0.04,1,1,1,1.87,1,6.867,None,0.873,VUS,,Unclassified,NA
c.1046A>G,p.Glu349Gly,p.E349G,E349G,349,3.95,16.15,0.26,1,1,1,1.87,1,31.371,None,0.969,Likely_Pathogenic,,Unclassified,NA
c.1046A>C,p.Glu349Ala,p.E349A,E349A,349,3.90,5.11,0.12,1,1,1,1.87,1,4.299,None,0.811,VUS,,Unclassified,NA
c.1047A>T,p.Glu349Asp,p.E349D,E349D,349,2.49,0.11,0.03,1,1,1,1.87,1,0.016,None,0.016,Model_not_applied,,Unclassified,NA
c.1047A>C,p.Glu349Asp,p.E349D,E349D,349,2.49,0.11,0.03,1,1,1,1.87,1,0.016,None,0.016,Model_not_applied,,Unclassified,NA
c.1048C>A,p.Leu350Ile,p.L350I,L350I,350,1.00,0.02,0.09,1,1,1,1.87,1,0.004,None,0.004,Model_not_applied,,Unclassified,NA
c.1048C>T,p.Leu350Phe,p.L350F,L350F,350,1.53,0.01,0.02,1,3.67,1,1.87,1,0.003,None,0.003,Model_not_applied,,Unclassified,Uncertain_significance_Last_reviewed_Jul_26_2018
c.1048C>G,p.Leu350Val,p.L350V,L350V,350,1.93,0.03,0.03,1,1,1,1.00,1,0.002,None,0.002,Model_not_applied,,Unclassified,Uncertain_significance_Last_reviewed_Dec_2_2019
c.1049T>G,p.Leu350Arg,p.L350R,L350R,350,3.94,0.56,0.00,1,1,1,1.87,1,0.013,None,0.013,Model_not_applied,,Unclassified,NA
c.1049T>C,p.Leu350Pro,p.L350P,L350P,350,3.95,3.95,15.37,1,1,1,1.87,1,448.513,None,0.998,Pathogenic,,Unclassified,NA
c.1049T>A,p.Leu350His,p.L350H,L350H,350,3.95,0.66,0.00,1,1,1,1.87,1,0.018,None,0.017,Model_not_applied,,Unclassified,NA
c.1051A>C,p.Lys351Gln,p.K351Q,K351Q,351,0.30,0.01,0.01,1,1,1,1.87,1,0.000,None,0.000,Model_not_applied,,Unclassified,NA
c.1051A>G,p.Lys351Glu,p.K351E,K351E,351,0.48,0.02,0.13,1,1,1,1.87,1,0.002,None,0.002,Model_not_applied,,Unclassified,Uncertain_significance_Last_reviewed_Apr_11_2019
c.1052A>T,p.Lys351Met,p.K351M,K351M,351,1.16,0.01,0.01,1,1,1,1.87,1,0.000,None,0.000,Model_not_applied,,Unclassified,NA
c.1052A>G,p.Lys351Arg,p.K351R,K351R,351,0.30,0.00,0.17,1,1,1,1.87,1,0.000,None,0.000,Model_not_applied,,Unclassified,Uncertain_significance_Last_reviewed_Jun_14_2017
c.1052A>C,p.Lys351Thr,p.K351T,K351T,351,0.40,0.03,0.00,1,1,1,1.87,1,0.000,None,0.000,Model_not_applied,,Unclassified,NA
c.1053G>T,p.Lys351Asn,p.K351N,K351N,351,0.35,0.01,0.01,1,1,1,1.87,1,0.000,None,0.000,Model_not_applied,,Unclassified,Uncertain_significance_Last_reviewed_Aug_20_2019
c.1053G>C,p.Lys351Asn,p.K351N,K351N,351,0.35,0.01,0.01,1,1,1,1.87,1,0.000,None,0.000,Model_not_applied,,Unclassified,NA
c.1054G>T,p.Asp352Tyr,p.D352Y,D352Y,352,1.84,0.22,0.02,1,1,1,1.87,1,0.015,None,0.014,Model_not_applied,,Unclassified,Uncertain_significance_Last_reviewed_Dec_3_2019
c.1054G>C,p.Asp352His,p.D352H,D352H,352,1.20,0.13,0.03,1,1,1,1.87,1,0.007,None,0.007,Model_not_applied,,Unclassified,NA
c.1054G>A,p.Asp352Asn,p.D352N,D352N,352,0.60,0.01,0.09,1,1,1,1.87,1,0.001,None,0.001,Model_not_applied,,Unclassified,NA
c.1055A>T,p.Asp352Val,p.D352V,D352V,352,1.86,0.28,0.04,1,1,1,1.87,1,0.036,None,0.035,Model_not_applied,,Unclassified,NA
c.1055A>G,p.Asp352Gly,p.D352G,D352G,352,1.89,0.12,0.11,1,1,1,1.87,1,0.047,None,0.045,Model_not_applied,,Unclassified,NA
c.1055A>C,p.Asp352Ala,p.D352A,D352A,352,2.05,0.08,0.01,1,1,1,1.87,1,0.004,None,0.004,Model_not_applied,,Unclassified,NA
c.1056T>G,p.Asp352Glu,p.D352E,D352E,352,0.42,0.00,0.02,1,1,1,1.87,1,0.000,None,0.000,Model_not_applied,,Unclassified,NA
c.1056T>A,p.Asp352Glu,p.D352E,D352E,352,0.42,0.00,0.02,1,1,1,1.87,1,0.000,None,0.000,Model_not_applied,,Unclassified,NA
c.1057G>T,p.Ala353Ser,p.A353S,A353S,353,0.35,0.02,0.05,1,1,1,1.87,1,0.000,None,0.000,Model_not_applied,,Unclassified,NA
c.1057G>C,p.Ala353Pro,p.A353P,A353P,353,0.35,0.33,0.03,1,1,1,1.87,1,0.007,None,0.007,Model_not_applied,,Unclassified,NA
c.1057G>A,p.Ala353Thr,p.A353T,A353T,353,0.35,0.04,0.02,1,1,1,1.87,1,0.001,None,0.001,Model_not_applied,,Unclassified,NA
c.1058C>T,p.Ala353Val,p.A353V,A353V,353,0.35,0.01,0.04,1,1,1,1.87,1,0.000,None,0.000,Model_not_applied,,Unclassified,NA
c.1058C>G,p.Ala353Gly,p.A353G,A353G,353,0.77,0.02,0.03,1,1,1,1.87,1,0.001,None,0.001,Model_not_applied,,Unclassified,NA
c.1058C>A,p.Ala353Asp,p.A353D,A353D,353,0.76,0.11,0.01,1,1,1,1.87,1,0.002,None,0.002,Model_not_applied,,Unclassified,NA
c.1060C>G,p.Gln354Glu,p.Q354E,Q354E,354,0.66,0.00,0.04,1,1,1,1.87,1,0.000,None,0.000,Model_not_applied,,Unclassified,NA
c.1060C>A,p.Gln354Lys,p.Q354K,Q354K,354,0.46,0.00,0.02,0.02,0.56,0.48,1.00,1,0.000,None,0.000,Benign,,Benign,Uncertain_significance_Last_reviewed_Nov_27_2020
c.1061A>T,p.Gln354Leu,p.Q354L,Q354L,354,0.29,0.00,0.02,1,1,1,1.87,1,0.000,None,0.000,Model_not_applied,,Unclassified,NA
c.1061A>G,p.Gln354Arg,p.Q354R,Q354R,354,0.44,0.00,0.02,0.32,1,1,1.00,1,0.000,None,0.000,Benign,,Benign,Uncertain_significance_Last_reviewed_Apr_23_2019
c.1061A>C,p.Gln354Pro,p.Q354P,Q354P,354,1.01,0.02,0.05,1,1,1,1.87,1,0.002,None,0.002,Model_not_applied,,Unclassified,NA
c.1062G>T,p.Gln354His,p.Q354H,Q354H,354,0.29,0.00,0.02,1,1,1,1.87,1,0.000,None,0.000,Model_not_applied,,Unclassified,NA
c.1062G>C,p.Gln354His,p.Q354H,Q354H,354,0.29,0.00,0.02,1,1,1,1.87,1,0.000,None,0.000,Model_not_applied,,Unclassified,NA
c.1063G>A,p.Ala355Thr,p.A355T,A355T,355,0.31,0.00,0.03,1,1,1,1.00,1,0.000,None,0.000,Model_not_applied,,Unclassified,NA
c.1063G>T,p.Ala355Ser,p.A355S,A355S,355,0.31,0.00,0.06,1,1,1,1.87,1,0.000,None,0.000,Model_not_applied,,Unclassified,NA
c.1063G>C,p.Ala355Pro,p.A355P,A355P,355,0.31,0.00,0.01,1,1,1,1.87,1,0.000,None,0.000,Model_not_applied,,Unclassified,NA
c.1064C>T,p.Ala355Val,p.A355V,A355V,355,0.77,0.00,0.02,1,1,1,1.87,1,0.000,None,0.000,Model_not_applied,,Unclassified,Uncertain_significance_Last_reviewed_May_29_2019
c.1064C>G,p.Ala355Gly,p.A355G,A355G,355,0.68,0.00,0.03,1,1,1,1.87,1,0.000,None,0.000,Model_not_applied,,Unclassified,NA
c.1064C>A,p.Ala355Asp,p.A355D,A355D,355,0.31,0.00,0.02,1,1,1,1.87,1,0.000,None,0.000,Model_not_applied,,Unclassified,NA
c.1066G>T,p.Gly356Trp,p.G356W,G356W,356,1.42,0.01,0.04,0.18,1,1,1.87,1,0.000,None,0.000,Benign,,Likely_benign,NA
c.1066G>C,p.Gly356Arg,p.G356R,G356R,356,0.81,0.00,0.11,1,0.73,1,1.87,1,0.000,None,0.000,Model_not_applied,,Unclassified,Uncertain_significance_Last_reviewed_Apr_27_2020
c.1066G>A,p.Gly356Arg,p.G356R,G356R,356,0.81,0.00,0.11,1,1,1,1.87,1,0.000,None,0.000,Model_not_applied,,Unclassified,NA
c.1067G>T,p.Gly356Val,p.G356V,G356V,356,0.75,0.00,0.02,1,1,1,1.87,1,0.000,None,0.000,Model_not_applied,,Unclassified,NA
c.1067G>C,p.Gly356Ala,p.G356A,G356A,356,0.29,0.00,0.01,1,1,1,1.87,1,0.000,None,0.000,Model_not_applied,,Unclassified,NA
c.1067G>A,p.Gly356Glu,p.G356E,G356E,356,0.66,0.00,0.09,1,1,1,1.87,1,0.000,None,0.000,Model_not_applied,,Unclassified,NA
c.1069A>G,p.Lys357Glu,p.K357E,K357E,357,0.33,0.00,0.09,1,1,1,1.87,1,0.000,None,0.000,Model_not_applied,,Unclassified,Uncertain_significance_Last_reviewed_May_28_2019
c.1069A>C,p.Lys357Gln,p.K357Q,K357Q,357,0.33,0.00,0.03,1,1,1,1.87,1,0.000,None,0.000,Model_not_applied,,Unclassified,NA
c.1070A>T,p.Lys357Met,p.K357M,K357M,357,0.92,0.02,0.01,1,1,1,1.87,1,0.001,None,0.001,Model_not_applied,,Unclassified,NA
c.1070A>G,p.Lys357Arg,p.K357R,K357R,357,0.33,0.00,0.02,1,1,1,1.00,1,0.000,None,0.000,Model_not_applied,,Unclassified,NA
c.1070A>C,p.Lys357Thr,p.K357T,K357T,357,0.33,0.01,0.05,1,1,1,1.87,1,0.000,None,0.000,Model_not_applied,,Unclassified,NA
c.1071G>T,p.Lys357Asn,p.K357N,K357N,357,0.33,0.00,0.04,1,1,1,1.87,1,0.000,None,0.000,Model_not_applied,,Unclassified,NA
c.1071G>C,p.Lys357Asn,p.K357N,K357N,357,0.33,0.00,0.04,1,1,1,1.87,1,0.000,None,0.000,Model_not_applied,,Unclassified,NA
c.1072G>C,p.Glu358Gln,p.E358Q,E358Q,358,0.44,0.00,0.01,1,1,1,1.87,1,0.000,None,0.000,Model_not_applied,,Unclassified,NA
c.1072G>A,p.Glu358Lys,p.E358K,E358K,358,0.30,0.03,0.05,1,1,1,1.87,1,0.001,None,0.001,Model_not_applied,,Unclassified,Uncertain_significance_Last_reviewed_Oct_2_2019
c.1073A>T,p.Glu358Val,p.E358V,E358V,358,1.42,0.04,0.01,0.01,1,1,0.33,1,0.000,None,0.000,Benign,,Benign,Conflicting_interpretations_of_pathogenicity_Last_reviewed_Nov_29_2019
c.1073A>G,p.Glu358Gly,p.E358G,E358G,358,1.19,0.02,0.05,1,1,1,1.87,1,0.003,None,0.003,Model_not_applied,,Unclassified,NA
c.1073A>C,p.Glu358Ala,p.E358A,E358A,358,1.15,0.02,0.01,1,1,1,1.87,1,0.000,None,0.000,Model_not_applied,,Unclassified,NA
c.1074G>T,p.Glu358Asp,p.E358D,E358D,358,0.30,0.00,0.04,1,1,1,1.87,1,0.000,None,0.000,Model_not_applied,,Unclassified,NA
c.1074G>C,p.Glu358Asp,p.E358D,E358D,358,0.30,0.00,0.04,1,1,1,1.87,1,0.000,None,0.000,Model_not_applied,,Unclassified,NA
c.1075C>T,p.Pro359Ser,p.P359S,P359S,359,0.30,0.01,0.02,1,1,1,1.87,1,0.000,None,0.000,Model_not_applied,,Unclassified,NA
c.1075C>G,p.Pro359Ala,p.P359A,P359A,359,0.30,0.02,0.05,1,1,1,1.87,1,0.001,None,0.001,Model_not_applied,,Unclassified,NA
c.1075C>A,p.Pro359Thr,p.P359T,P359T,359,0.30,0.01,0.02,1,1,1,1.87,1,0.000,None,0.000,Model_not_applied,,Unclassified,NA
c.1076C>T,p.Pro359Leu,p.P359L,P359L,359,1.13,0.54,0.02,1,1,1,1.87,1,0.022,None,0.022,Model_not_applied,,Unclassified,NA
c.1076C>G,p.Pro359Arg,p.P359R,P359R,359,0.87,0.08,0.01,1,1,1,1.87,1,0.001,None,0.001,Model_not_applied,,Unclassified,NA
c.1076C>A,p.Pro359Gln,p.P359Q,P359Q,359,0.32,0.04,0.09,1,1,1,1.87,1,0.002,None,0.002,Model_not_applied,,Unclassified,NA
c.1078G>T,p.Gly360Trp,p.G360W,G360W,360,1.50,0.03,0.02,1,1,1,1.87,1,0.001,None,0.001,Model_not_applied,,Unclassified,Uncertain_significance_Last_reviewed_Sep_28_2017
c.1078G>C,p.Gly360Arg,p.G360R,G360R,360,0.58,0.01,0.06,1,1,1,1.87,1,0.001,None,0.001,Model_not_applied,,Unclassified,NA
c.1078G>A,p.Gly360Arg,p.G360R,G360R,360,0.58,0.01,0.06,1,0.37,1,1.00,1,0.000,None,0.000,Benign,,Unclassified,Uncertain_significance_Last_reviewed_Jul_26_2019
c.1079G>T,p.Gly360Val,p.G360V,G360V,360,0.39,0.01,0.02,0.00,1,1,1.28,1,0.000,None,0.000,Benign,,Benign,Conflicting_interpretations_of_pathogenicity_Last_reviewed_Dec_7_2019
c.1079G>C,p.Gly360Ala,p.G360A,G360A,360,0.39,0.00,0.01,1,1,1,0.12,1,0.000,None,0.000,Benign,,Unclassified,Likely_benign_Last_reviewed_Aug_28_2019
c.1079G>A,p.Gly360Glu,p.G360E,G360E,360,0.39,0.00,0.03,1,7.81,1,1.00,1,0.000,None,0.000,Model_not_applied,,Unclassified,Uncertain_significance_Last_reviewed_Nov_19_2019
c.1081G>T,p.Gly361Trp,p.G361W,G361W,361,1.54,0.04,0.02,1,1,1,1.87,1,0.002,None,0.002,Model_not_applied,,Unclassified,NA
c.1081G>C,p.Gly361Arg,p.G361R,G361R,361,0.39,0.02,0.03,1,1,1,1.87,1,0.000,None,0.000,Model_not_applied,,Unclassified,Uncertain_significance_Last_reviewed_Aug_1_2018
c.1081G>A,p.Gly361Arg,p.G361R,G361R,361,0.39,0.02,0.03,1,1,1,1.87,1,0.000,None,0.000,Model_not_applied,,Unclassified,NA
c.1082G>T,p.Gly361Val,p.G361V,G361V,361,1.21,0.02,0.02,1,1,1,1.87,1,0.001,None,0.001,Model_not_applied,,Unclassified,NA
c.1082G>C,p.Gly361Ala,p.G361A,G361A,361,0.71,0.01,0.05,1,1,1,1.87,1,0.001,None,0.001,Model_not_applied,,Unclassified,NA
c.1082G>A,p.Gly361Glu,p.G361E,G361E,361,0.34,0.00,0.08,1,1,1,1.87,1,0.000,None,0.000,Model_not_applied,,Unclassified,Uncertain_significance_Last_reviewed_Oct_9_2014
c.1084A>T,p.Ser362Cys,p.S362C,S362C,362,1.11,0.10,0.01,1,1,1,1.00,1,0.001,None,0.001,Model_not_applied,,Unclassified,Uncertain_significance_Last_reviewed_Feb_11_2019
c.1084A>G,p.Ser362Gly,p.S362G,S362G,362,2.43,0.07,0.04,1,1,1,1.87,1,0.013,None,0.013,Model_not_applied,,Unclassified,NA
c.1084A>C,p.Ser362Arg,p.S362R,S362R,362,1.11,0.10,0.01,1,1,1,1.87,1,0.003,None,0.003,Model_not_applied,,Unclassified,NA
c.1085G>T,p.Ser362Ile,p.S362I,S362I,362,1.29,0.07,0.02,1,1,1,1.00,1,0.002,None,0.002,Model_not_applied,,Unclassified,Uncertain_significance_Last_reviewed_Apr_26_2017
c.1085G>C,p.Ser362Thr,p.S362T,S362T,362,1.11,0.02,0.00,1,1,1,1.87,1,0.000,None,0.000,Model_not_applied,,Unclassified,NA
c.1085G>A,p.Ser362Asn,p.S362N,S362N,362,1.11,0.01,0.02,1,1,1,1.00,1,0.000,None,0.000,Model_not_applied,,Unclassified,Uncertain_significance_Last_reviewed_Mar_19_2017
c.1086C>G,p.Ser362Arg,p.S362R,S362R,362,1.11,0.10,0.01,1,1,1,1.87,1,0.003,None,0.003,Model_not_applied,,Unclassified,NA
c.1086C>A,p.Ser362Arg,p.S362R,S362R,362,1.11,0.10,0.01,1,1,1,1.87,1,0.003,None,0.003,Model_not_applied,,Unclassified,NA
c.1087A>T,p.Arg363Trp,p.R363W,R363W,363,2.18,0.06,0.01,1,1,1,1.87,1,0.002,None,0.002,Model_not_applied,,Unclassified,NA
c.1087A>G,p.Arg363Gly,p.R363G,R363G,363,2.32,0.03,0.02,1,1,1,1.87,1,0.003,None,0.003,Model_not_applied,,Unclassified,Uncertain_significance_Last_reviewed_Aug_5_2015
c.1088G>T,p.Arg363Met,p.R363M,R363M,363,1.28,0.07,0.01,1,1,1,1.87,1,0.002,None,0.002,Model_not_applied,,Unclassified,NA
c.1088G>C,p.Arg363Thr,p.R363T,R363T,363,0.67,0.02,0.01,1,1,1,1.87,1,0.000,None,0.000,Model_not_applied,,Unclassified,NA
c.1088G>A,p.Arg363Lys,p.R363K,R363K,363,0.67,0.00,0.16,1,1.37,1,1.87,1,0.001,None,0.001,Model_not_applied,,Unclassified,Uncertain_significance_Last_reviewed_Dec_4_2018
c.1089G>T,p.Arg363Ser,p.R363S,R363S,363,1.30,0.03,0.04,1,1,1,1.87,1,0.003,None,0.003,Model_not_applied,,Unclassified,Uncertain_significance_Last_reviewed_Jul_15_2019
c.1089G>C,p.Arg363Ser,p.R363S,R363S,363,1.30,0.03,0.04,1,1,1,1.87,1,0.003,None,0.003,Model_not_applied,,Unclassified,NA
c.1090G>T,p.Ala364Ser,p.A364S,A364S,364,0.77,0.01,0.03,1,1,1,1.87,1,0.000,None,0.000,Model_not_applied,,Unclassified,Uncertain_significance_Last_reviewed_Dec_23_2019
c.1090G>C,p.Ala364Pro,p.A364P,A364P,364,0.29,0.01,0.01,1,1,1,1.87,1,0.000,None,0.000,Model_not_applied,,Unclassified,NA
c.1090G>A,p.Ala364Thr,p.A364T,A364T,364,0.29,0.00,0.03,1,1,1,1.87,1,0.000,None,0.000,Model_not_applied,,Unclassified,NA
c.1091C>T,p.Ala364Val,p.A364V,A364V,364,0.73,0.01,0.01,1,1,1,1.87,1,0.000,None,0.000,Model_not_applied,,Unclassified,Uncertain_significance_Last_reviewed_Sep_20_2019
c.1091C>G,p.Ala364Gly,p.A364G,A364G,364,0.65,0.01,0.01,1,1,1,1.87,1,0.000,None,0.000,Model_not_applied,,Unclassified,NA
c.1091C>A,p.Ala364Asp,p.A364D,A364D,364,0.88,0.04,0.02,1,1,1,1.87,1,0.001,None,0.001,Model_not_applied,,Unclassified,NA
c.1093C>T,p.His365Tyr,p.H365Y,H365Y,365,1.15,0.38,0.04,0.04,0.39,1,1.87,1,0.001,None,0.001,Benign,,Likely_benign,Likely_benign_Last_reviewed_Aug_28_2019
c.1093C>G,p.His365Asp,p.H365D,H365D,365,0.92,0.15,0.01,1,1,1,1.87,1,0.001,None,0.001,Model_not_applied,,Unclassified,NA
c.1093C>A,p.His365Asn,p.H365N,H365N,365,0.65,0.03,0.02,1,1,1,1.87,1,0.001,None,0.001,Model_not_applied,,Unclassified,NA
c.1094A>T,p.His365Leu,p.H365L,H365L,365,1.31,0.06,0.01,1,1,1,1.87,1,0.002,None,0.002,Model_not_applied,,Unclassified,NA
c.1094A>G,p.His365Arg,p.H365R,H365R,365,0.76,0.06,0.01,1,1,1,1.87,1,0.001,None,0.001,Model_not_applied,,Unclassified,NA
c.1094A>C,p.His365Pro,p.H365P,H365P,365,1.25,0.12,0.01,1,1,1,1.87,1,0.003,None,0.003,Model_not_applied,,Unclassified,NA
c.1095C>G,p.His365Gln,p.H365Q,H365Q,365,0.65,0.02,0.02,1,1,1,1.87,1,0.000,None,0.000,Model_not_applied,,Unclassified,NA
c.1095C>A,p.His365Gln,p.H365Q,H365Q,365,0.65,0.02,0.02,1,1,1,1.87,1,0.000,None,0.000,Model_not_applied,,Unclassified,NA
c.1096T>G,p.Ser366Ala,p.S366A,S366A,366,1.82,0.32,0.01,0.02,1.00,4.49,0.50,1,0.000,None,0.000,Benign,,Likely_benign,Likely_benign_Last_reviewed_Sep_16_2019
c.1096T>C,p.Ser366Pro,p.S366P,S366P,366,1.82,0.02,0.02,1,1,1,1.87,1,0.001,None,0.001,Model_not_applied,,Unclassified,Uncertain_significance_Last_reviewed_Dec_10_2017
c.1096T>A,p.Ser366Thr,p.S366T,S366T,366,1.82,0.02,0.01,1,1,1,1.87,1,0.001,None,0.001,Model_not_applied,,Unclassified,NA
c.1097C>T,p.Ser366Phe,p.S366F,S366F,366,1.82,0.03,0.02,1,1,1,1.87,1,0.002,None,0.002,Model_not_applied,,Unclassified,NA
c.1097C>G,p.Ser366Cys,p.S366C,S366C,366,1.82,0.03,0.02,1,1,1,1.87,1,0.002,None,0.002,Model_not_applied,,Unclassified,Uncertain_significance_Last_reviewed_Jan_4_2019
c.1097C>A,p.Ser366Tyr,p.S366Y,S366Y,366,2.07,0.05,0.04,1,1,1,1.87,1,0.007,None,0.007,Model_not_applied,,Unclassified,NA
c.1100G>A,p.Ser367Asn,p.S367N,S367N,367,2.06,0.01,0.03,1,1,1,1.00,1,0.001,None,0.001,Model_not_applied,,Unclassified,NA
c.1099A>T,p.Ser367Cys,p.S367C,S367C,367,1.99,0.07,0.02,1,1,1,1.87,1,0.005,None,0.005,Model_not_applied,,Unclassified,NA
c.1099A>G,p.Ser367Gly,p.S367G,S367G,367,1.79,0.05,0.02,1,1,1,1.87,1,0.003,None,0.003,Model_not_applied,,Unclassified,Uncertain_significance_Last_reviewed_May_26_2015
c.1099A>C,p.Ser367Arg,p.S367R,S367R,367,1.79,0.09,0.04,1,1,1,1.87,1,0.012,None,0.011,Model_not_applied,,Unclassified,NA
c.1100G>T,p.Ser367Ile,p.S367I,S367I,367,2.31,0.08,0.01,1,1,1,1.87,1,0.004,Moderate,0.004,Model_not_applied,Predicted_effects_on_splicing,Unclassified,NA
c.1100G>C,p.Ser367Thr,p.S367T,S367T,367,1.79,0.03,0.01,1,1,1,1.87,1,0.001,None,0.001,Model_not_applied,,Unclassified,Uncertain_significance_Last_reviewed_Dec_19_2019
c.1101C>G,p.Ser367Arg,p.S367R,S367R,367,1.79,0.09,0.04,1,1,1,1.87,1,0.012,None,0.011,Model_not_applied,,Unclassified,NA
c.1101C>A,p.Ser367Arg,p.S367R,S367R,367,1.79,0.09,0.04,1,1,1,1.87,1,0.012,None,0.011,Model_not_applied,,Unclassified,NA
c.1102C>T,p.His368Tyr,p.H368Y,H368Y,368,2.06,0.00,0.00,1,1,1,1.87,1,0.000,None,0.000,Model_not_applied,,Unclassified,Uncertain_significance_Last_reviewed_Jun_19_2019
c.1102C>G,p.His368Asp,p.H368D,H368D,368,4.43,0.02,0.01,1,1,1,1.87,1,0.001,None,0.001,Model_not_applied,,Unclassified,NA
c.1102C>A,p.His368Asn,p.H368N,H368N,368,2.40,0.01,0.01,1,1,1,1.87,1,0.000,None,0.000,Model_not_applied,,Unclassified,Uncertain_significance_Last_reviewed_Jul_30_2019
c.1103A>T,p.His368Leu,p.H368L,H368L,368,2.78,0.02,0.01,1,1,1,1.87,1,0.002,None,0.002,Model_not_applied,,Unclassified,NA
c.1103A>G,p.His368Arg,p.H368R,H368R,368,2.06,0.01,0.04,1,1,1,1.87,1,0.001,None,0.001,Model_not_applied,,Unclassified,NA
c.1103A>C,p.His368Pro,p.H368P,H368P,368,2.06,0.02,0.01,1,1,1,1.87,1,0.001,None,0.001,Model_not_applied,,Unclassified,NA
c.1104C>G,p.His368Gln,p.H368Q,H368Q,368,2.06,0.00,0.03,1,1,1,1.87,1,0.001,None,0.001,Model_not_applied,,Unclassified,Uncertain_significance_Last_reviewed_Jun_9_2019
c.1104C>A,p.His368Gln,p.H368Q,H368Q,368,2.06,0.00,0.03,1,1,1,1.00,1,0.000,None,0.000,Model_not_applied,,Unclassified,Uncertain_significance_Last_reviewed_Sep_13_2018
c.1105C>G,p.Leu369Val,p.L369V,L369V,369,1.92,0.02,0.00,1,1,1,1.87,1,0.000,None,0.000,Model_not_applied,,Unclassified,NA
c.1105C>A,p.Leu369Met,p.L369M,L369M,369,1.92,0.03,0.01,1,1,1,1.87,1,0.001,None,0.001,Model_not_applied,,Unclassified,NA
c.1106T>G,p.Leu369Arg,p.L369R,L369R,369,2.25,0.06,0.03,1,1,1,1.87,1,0.008,None,0.008,Model_not_applied,,Unclassified,NA
c.1106T>C,p.Leu369Pro,p.L369P,L369P,369,1.92,0.02,0.03,1,1,1,1.87,1,0.003,None,0.002,Model_not_applied,,Unclassified,NA
c.1106T>A,p.Leu369Gln,p.L369Q,L369Q,369,1.92,0.06,0.01,1,1,1,1.87,1,0.002,None,0.002,Model_not_applied,,Unclassified,NA
c.1109A>G,p.Lys370Arg,p.K370R,K370R,370,1.00,0.07,0.01,1,1,1,1.87,1,0.002,None,0.002,Model_not_applied,,Unclassified,NA
c.1108A>G,p.Lys370Glu,p.K370E,K370E,370,1.00,0.63,0.03,1,1,1,1.87,1,0.034,None,0.033,Model_not_applied,,Unclassified,NA
c.1108A>C,p.Lys370Gln,p.K370Q,K370Q,370,1.00,0.12,0.03,1,1,1,1.87,1,0.007,None,0.007,Model_not_applied,,Unclassified,NA
c.1109A>T,p.Lys370Met,p.K370M,K370M,370,1.00,0.26,0.01,1,1,1,1.87,1,0.006,None,0.006,Model_not_applied,,Unclassified,NA
c.1109A>C,p.Lys370Thr,p.K370T,K370T,370,1.00,0.25,0.01,1,1,1,1.87,1,0.003,None,0.003,Model_not_applied,,Unclassified,NA
c.1110G>T,p.Lys370Asn,p.K370N,K370N,370,1.00,0.03,0.03,1,1,1,1.87,1,0.001,None,0.001,Model_not_applied,,Unclassified,NA
c.1110G>C,p.Lys370Asn,p.K370N,K370N,370,1.00,0.03,0.03,1,1,1,1.87,1,0.001,None,0.001,Model_not_applied,,Unclassified,NA
c.1111T>G,p.Ser371Ala,p.S371A,S371A,371,1.01,0.00,0.01,1,1,1,1.87,1,0.000,None,0.000,Model_not_applied,,Unclassified,NA
c.1111T>C,p.Ser371Pro,p.S371P,S371P,371,1.06,0.01,0.01,1,1,1,1.87,1,0.000,None,0.000,Model_not_applied,,Unclassified,NA
c.1111T>A,p.Ser371Thr,p.S371T,S371T,371,0.78,0.00,0.00,1,1,1,1.87,1,0.000,None,0.000,Model_not_applied,,Unclassified,NA
c.1112C>T,p.Ser371Phe,p.S371F,S371F,371,3.77,0.01,0.01,1,1,1,1.87,1,0.001,None,0.001,Model_not_applied,,Unclassified,NA
c.1112C>G,p.Ser371Cys,p.S371C,S371C,371,2.62,0.02,0.00,1,1,1,1.87,1,0.000,None,0.000,Model_not_applied,,Unclassified,NA
c.1112C>A,p.Ser371Tyr,p.S371Y,S371Y,371,3.71,0.03,0.02,1,1,1,1.87,1,0.005,None,0.005,Model_not_applied,,Unclassified,NA
c.1114A>G,p.Lys372Glu,p.K372E,K372E,372,1.93,0.10,0.03,1,1,1,1.87,1,0.011,None,0.010,Model_not_applied,,Unclassified,NA
c.1114A>C,p.Lys372Gln,p.K372Q,K372Q,372,1.19,0.11,0.02,1,1,1,1.87,1,0.006,None,0.006,Model_not_applied,,Unclassified,NA
c.1115A>T,p.Lys372Ile,p.K372I,K372I,372,5.64,0.20,0.01,1,1,1,1.87,1,0.028,None,0.027,Model_not_applied,,Unclassified,NA
c.1115A>G,p.Lys372Arg,p.K372R,K372R,372,1.19,0.05,0.04,1,1,1,1.87,1,0.004,None,0.004,Model_not_applied,,Unclassified,Uncertain_significance_Last_reviewed_Dec_9_2019
c.1115A>C,p.Lys372Thr,p.K372T,K372T,372,2.76,0.15,0.00,1,1,1,1.87,1,0.002,None,0.002,Model_not_applied,,Unclassified,Uncertain_significance_Last_reviewed_Nov_26_2016
c.1116A>T,p.Lys372Asn,p.K372N,K372N,372,1.39,0.02,0.01,1,1,1,1.87,1,0.000,None,0.000,Model_not_applied,,Unclassified,NA
c.1116A>C,p.Lys372Asn,p.K372N,K372N,372,1.39,0.02,0.01,1,1,1,1.87,1,0.000,None,0.000,Model_not_applied,,Unclassified,NA
c.1117A>G,p.Lys373Glu,p.K373E,K373E,373,1.27,0.12,0.06,1,1,1,1.87,1,0.019,None,0.018,Model_not_applied,,Unclassified,NA
c.1117A>C,p.Lys373Gln,p.K373Q,K373Q,373,1.27,0.08,0.00,1,1,1,1.87,1,0.001,None,0.001,Model_not_applied,,Unclassified,NA
c.1118A>T,p.Lys373Met,p.K373M,K373M,373,5.78,0.13,0.01,1,1,1,1.87,1,0.008,None,0.008,Model_not_applied,,Unclassified,NA
c.1118A>G,p.Lys373Arg,p.K373R,K373R,373,1.27,0.03,0.03,1,1,1,1.87,1,0.002,None,0.002,Model_not_applied,,Unclassified,Uncertain_significance_Last_reviewed_May_20_2019
c.1118A>C,p.Lys373Thr,p.K373T,K373T,373,2.94,0.10,0.00,1,1,1,1.87,1,0.002,None,0.002,Model_not_applied,,Unclassified,NA
c.1119G>T,p.Lys373Asn,p.K373N,K373N,373,1.27,0.03,0.03,1,1,1,1.87,1,0.002,None,0.002,Model_not_applied,,Unclassified,Uncertain_significance_Last_reviewed_Dec_10_2019
c.1119G>C,p.Lys373Asn,p.K373N,K373N,373,1.27,0.03,0.03,1,1,1,1.87,1,0.002,None,0.002,Model_not_applied,,Unclassified,NA
c.1120G>T,p.Gly374Cys,p.G374C,G374C,374,4.94,0.19,0.03,1,1,1,1.00,1,0.028,None,0.028,Model_not_applied,,Unclassified,Uncertain_significance_Last_reviewed_Nov_6_2018
c.1120G>C,p.Gly374Arg,p.G374R,G374R,374,1.34,0.05,0.01,1,1,1,1.00,0.66,0.000,None,0.000,Benign,,Unclassified,Likely_benign_Last_reviewed_Aug_28_2019
c.1120G>A,p.Gly374Ser,p.G374S,G374S,374,1.34,0.10,0.07,1,1,1,1.87,1,0.017,None,0.016,Model_not_applied,,Unclassified,Conflicting_interpretations_of_pathogenicity_Last_reviewed_Oct_7_2016
c.1121G>T,p.Gly374Val,p.G374V,G374V,374,4.49,0.12,0.02,1,1,1,1.87,1,0.018,None,0.018,Model_not_applied,,Unclassified,NA
c.1121G>C,p.Gly374Ala,p.G374A,G374A,374,2.08,0.04,0.00,1,1,1,1.87,1,0.000,None,0.000,Model_not_applied,,Unclassified,NA
c.1121G>A,p.Gly374Asp,p.G374D,G374D,374,1.90,0.07,0.04,1,1,1,1.87,1,0.009,None,0.009,Model_not_applied,,Unclassified,NA
c.1123C>G,p.Gln375Glu,p.Q375E,Q375E,375,0.44,0.02,0.05,1,1,1,1.87,1,0.001,None,0.001,Model_not_applied,,Unclassified,NA
c.1123C>A,p.Gln375Lys,p.Q375K,Q375K,375,0.57,0.02,0.02,1,1,1,1.87,1,0.000,None,0.000,Model_not_applied,,Unclassified,NA
c.1124A>T,p.Gln375Leu,p.Q375L,Q375L,375,0.44,0.04,0.01,1,1,1,1.87,1,0.000,None,0.000,Model_not_applied,,Unclassified,NA
c.1124A>G,p.Gln375Arg,p.Q375R,Q375R,375,0.66,0.02,0.03,1,1,1,1.87,1,0.001,None,0.001,Model_not_applied,,Unclassified,NA
c.1124A>C,p.Gln375Pro,p.Q375P,Q375P,375,0.44,0.02,0.00,1,1,1,1.87,1,0.000,None,0.000,Model_not_applied,,Unclassified,NA
c.1125G>T,p.Gln375His,p.Q375H,Q375H,375,0.44,0.02,0.02,1,1,1,1.87,1,0.000,None,0.000,Model_not_applied,,Unclassified,NA
c.1125G>C,p.Gln375His,p.Q375H,Q375H,375,0.44,0.02,0.02,1,1,1,1.87,1,0.000,None,0.000,Model_not_applied,,Unclassified,NA
c.1126T>G,p.Ser376Ala,p.S376A,S376A,376,1.43,0.03,0.01,1,1,1,1.87,1,0.001,None,0.001,Model_not_applied,,Unclassified,NA
c.1126T>C,p.Ser376Pro,p.S376P,S376P,376,0.75,0.02,0.02,1,1,1,1.87,1,0.001,None,0.001,Model_not_applied,,Unclassified,NA
c.1126T>A,p.Ser376Thr,p.S376T,S376T,376,0.75,0.03,0.01,1,1,1,1.87,1,0.000,None,0.000,Model_not_applied,,Unclassified,NA
c.1127C>T,p.Ser376Phe,p.S376F,S376F,376,1.58,0.09,0.03,1,1,1,1.87,1,0.008,None,0.008,Model_not_applied,,Unclassified,Uncertain_significance_Last_reviewed_Aug_30_2018
c.1127C>G,p.Ser376Cys,p.S376C,S376C,376,0.75,0.04,0.01,1,1,1,1.87,1,0.001,None,0.001,Model_not_applied,,Unclassified,NA
c.1127C>A,p.Ser376Tyr,p.S376Y,S376Y,376,1.32,0.10,0.01,1,1,1,1.87,1,0.003,None,0.003,Model_not_applied,,Unclassified,NA
c.1129A>T,p.Thr377Ser,p.T377S,T377S,377,1.23,0.03,0.02,1,1,1,1.00,1,0.001,None,0.001,Model_not_applied,,Unclassified,NA
c.1129A>G,p.Thr377Ala,p.T377A,T377A,377,0.37,0.02,0.03,1,1,1,1.87,1,0.000,None,0.000,Model_not_applied,,Unclassified,Uncertain_significance_Last_reviewed_Mar_26_2018
c.1129A>C,p.Thr377Pro,p.T377P,T377P,377,0.37,0.02,0.01,1,1,1,0.15,1,0.000,None,0.000,Benign,,Unclassified,Uncertain_significance_Last_reviewed_Mar_6_2018
c.1130C>T,p.Thr377Ile,p.T377I,T377I,377,1.55,0.06,0.02,1,1,1,1.87,1,0.003,None,0.003,Model_not_applied,,Unclassified,Uncertain_significance_Last_reviewed_Oct_31_2018
c.1130C>G,p.Thr377Ser,p.T377S,T377S,377,1.23,0.03,0.02,1,1,1,1.87,1,0.002,None,0.002,Model_not_applied,,Unclassified,NA
c.1130C>A,p.Thr377Asn,p.T377N,T377N,377,1.50,0.03,0.09,1,1,1,1.87,1,0.007,None,0.007,Model_not_applied,,Unclassified,NA
c.1132T>G,p.Ser378Ala,p.S378A,S378A,378,1.26,0.03,0.00,1,1,1,1.87,1,0.000,None,0.000,Model_not_applied,,Unclassified,NA
c.1132T>C,p.Ser378Pro,p.S378P,S378P,378,0.66,0.03,0.01,1,1,1,1.87,1,0.000,None,0.000,Model_not_applied,,Unclassified,NA
c.1132T>A,p.Ser378Thr,p.S378T,S378T,378,0.66,0.05,0.01,1,1,1,1.87,1,0.001,None,0.001,Model_not_applied,,Unclassified,NA
c.1133C>T,p.Ser378Phe,p.S378F,S378F,378,1.39,0.11,0.02,1,1,1,1.87,1,0.006,None,0.006,Model_not_applied,,Unclassified,NA
c.1133C>G,p.Ser378Cys,p.S378C,S378C,378,0.66,0.11,0.02,1,1,1,1.87,1,0.003,None,0.003,Model_not_applied,,Unclassified,Uncertain_significance_Last_reviewed_Aug_10_2016
c.1133C>A,p.Ser378Tyr,p.S378Y,S378Y,378,1.16,0.10,0.02,1,1,1,1.87,1,0.004,None,0.004,Model_not_applied,,Unclassified,NA
c.1135C>T,p.Arg379Cys,p.R379C,R379C,379,0.59,0.02,0.02,1,1,1,1.00,1,0.000,None,0.000,Model_not_applied,,Unclassified,Uncertain_significance_Last_reviewed_Mar_24_2020
c.1135C>G,p.Arg379Gly,p.R379G,R379G,379,2.05,0.07,0.01,1,1,1,1.87,1,0.001,None,0.001,Model_not_applied,,Unclassified,NA
c.1135C>A,p.Arg379Ser,p.R379S,R379S,379,1.14,0.02,0.01,1,1,1,1.00,1,0.000,None,0.000,Model_not_applied,,Unclassified,Uncertain_significance_Last_reviewed_Nov_12_2019
c.1136G>T,p.Arg379Leu,p.R379L,R379L,379,1.18,0.04,0.02,1,0.73,1,1.87,1,0.001,None,0.001,Model_not_applied,,Unclassified,Uncertain_significance_Last_reviewed_Nov_6_2019
c.1136G>C,p.Arg379Pro,p.R379P,R379P,379,1.13,0.07,0.01,1,1,1,1.87,1,0.001,None,0.001,Model_not_applied,,Unclassified,NA
c.1136G>A,p.Arg379His,p.R379H,R379H,379,0.59,0.04,0.02,0.18,1,1,1.00,1,0.000,None,0.000,Benign,,Likely_benign,Uncertain_significance_Last_reviewed_Sep_8_2019
c.1138C>T,p.His380Tyr,p.H380Y,H380Y,380,1.05,0.16,0.01,1,1,1,1.87,1,0.004,None,0.004,Model_not_applied,,Unclassified,NA
c.1138C>G,p.His380Asp,p.H380D,H380D,380,1.14,0.52,0.01,1,1,1,1.87,1,0.007,None,0.007,Model_not_applied,,Unclassified,NA
c.1138C>A,p.His380Asn,p.H380N,H380N,380,0.90,0.06,0.01,1,1,1,1.87,1,0.001,None,0.001,Model_not_applied,,Unclassified,NA
c.1139A>T,p.His380Leu,p.H380L,H380L,380,1.35,0.12,0.01,1,1,1,1.87,1,0.004,None,0.004,Model_not_applied,,Unclassified,NA
c.1139A>G,p.His380Arg,p.H380R,H380R,380,0.30,0.06,0.02,1,1,1,1.87,1,0.001,None,0.001,Model_not_applied,,Unclassified,NA
c.1139A>C,p.His380Pro,p.H380P,H380P,380,0.54,0.35,0.01,1,1,1,1.87,1,0.004,None,0.004,Model_not_applied,,Unclassified,NA
c.1140T>G,p.His380Gln,p.H380Q,H380Q,380,0.41,0.07,0.01,1,1,1,1.87,1,0.000,None,0.000,Model_not_applied,,Unclassified,NA
c.1140T>A,p.His380Gln,p.H380Q,H380Q,380,0.41,0.07,0.01,1,1,1,1.87,1,0.000,None,0.000,Model_not_applied,,Unclassified,NA
c.1141A>G,p.Lys381Glu,p.K381E,K381E,381,3.01,0.22,0.01,1,1,1,1.87,1,0.009,None,0.009,Model_not_applied,,Unclassified,Uncertain_significance_Last_reviewed_Oct_11_2019
c.1141A>C,p.Lys381Gln,p.K381Q,K381Q,381,2.86,0.18,0.02,1,1,1,1.87,1,0.016,None,0.015,Model_not_applied,,Unclassified,NA
c.1142A>T,p.Lys381Ile,p.K381I,K381I,381,3.94,0.20,0.01,1,1,1,1.87,1,0.011,None,0.011,Model_not_applied,,Unclassified,NA
c.1142A>G,p.Lys381Arg,p.K381R,K381R,381,1.69,0.02,0.01,1,1,1,1.87,1,0.001,None,0.001,Model_not_applied,,Unclassified,NA
c.1142A>C,p.Lys381Thr,p.K381T,K381T,381,3.71,0.17,0.01,1,1,1,1.87,1,0.008,None,0.007,Model_not_applied,,Unclassified,NA
c.1143A>T,p.Lys381Asn,p.K381N,K381N,381,3.95,0.04,0.01,1,1,1,1.87,1,0.004,None,0.004,Model_not_applied,,Unclassified,NA
c.1143A>C,p.Lys381Asn,p.K381N,K381N,381,3.95,0.04,0.01,1,1,1,1.87,1,0.004,None,0.004,Model_not_applied,,Unclassified,NA
c.1144A>G,p.Lys382Glu,p.K382E,K382E,382,1.61,0.17,0.04,1,1,1,1.87,1,0.021,None,0.021,Model_not_applied,,Unclassified,NA
c.1144A>C,p.Lys382Gln,p.K382Q,K382Q,382,1.45,0.14,0.00,1,1,1,1.87,1,0.002,None,0.002,Model_not_applied,,Unclassified,NA
c.1145A>T,p.Lys382Ile,p.K382I,K382I,382,2.56,0.15,0.01,1,1,1,1.87,1,0.004,None,0.004,Model_not_applied,,Unclassified,NA
c.1145A>G,p.Lys382Arg,p.K382R,K382R,382,0.53,0.01,0.01,1,1,1,1.87,1,0.000,None,0.000,Model_not_applied,,Unclassified,NA
c.1145A>C,p.Lys382Thr,p.K382T,K382T,382,2.21,0.12,0.02,1,1,1,1.87,1,0.009,None,0.009,Model_not_applied,,Unclassified,Uncertain_significance_Last_reviewed_Dec_31_2019
c.1146A>T,p.Lys382Asn,p.K382N,K382N,382,2.45,0.02,0.01,1,1,1,1.87,1,0.001,None,0.001,Model_not_applied,,Unclassified,NA
c.1146A>C,p.Lys382Asn,p.K382N,K382N,382,2.45,0.02,0.01,1,1,1,1.87,1,0.001,None,0.001,Model_not_applied,,Unclassified,NA
c.1147C>T,p.Leu383Phe,p.L383F,L383F,383,0.30,0.00,0.04,1,1,1,1.87,1,0.000,None,0.000,Model_not_applied,,Unclassified,Conflicting_interpretations_of_pathogenicity_Last_reviewed_Sep_20_2018
c.1147C>G,p.Leu383Val,p.L383V,L383V,383,0.30,0.00,0.00,1,1,1,1.87,1,0.000,None,0.000,Model_not_applied,,Unclassified,NA
c.1147C>A,p.Leu383Ile,p.L383I,L383I,383,0.30,0.00,0.01,1,1,1,1.87,1,0.000,None,0.000,Model_not_applied,,Unclassified,NA
c.1148T>G,p.Leu383Arg,p.L383R,L383R,383,0.69,0.02,0.01,1,1,1,1.87,1,0.000,None,0.000,Model_not_applied,,Unclassified,NA
c.1148T>C,p.Leu383Pro,p.L383P,L383P,383,0.30,0.00,0.02,1,1,1,1.87,1,0.000,None,0.000,Model_not_applied,,Unclassified,NA
c.1148T>A,p.Leu383His,p.L383H,L383H,383,0.67,0.02,0.01,1,1,1,1.87,1,0.000,None,0.000,Model_not_applied,,Unclassified,NA
c.1150A>T,p.Met384Leu,p.M384L,M384L,384,0.29,0.01,0.00,1,1,1,1.87,1,0.000,None,0.000,Model_not_applied,,Unclassified,NA
c.1150A>G,p.Met384Val,p.M384V,M384V,384,0.54,0.04,0.02,1,1,1,1.87,1,0.001,None,0.001,Model_not_applied,,Unclassified,Uncertain_significance_Last_reviewed_Dec_8_2019
c.1150A>C,p.Met384Leu,p.M384L,M384L,384,0.29,0.01,0.00,1,1,1,1.87,1,0.000,None,0.000,Model_not_applied,,Unclassified,NA
c.1151T>G,p.Met384Arg,p.M384R,M384R,384,0.29,0.08,0.01,1,1,1,1.87,1,0.000,None,0.000,Model_not_applied,,Unclassified,Uncertain_significance_Last_reviewed_Jan_23_2017
c.1151T>C,p.Met384Thr,p.M384T,M384T,384,0.90,0.02,0.03,1,1,1,1.00,1,0.001,None,0.001,Model_not_applied,,Unclassified,Uncertain_significance_Last_reviewed_Nov_20_2019
c.1151T>A,p.Met384Lys,p.M384K,M384K,384,0.44,0.07,0.01,1,1,1,1.87,1,0.001,None,0.001,Model_not_applied,,Unclassified,NA
c.1152G>T,p.Met384Ile,p.M384I,M384I,384,0.29,0.02,0.02,1,1,1,1.87,1,0.000,None,0.000,Model_not_applied,,Unclassified,NA
c.1152G>C,p.Met384Ile,p.M384I,M384I,384,0.29,0.02,0.02,1,1,1,1.87,1,0.000,None,0.000,Model_not_applied,,Unclassified,NA
c.1152G>A,p.Met384Ile,p.M384I,M384I,384,0.29,0.02,0.02,1,1,1,1.87,1,0.000,None,0.000,Model_not_applied,,Unclassified,Uncertain_significance_Last_reviewed_Jan_2_2019
c.1153T>G,p.Phe385Val,p.F385V,F385V,385,0.39,0.00,0.01,1,1,1,1.87,1,0.000,None,0.000,Model_not_applied,,Unclassified,NA
c.1153T>C,p.Phe385Leu,p.F385L,F385L,385,0.39,0.00,0.04,1,1.37,1,1.87,1,0.000,None,0.000,Model_not_applied,,Unclassified,Uncertain_significance_Last_reviewed_Feb_12_2016
c.1153T>A,p.Phe385Ile,p.F385I,F385I,385,0.39,0.00,0.01,1,1,1,1.87,1,0.000,None,0.000,Model_not_applied,,Unclassified,NA
c.1154T>G,p.Phe385Cys,p.F385C,F385C,385,0.44,0.03,0.01,1,1,1,1.87,1,0.000,None,0.000,Model_not_applied,,Unclassified,NA
c.1154T>C,p.Phe385Ser,p.F385S,F385S,385,1.71,0.03,0.03,1,1,1,1.87,1,0.003,None,0.003,Model_not_applied,,Unclassified,NA
c.1154T>A,p.Phe385Tyr,p.F385Y,F385Y,385,0.62,0.02,0.03,1,1,1,1.87,1,0.001,None,0.001,Model_not_applied,,Unclassified,NA
c.1155C>G,p.Phe385Leu,p.F385L,F385L,385,0.39,0.00,0.04,1,1,1,1.87,1,0.000,None,0.000,Model_not_applied,,Unclassified,NA
c.1155C>A,p.Phe385Leu,p.F385L,F385L,385,0.39,0.00,0.04,1,1,1,1.87,1,0.000,None,0.000,Model_not_applied,,Unclassified,NA
c.1156A>G,p.Lys386Glu,p.K386E,K386E,386,3.01,1.21,0.06,1,1,1,1.87,1,0.386,None,0.279,Model_not_applied,,Unclassified,NA
c.1156A>C,p.Lys386Gln,p.K386Q,K386Q,386,2.86,0.18,0.01,1,1,1,1.87,1,0.014,None,0.014,Model_not_applied,,Unclassified,NA
c.1157A>T,p.Lys386Met,p.K386M,K386M,386,3.95,0.32,0.06,1,1,1,1.87,1,0.138,None,0.121,Model_not_applied,,Unclassified,NA
c.1157A>G,p.Lys386Arg,p.K386R,K386R,386,1.69,0.15,0.02,1,1,1,1.87,1,0.008,None,0.008,Model_not_applied,,Unclassified,Uncertain_significance_Last_reviewed_Dec_6_2018
c.1157A>C,p.Lys386Thr,p.K386T,K386T,386,3.71,0.30,0.02,1,1,1,1.87,1,0.034,None,0.033,Model_not_applied,,Unclassified,NA
c.1158G>T,p.Lys386Asn,p.K386N,K386N,386,3.95,0.06,0.02,1,1,1,1.87,1,0.010,None,0.010,Model_not_applied,,Unclassified,NA
c.1158G>C,p.Lys386Asn,p.K386N,K386N,386,3.95,0.06,0.02,1,1,1,1.87,1,0.010,None,0.010,Model_not_applied,,Unclassified,NA
c.1159A>T,p.Thr387Ser,p.T387S,T387S,387,0.31,0.00,0.02,1,1,1,1.87,1,0.000,None,0.000,Model_not_applied,,Unclassified,NA
c.1159A>G,p.Thr387Ala,p.T387A,T387A,387,0.62,0.01,0.02,1,1,1,1.87,1,0.000,None,0.000,Model_not_applied,,Unclassified,NA
c.1159A>C,p.Thr387Pro,p.T387P,T387P,387,0.42,0.02,0.02,1,1,1,1.87,1,0.000,None,0.000,Model_not_applied,,Unclassified,NA
c.1160C>T,p.Thr387Ile,p.T387I,T387I,387,1.19,0.00,0.01,1,1,1,1.87,1,0.000,None,0.000,Model_not_applied,,Unclassified,NA
c.1160C>G,p.Thr387Arg,p.T387R,T387R,387,0.31,0.00,0.01,1,1,1,1.00,1,0.000,None,0.000,Model_not_applied,,Unclassified,Conflicting_interpretations_of_pathogenicity_Last_reviewed_Dec_3_2019
c.1160C>A,p.Thr387Lys,p.T387K,T387K,387,0.31,0.00,0.01,1,1,1,1.87,1,0.000,None,0.000,Model_not_applied,,Unclassified,NA
c.1162G>C,p.Glu388Gln,p.E388Q,E388Q,388,0.30,0.03,0.01,1,1,1,1.87,1,0.000,None,0.000,Model_not_applied,,Unclassified,NA
c.1162G>A,p.Glu388Lys,p.E388K,E388K,388,0.76,0.12,0.03,1,1,1,1.87,1,0.004,None,0.004,Model_not_applied,,Unclassified,NA
c.1163A>T,p.Glu388Val,p.E388V,E388V,388,0.30,0.03,0.01,1,1,1,1.87,1,0.000,None,0.000,Model_not_applied,,Unclassified,NA
c.1163A>G,p.Glu388Gly,p.E388G,E388G,388,1.37,0.08,0.01,1,1,1,1.87,1,0.003,None,0.003,Model_not_applied,,Unclassified,NA
c.1163A>C,p.Glu388Ala,p.E388A,E388A,388,1.03,0.06,0.00,1,0.39,1,1.00,1,0.000,None,0.000,Benign,,Unclassified,Likely_benign_Last_reviewed_Aug_11_2020
c.1164A>T,p.Glu388Asp,p.E388D,E388D,388,0.90,0.02,0.01,1,1,1,1.87,1,0.000,None,0.000,Model_not_applied,,Unclassified,NA
c.1164A>C,p.Glu388Asp,p.E388D,E388D,388,0.90,0.02,0.01,1,1,1,1.87,1,0.000,None,0.000,Model_not_applied,,Unclassified,NA
c.1165G>T,p.Gly389Trp,p.G389W,G389W,389,1.62,0.11,0.02,1,1,1,1.87,1,0.007,None,0.007,Model_not_applied,,Unclassified,Uncertain_significance_Last_reviewed_Jul_24_2014
c.1165G>C,p.Gly389Arg,p.G389R,G389R,389,0.95,0.07,0.02,1,1,1,1.87,1,0.002,None,0.002,Model_not_applied,,Unclassified,NA
c.1165G>A,p.Gly389Arg,p.G389R,G389R,389,0.95,0.07,0.02,1,1,1,1.00,1,0.001,None,0.001,Model_not_applied,,Unclassified,Uncertain_significance_Last_reviewed_May_28_2019
c.1166G>T,p.Gly389Val,p.G389V,G389V,389,0.34,0.02,0.04,1,1,1,1.87,1,0.001,None,0.001,Model_not_applied,,Unclassified,NA
c.1166G>C,p.Gly389Ala,p.G389A,G389A,389,0.34,0.02,0.00,1,1,1,1.87,1,0.000,None,0.000,Model_not_applied,,Unclassified,NA
c.1166G>A,p.Gly389Glu,p.G389E,G389E,389,0.48,0.07,0.05,1,1,1,1.87,1,0.003,None,0.003,Model_not_applied,,Unclassified,NA
c.1168C>T,p.Pro390Ser,p.P390S,P390S,390,0.29,0.02,0.07,1,1,1,1.87,1,0.001,None,0.001,Model_not_applied,,Unclassified,NA
c.1168C>G,p.Pro390Ala,p.P390A,P390A,390,0.29,0.03,0.00,1,1,1,1.87,1,0.000,None,0.000,Model_not_applied,,Unclassified,NA
c.1168C>A,p.Pro390Thr,p.P390T,P390T,390,0.34,0.05,0.01,1,1,1,1.87,1,0.000,None,0.000,Model_not_applied,,Unclassified,Uncertain_significance_Last_reviewed_Oct_17_2019
c.1169C>T,p.Pro390Leu,p.P390L,P390L,390,1.31,0.02,0.01,1,1,1,1.87,1,0.000,None,0.000,Model_not_applied,,Unclassified,NA
c.1169C>G,p.Pro390Arg,p.P390R,P390R,390,1.24,0.06,0.00,1,1,1,1.87,1,0.001,None,0.001,Model_not_applied,,Unclassified,NA
c.1169C>A,p.Pro390His,p.P390H,P390H,390,0.83,0.07,0.02,1,1,1,1.87,1,0.003,None,0.003,Model_not_applied,,Unclassified,NA
c.1171G>T,p.Asp391Tyr,p.D391Y,D391Y,391,2.06,1.74,0.02,1,1,1,1.87,1,0.107,None,0.097,Model_not_applied,,Unclassified,NA
c.1171G>C,p.Asp391His,p.D391H,D391H,391,3.79,0.58,0.01,1,1,1,1.87,1,0.042,None,0.040,Model_not_applied,,Unclassified,NA
c.1171G>A,p.Asp391Asn,p.D391N,D391N,391,1.57,0.02,0.02,1,1,1,1.87,1,0.001,None,0.001,Model_not_applied,,Unclassified,NA
c.1172A>T,p.Asp391Val,p.D391V,D391V,391,2.40,1.47,0.00,1,1,1,1.87,1,0.023,None,0.022,Model_not_applied,,Unclassified,NA
c.1172A>G,p.Asp391Gly,p.D391G,D391G,391,3.95,0.51,0.02,1,1,1,1.87,1,0.072,None,0.067,Model_not_applied,,Unclassified,NA
c.1172A>C,p.Asp391Ala,p.D391A,D391A,391,3.46,0.32,0.01,1,1,1,1.87,1,0.017,None,0.017,Model_not_applied,,Unclassified,NA
c.1173C>G,p.Asp391Glu,p.D391E,D391E,391,2.49,0.13,0.01,1,1,1,1.87,1,0.004,None,0.004,Model_not_applied,,Unclassified,Uncertain_significance_Last_reviewed_Aug_23_2018
c.1173C>A,p.Asp391Glu,p.D391E,D391E,391,2.49,0.13,0.01,1,1,1,1.87,1,0.004,None,0.004,Model_not_applied,,Unclassified,NA
c.1174T>G,p.Ser392Ala,p.S392A,S392A,392,3.95,0.19,0.05,1,1,1,1.87,1,0.071,None,0.066,Model_not_applied,,Unclassified,NA
c.1174T>C,p.Ser392Pro,p.S392P,S392P,392,3.59,0.83,0.01,1,1,1,1.87,1,0.050,None,0.047,Model_not_applied,,Unclassified,NA
c.1174T>A,p.Ser392Thr,p.S392T,S392T,392,3.04,0.19,0.02,1,1,1,1.87,1,0.018,None,0.018,Model_not_applied,,Unclassified,NA
c.1175C>T,p.Ser392Leu,p.S392L,S392L,392,2.75,0.47,0.02,1,1,1,1.87,1,0.052,None,0.050,Model_not_applied,,Unclassified,NA
c.1178A>G,p.Asp393Gly,p.D393G,D393G,393,1.92,0.44,0.01,1,1,1,1.87,1,0.022,None,0.022,Model_not_applied,,Unclassified,NA
c.1177G>T,p.Asp393Tyr,p.D393Y,D393Y,393,1.84,0.66,0.02,1,1,1,1.00,1,0.026,None,0.026,Model_not_applied,,Unclassified,NA
c.1177G>C,p.Asp393His,p.D393H,D393H,393,1.20,0.26,0.01,1,1,1,1.87,1,0.004,None,0.004,Model_not_applied,,Unclassified,Uncertain_significance_Last_reviewed_Sep_30_2018
c.1177G>A,p.Asp393Asn,p.D393N,D393N,393,0.60,0.04,0.03,1,1,1,1.87,1,0.001,None,0.001,Model_not_applied,,Unclassified,Uncertain_significance_Last_reviewed_Mar_6_2019
c.1178A>T,p.Asp393Val,p.D393V,D393V,393,1.86,0.89,0.00,1,1,1,1.87,1,0.015,None,0.014,Model_not_applied,,Unclassified,NA
c.1178A>C,p.Asp393Ala,p.D393A,D393A,393,2.05,0.26,0.01,1,1,1,1.87,1,0.006,None,0.006,Model_not_applied,,Unclassified,NA
c.1179C>G,p.Asp393Glu,p.D393E,D393E,393,0.42,0.08,0.03,1,1,1,1.87,1,0.002,None,0.002,Model_not_applied,,Unclassified,NA
c.1179C>A,p.Asp393Glu,p.D393E,D393E,393,0.42,0.08,0.03,1,1,1.000,1.87,1,0.002,None,0.002,Model_not_applied,,Unclassified,NA
,,,,,,,,,,,,,,,,,,,